ola_fecha,entidad,cve_inegi,municipio,tipo_pregunta,universo,partido_contexto,actor,valor_pct,muestra_n,margen_error_pct,casa_encuestadora,pagina_fuente,estatus_dato,nota
2026-08-12,Jalisco,14039,Guadalajara,INTENCION_PARTIDO,Total de entrevistados,,MORENA,32.7,600,4.3,Massive Caller,2,LITERAL,
2026-08-12,Jalisco,14039,Guadalajara,INTENCION_PARTIDO,Total de entrevistados,,MC,22.1,600,4.3,Massive Caller,2,LITERAL,
2026-08-12,Jalisco,14039,Guadalajara,INTENCION_PARTIDO,Total de entrevistados,,PAN,12.9,600,4.3,Massive Caller,2,LITERAL,
2026-08-12,Jalisco,14039,Guadalajara,INTENCION_PARTIDO,Total de entrevistados,,PRI,10.6,600,4.3,Massive Caller,2,LITERAL,
2026-08-12,Jalisco,14039,Guadalajara,INTENCION_PARTIDO,Total de entrevistados,,PT,3.6,600,4.3,Massive Caller,2,LITERAL,
2026-08-12,Jalisco,14039,Guadalajara,INTENCION_PARTIDO,Total de entrevistados,,PVEM,1.7,600,4.3,Massive Caller,2,LITERAL,
2026-08-12,Jalisco,14039,Guadalajara,INTENCION_PARTIDO,Total de entrevistados,,AÚN NO DECIDE,16.4,600,4.3,Massive Caller,2,LITERAL,
2026-08-12,Jalisco,14039,Guadalajara,PRECANDIDATO,Condicional: declarantes del partido,PAN,MIGUEL ÁNGEL MONRAZ IBARRA,21.4,600,4.3,Massive Caller,4,LITERAL,
2026-08-12,Jalisco,14039,Guadalajara,PRECANDIDATO,Condicional: declarantes del partido,PAN,DIANA ARACELI GONZÁLEZ MARTÍNEZ,16.1,600,4.3,Massive Caller,4,LITERAL,
2026-08-12,Jalisco,14039,Guadalajara,PRECANDIDATO,Condicional: declarantes del partido,PAN,JOSÉ MIGUEL MENDOZA LARA,14.9,600,4.3,Massive Caller,4,LITERAL,
2026-08-12,Jalisco,14039,Guadalajara,PRECANDIDATO,Condicional: declarantes del partido,PAN,PAOLA ESPINOSA SÁNCHEZ,7.1,600,4.3,Massive Caller,4,LITERAL,
2026-08-12,Jalisco,14039,Guadalajara,PRECANDIDATO,Condicional: declarantes del partido,PAN,CÉSAR MADRIGAL DÍAZ,3.6,600,4.3,Massive Caller,4,LITERAL,
2026-08-12,Jalisco,14039,Guadalajara,PRECANDIDATO,Condicional: declarantes del partido,PAN,OTRO,20.2,600,4.3,Massive Caller,4,LITERAL,
2026-08-12,Jalisco,14039,Guadalajara,PRECANDIDATO,Condicional: declarantes del partido,PAN,AÚN NO DECIDE,16.7,600,4.3,Massive Caller,4,LITERAL,
2026-08-12,Jalisco,14039,Guadalajara,PRECANDIDATO,Condicional: declarantes del partido,PRI,LAURA HARO RAMÍREZ,31.5,600,4.3,Massive Caller,6,LITERAL,
2026-08-12,Jalisco,14039,Guadalajara,PRECANDIDATO,Condicional: declarantes del partido,PRI,HORTENSIA NOROÑA QUEZADA,13.7,600,4.3,Massive Caller,6,LITERAL,
2026-08-12,Jalisco,14039,Guadalajara,PRECANDIDATO,Condicional: declarantes del partido,PRI,VERÓNICA FLORES PÉREZ,10.7,600,4.3,Massive Caller,6,LITERAL,
2026-08-12,Jalisco,14039,Guadalajara,PRECANDIDATO,Condicional: declarantes del partido,PRI,OTRO,26.8,600,4.3,Massive Caller,6,LITERAL,
2026-08-12,Jalisco,14039,Guadalajara,PRECANDIDATO,Condicional: declarantes del partido,PRI,AÚN NO DECIDE,17.3,600,4.3,Massive Caller,6,LITERAL,
2026-08-12,Jalisco,14039,Guadalajara,PRECANDIDATO,Condicional: declarantes del partido,MORENA,CARLOS LOMELÍ BOLAÑOS,35.8,600,4.3,Massive Caller,8,LITERAL,
2026-08-12,Jalisco,14039,Guadalajara,PRECANDIDATO,Condicional: declarantes del partido,MORENA,CHEMA MARTÍNEZ,16.2,600,4.3,Massive Caller,8,LITERAL,
2026-08-12,Jalisco,14039,Guadalajara,PRECANDIDATO,Condicional: declarantes del partido,MORENA,ITZUL BARRERA RODRÍGUEZ,14.2,600,4.3,Massive Caller,8,LITERAL,
2026-08-12,Jalisco,14039,Guadalajara,PRECANDIDATO,Condicional: declarantes del partido,MORENA,CARLOS PALACIOS RODRÍGUEZ,10.8,600,4.3,Massive Caller,8,LITERAL,
2026-08-12,Jalisco,14039,Guadalajara,PRECANDIDATO,Condicional: declarantes del partido,MORENA,MERY GÓMEZ POZOS,7.4,600,4.3,Massive Caller,8,LITERAL,
2026-08-12,Jalisco,14039,Guadalajara,PRECANDIDATO,Condicional: declarantes del partido,MORENA,MARIANA FERNÁNDEZ RAMÍREZ,5.4,600,4.3,Massive Caller,8,LITERAL,
2026-08-12,Jalisco,14039,Guadalajara,PRECANDIDATO,Condicional: declarantes del partido,MORENA,OTRO,3.4,600,4.3,Massive Caller,8,LITERAL,
2026-08-12,Jalisco,14039,Guadalajara,PRECANDIDATO,Condicional: declarantes del partido,MORENA,AÚN NO DECIDE,6.8,600,4.3,Massive Caller,8,LITERAL,
2026-08-12,Jalisco,14039,Guadalajara,PRECANDIDATO,Condicional: declarantes del partido,MC,VERÓNICA DELGADILLO GARCÍA,39.6,600,4.3,Massive Caller,10,LITERAL,
2026-08-12,Jalisco,14039,Guadalajara,PRECANDIDATO,Condicional: declarantes del partido,MC,CLEMENTE CASTAÑEDA HOEFLICH,21.7,600,4.3,Massive Caller,10,LITERAL,
2026-08-12,Jalisco,14039,Guadalajara,PRECANDIDATO,Condicional: declarantes del partido,MC,MANUEL ROMO PARRA,2.8,600,4.3,Massive Caller,10,LITERAL,
2026-08-12,Jalisco,14039,Guadalajara,PRECANDIDATO,Condicional: declarantes del partido,MC,OTRO,17.1,600,4.3,Massive Caller,10,LITERAL,
2026-08-12,Jalisco,14039,Guadalajara,PRECANDIDATO,Condicional: declarantes del partido,MC,AÚN NO DECIDE,18.8,600,4.3,Massive Caller,10,LITERAL,
2026-08-12,Jalisco,14039,Guadalajara,REELECCION,Total de entrevistados,MC,SÍ,40.2,600,4.3,Massive Caller,12,LITERAL,
2026-08-12,Jalisco,14039,Guadalajara,REELECCION,Total de entrevistados,MC,NO,59.8,600,4.3,Massive Caller,12,LITERAL,
2026-08-12,Jalisco,14120,Zapopan,INTENCION_PARTIDO,Total de entrevistados,,MORENA,29.7,600,4.3,Massive Caller,72,LITERAL,
2026-08-12,Jalisco,14120,Zapopan,INTENCION_PARTIDO,Total de entrevistados,,MC,26.3,600,4.3,Massive Caller,72,LITERAL,
2026-08-12,Jalisco,14120,Zapopan,INTENCION_PARTIDO,Total de entrevistados,,PAN,17.2,600,4.3,Massive Caller,72,LITERAL,
2026-08-12,Jalisco,14120,Zapopan,INTENCION_PARTIDO,Total de entrevistados,,PRI,11.6,600,4.3,Massive Caller,72,LITERAL,
2026-08-12,Jalisco,14120,Zapopan,INTENCION_PARTIDO,Total de entrevistados,,PT,2.8,600,4.3,Massive Caller,72,LITERAL,
2026-08-12,Jalisco,14120,Zapopan,INTENCION_PARTIDO,Total de entrevistados,,PVEM,1.9,600,4.3,Massive Caller,72,LITERAL,
2026-08-12,Jalisco,14120,Zapopan,INTENCION_PARTIDO,Total de entrevistados,,AÚN NO DECIDE,10.5,600,4.3,Massive Caller,72,LITERAL,
2026-08-12,Jalisco,14120,Zapopan,PRECANDIDATO,Condicional: declarantes del partido,PAN,OMAR BORBOA,20.8,600,4.3,Massive Caller,74,LITERAL,
2026-08-12,Jalisco,14120,Zapopan,PRECANDIDATO,Condicional: declarantes del partido,PAN,JERÓNIMO DÍAZ OROZCO,16.7,600,4.3,Massive Caller,74,LITERAL,
2026-08-12,Jalisco,14120,Zapopan,PRECANDIDATO,Condicional: declarantes del partido,PAN,OTRO,27.4,600,4.3,Massive Caller,74,LITERAL,
2026-08-12,Jalisco,14120,Zapopan,PRECANDIDATO,Condicional: declarantes del partido,PAN,AÚN NO DECIDE,35.1,600,4.3,Massive Caller,74,LITERAL,
2026-08-12,Jalisco,14120,Zapopan,PRECANDIDATO,Condicional: declarantes del partido,PRI,ALONDRA GETSEMANY FAUSTO DE LEÓN,26.2,600,4.3,Massive Caller,76,LITERAL,
2026-08-12,Jalisco,14120,Zapopan,PRECANDIDATO,Condicional: declarantes del partido,PRI,ANDREA MÁRQUEZ VILLARREAL,23.8,600,4.3,Massive Caller,76,LITERAL,
2026-08-12,Jalisco,14120,Zapopan,PRECANDIDATO,Condicional: declarantes del partido,PRI,OTRO,23.2,600,4.3,Massive Caller,76,LITERAL,
2026-08-12,Jalisco,14120,Zapopan,PRECANDIDATO,Condicional: declarantes del partido,PRI,AÚN NO DECIDE,26.8,600,4.3,Massive Caller,76,LITERAL,
2026-08-12,Jalisco,14120,Zapopan,PRECANDIDATO,Condicional: declarantes del partido,MORENA,PEDRO KUMAMOTO,38.2,600,4.3,Massive Caller,78,LITERAL,
2026-08-12,Jalisco,14120,Zapopan,PRECANDIDATO,Condicional: declarantes del partido,MORENA,MAURO LOMELÍ,16.9,600,4.3,Massive Caller,78,LITERAL,
2026-08-12,Jalisco,14120,Zapopan,PRECANDIDATO,Condicional: declarantes del partido,MORENA,GABRIELA FRANCO,11.8,600,4.3,Massive Caller,78,LITERAL,
2026-08-12,Jalisco,14120,Zapopan,PRECANDIDATO,Condicional: declarantes del partido,MORENA,KARIME MORQUECHO,3.7,600,4.3,Massive Caller,78,LITERAL,
2026-08-12,Jalisco,14120,Zapopan,PRECANDIDATO,Condicional: declarantes del partido,MORENA,MARÍA REYNOSO,2.9,600,4.3,Massive Caller,78,LITERAL,
2026-08-12,Jalisco,14120,Zapopan,PRECANDIDATO,Condicional: declarantes del partido,MORENA,OTRO,10.3,600,4.3,Massive Caller,78,LITERAL,
2026-08-12,Jalisco,14120,Zapopan,PRECANDIDATO,Condicional: declarantes del partido,MORENA,AÚN NO DECIDE,16.2,600,4.3,Massive Caller,78,LITERAL,
2026-08-12,Jalisco,14120,Zapopan,PRECANDIDATO,Condicional: declarantes del partido,MC,GABRIELA CÁRDENAS RODRÍGUEZ,24.6,600,4.3,Massive Caller,80,LITERAL,
2026-08-12,Jalisco,14120,Zapopan,PRECANDIDATO,Condicional: declarantes del partido,MC,MÓNICA MAGAÑA,18.6,600,4.3,Massive Caller,80,LITERAL,
2026-08-12,Jalisco,14120,Zapopan,PRECANDIDATO,Condicional: declarantes del partido,MC,ÓSCAR JAVIER RAMÍREZ CASTELLANOS,10.2,600,4.3,Massive Caller,80,LITERAL,
2026-08-12,Jalisco,14120,Zapopan,PRECANDIDATO,Condicional: declarantes del partido,MC,MIRZA FLORES GÓMEZ,8.5,600,4.3,Massive Caller,80,LITERAL,
2026-08-12,Jalisco,14120,Zapopan,PRECANDIDATO,Condicional: declarantes del partido,MC,OTRO,17.8,600,4.3,Massive Caller,80,LITERAL,
2026-08-12,Jalisco,14120,Zapopan,PRECANDIDATO,Condicional: declarantes del partido,MC,AÚN NO DECIDE,20.3,600,4.3,Massive Caller,80,LITERAL,
2025-08-12,Jalisco,14039,Guadalajara,INTENCION_PARTIDO,Total de entrevistados,,MORENA,39.9,600,4.3,Massive Caller,3,PONDERADO,Serie histórica sin etiqueta numérica en la fuente
2025-09-12,Jalisco,14039,Guadalajara,INTENCION_PARTIDO,Total de entrevistados,,MORENA,42.1,600,4.3,Massive Caller,3,PONDERADO,Serie histórica sin etiqueta numérica en la fuente
2025-10-12,Jalisco,14039,Guadalajara,INTENCION_PARTIDO,Total de entrevistados,,MORENA,40.1,600,4.3,Massive Caller,3,PONDERADO,Serie histórica sin etiqueta numérica en la fuente
2025-11-12,Jalisco,14039,Guadalajara,INTENCION_PARTIDO,Total de entrevistados,,MORENA,37.7,600,4.3,Massive Caller,3,PONDERADO,Serie histórica sin etiqueta numérica en la fuente
2025-12-12,Jalisco,14039,Guadalajara,INTENCION_PARTIDO,Total de entrevistados,,MORENA,39.1,600,4.3,Massive Caller,3,PONDERADO,Serie histórica sin etiqueta numérica en la fuente
2026-01-12,Jalisco,14039,Guadalajara,INTENCION_PARTIDO,Total de entrevistados,,MORENA,40.4,600,4.3,Massive Caller,3,PONDERADO,Serie histórica sin etiqueta numérica en la fuente
2026-02-12,Jalisco,14039,Guadalajara,INTENCION_PARTIDO,Total de entrevistados,,MORENA,37.1,600,4.3,Massive Caller,3,PONDERADO,Serie histórica sin etiqueta numérica en la fuente
2026-03-12,Jalisco,14039,Guadalajara,INTENCION_PARTIDO,Total de entrevistados,,MORENA,34.5,600,4.3,Massive Caller,3,PONDERADO,Serie histórica sin etiqueta numérica en la fuente
2026-04-12,Jalisco,14039,Guadalajara,INTENCION_PARTIDO,Total de entrevistados,,MORENA,33.3,600,4.3,Massive Caller,3,PONDERADO,Serie histórica sin etiqueta numérica en la fuente
2026-05-12,Jalisco,14039,Guadalajara,INTENCION_PARTIDO,Total de entrevistados,,MORENA,35.3,600,4.3,Massive Caller,3,PONDERADO,Serie histórica sin etiqueta numérica en la fuente
2026-06-12,Jalisco,14039,Guadalajara,INTENCION_PARTIDO,Total de entrevistados,,MORENA,32.7,600,4.3,Massive Caller,3,PONDERADO,Serie histórica sin etiqueta numérica en la fuente
2026-07-12,Jalisco,14039,Guadalajara,INTENCION_PARTIDO,Total de entrevistados,,MORENA,35.0,600,4.3,Massive Caller,3,PONDERADO,Serie histórica sin etiqueta numérica en la fuente
2026-08-12,Jalisco,14039,Guadalajara,INTENCION_PARTIDO,Total de entrevistados,,MORENA,32.7,600,4.3,Massive Caller,3,LITERAL,
2025-08-12,Jalisco,14039,Guadalajara,INTENCION_PARTIDO,Total de entrevistados,,MC,16.2,600,4.3,Massive Caller,3,PONDERADO,"Marcador en borde del plano; lectura ampliada y=518.8, residual 16.1"
2025-09-12,Jalisco,14039,Guadalajara,INTENCION_PARTIDO,Total de entrevistados,,MC,18.1,600,4.3,Massive Caller,3,PONDERADO,Serie histórica sin etiqueta numérica en la fuente
2025-10-12,Jalisco,14039,Guadalajara,INTENCION_PARTIDO,Total de entrevistados,,MC,19.1,600,4.3,Massive Caller,3,PONDERADO,Serie histórica sin etiqueta numérica en la fuente
2025-11-12,Jalisco,14039,Guadalajara,INTENCION_PARTIDO,Total de entrevistados,,MC,21.4,600,4.3,Massive Caller,3,PONDERADO,Serie histórica sin etiqueta numérica en la fuente
2025-12-12,Jalisco,14039,Guadalajara,INTENCION_PARTIDO,Total de entrevistados,,MC,20.6,600,4.3,Massive Caller,3,PONDERADO,Serie histórica sin etiqueta numérica en la fuente
2026-01-12,Jalisco,14039,Guadalajara,INTENCION_PARTIDO,Total de entrevistados,,MC,19.7,600,4.3,Massive Caller,3,PONDERADO,Serie histórica sin etiqueta numérica en la fuente
2026-02-12,Jalisco,14039,Guadalajara,INTENCION_PARTIDO,Total de entrevistados,,MC,21.5,600,4.3,Massive Caller,3,PONDERADO,Serie histórica sin etiqueta numérica en la fuente
2026-03-12,Jalisco,14039,Guadalajara,INTENCION_PARTIDO,Total de entrevistados,,MC,22.6,600,4.3,Massive Caller,3,PONDERADO,Serie histórica sin etiqueta numérica en la fuente
2026-04-12,Jalisco,14039,Guadalajara,INTENCION_PARTIDO,Total de entrevistados,,MC,21.2,600,4.3,Massive Caller,3,PONDERADO,Serie histórica sin etiqueta numérica en la fuente
2026-05-12,Jalisco,14039,Guadalajara,INTENCION_PARTIDO,Total de entrevistados,,MC,20.6,600,4.3,Massive Caller,3,PONDERADO,Serie histórica sin etiqueta numérica en la fuente
2026-06-12,Jalisco,14039,Guadalajara,INTENCION_PARTIDO,Total de entrevistados,,MC,19.7,600,4.3,Massive Caller,3,PONDERADO,Serie histórica sin etiqueta numérica en la fuente
2026-07-12,Jalisco,14039,Guadalajara,INTENCION_PARTIDO,Total de entrevistados,,MC,20.8,600,4.3,Massive Caller,3,PONDERADO,Serie histórica sin etiqueta numérica en la fuente
2026-08-12,Jalisco,14039,Guadalajara,INTENCION_PARTIDO,Total de entrevistados,,MC,22.1,600,4.3,Massive Caller,3,LITERAL,
2025-08-12,Jalisco,14039,Guadalajara,INTENCION_PARTIDO,Total de entrevistados,,AÚN NO DECIDE,13.5,600,4.3,Massive Caller,3,PONDERADO,Serie histórica sin etiqueta numérica en la fuente
2025-09-12,Jalisco,14039,Guadalajara,INTENCION_PARTIDO,Total de entrevistados,,AÚN NO DECIDE,10.6,600,4.3,Massive Caller,3,PONDERADO,Serie histórica sin etiqueta numérica en la fuente
2025-10-12,Jalisco,14039,Guadalajara,INTENCION_PARTIDO,Total de entrevistados,,AÚN NO DECIDE,11.9,600,4.3,Massive Caller,3,PONDERADO,Serie histórica sin etiqueta numérica en la fuente
2025-11-12,Jalisco,14039,Guadalajara,INTENCION_PARTIDO,Total de entrevistados,,AÚN NO DECIDE,10.8,600,4.3,Massive Caller,3,PONDERADO,Serie histórica sin etiqueta numérica en la fuente
2025-12-12,Jalisco,14039,Guadalajara,INTENCION_PARTIDO,Total de entrevistados,,AÚN NO DECIDE,12.4,600,4.3,Massive Caller,3,PONDERADO,Serie histórica sin etiqueta numérica en la fuente
2026-01-12,Jalisco,14039,Guadalajara,INTENCION_PARTIDO,Total de entrevistados,,AÚN NO DECIDE,11.7,600,4.3,Massive Caller,3,PONDERADO,Serie histórica sin etiqueta numérica en la fuente
2026-02-12,Jalisco,14039,Guadalajara,INTENCION_PARTIDO,Total de entrevistados,,AÚN NO DECIDE,10.7,600,4.3,Massive Caller,3,PONDERADO,Serie histórica sin etiqueta numérica en la fuente
2026-03-12,Jalisco,14039,Guadalajara,INTENCION_PARTIDO,Total de entrevistados,,AÚN NO DECIDE,11.9,600,4.3,Massive Caller,3,PONDERADO,Serie histórica sin etiqueta numérica en la fuente
2026-04-12,Jalisco,14039,Guadalajara,INTENCION_PARTIDO,Total de entrevistados,,AÚN NO DECIDE,14.4,600,4.3,Massive Caller,3,PONDERADO,Serie histórica sin etiqueta numérica en la fuente
2026-05-12,Jalisco,14039,Guadalajara,INTENCION_PARTIDO,Total de entrevistados,,AÚN NO DECIDE,13.5,600,4.3,Massive Caller,3,PONDERADO,Serie histórica sin etiqueta numérica en la fuente
2026-06-12,Jalisco,14039,Guadalajara,INTENCION_PARTIDO,Total de entrevistados,,AÚN NO DECIDE,14.7,600,4.3,Massive Caller,3,PONDERADO,Serie histórica sin etiqueta numérica en la fuente
2026-07-12,Jalisco,14039,Guadalajara,INTENCION_PARTIDO,Total de entrevistados,,AÚN NO DECIDE,14.3,600,4.3,Massive Caller,3,PONDERADO,Serie histórica sin etiqueta numérica en la fuente
2026-08-12,Jalisco,14039,Guadalajara,INTENCION_PARTIDO,Total de entrevistados,,AÚN NO DECIDE,16.4,600,4.3,Massive Caller,3,LITERAL,
2025-08-12,Jalisco,14039,Guadalajara,INTENCION_PARTIDO,Total de entrevistados,,PAN,14.0,600,4.3,Massive Caller,3,PONDERADO,Serie histórica sin etiqueta numérica en la fuente
2025-09-12,Jalisco,14039,Guadalajara,INTENCION_PARTIDO,Total de entrevistados,,PAN,13.9,600,4.3,Massive Caller,3,PONDERADO,Serie histórica sin etiqueta numérica en la fuente
2025-10-12,Jalisco,14039,Guadalajara,INTENCION_PARTIDO,Total de entrevistados,,PAN,15.2,600,4.3,Massive Caller,3,PONDERADO,Serie histórica sin etiqueta numérica en la fuente
2025-11-12,Jalisco,14039,Guadalajara,INTENCION_PARTIDO,Total de entrevistados,,PAN,15.7,600,4.3,Massive Caller,3,PONDERADO,Serie histórica sin etiqueta numérica en la fuente
2025-12-12,Jalisco,14039,Guadalajara,INTENCION_PARTIDO,Total de entrevistados,,PAN,13.2,600,4.3,Massive Caller,3,PONDERADO,Serie histórica sin etiqueta numérica en la fuente
2026-01-12,Jalisco,14039,Guadalajara,INTENCION_PARTIDO,Total de entrevistados,,PAN,14.7,600,4.3,Massive Caller,3,PONDERADO,Serie histórica sin etiqueta numérica en la fuente
2026-02-12,Jalisco,14039,Guadalajara,INTENCION_PARTIDO,Total de entrevistados,,PAN,13.7,600,4.3,Massive Caller,3,PONDERADO,Serie histórica sin etiqueta numérica en la fuente
2026-03-12,Jalisco,14039,Guadalajara,INTENCION_PARTIDO,Total de entrevistados,,PAN,14.8,600,4.3,Massive Caller,3,PONDERADO,Serie histórica sin etiqueta numérica en la fuente
2026-04-12,Jalisco,14039,Guadalajara,INTENCION_PARTIDO,Total de entrevistados,,PAN,15.7,600,4.3,Massive Caller,3,PONDERADO,Serie histórica sin etiqueta numérica en la fuente
2026-05-12,Jalisco,14039,Guadalajara,INTENCION_PARTIDO,Total de entrevistados,,PAN,14.8,600,4.3,Massive Caller,3,PONDERADO,Serie histórica sin etiqueta numérica en la fuente
2026-06-12,Jalisco,14039,Guadalajara,INTENCION_PARTIDO,Total de entrevistados,,PAN,17.8,600,4.3,Massive Caller,3,PONDERADO,Serie histórica sin etiqueta numérica en la fuente
2026-07-12,Jalisco,14039,Guadalajara,INTENCION_PARTIDO,Total de entrevistados,,PAN,14.3,600,4.3,Massive Caller,3,PONDERADO,"Cruce exacto con AÚN NO DECIDE; lectura ampliada y=533.6, residual 14.3"
2026-08-12,Jalisco,14039,Guadalajara,INTENCION_PARTIDO,Total de entrevistados,,PAN,12.9,600,4.3,Massive Caller,3,LITERAL,
2025-08-12,Jalisco,14039,Guadalajara,INTENCION_PARTIDO,Total de entrevistados,,PRI,11.4,600,4.3,Massive Caller,3,PONDERADO,Serie histórica sin etiqueta numérica en la fuente
2025-09-12,Jalisco,14039,Guadalajara,INTENCION_PARTIDO,Total de entrevistados,,PRI,11.9,600,4.3,Massive Caller,3,PONDERADO,Serie histórica sin etiqueta numérica en la fuente
2025-10-12,Jalisco,14039,Guadalajara,INTENCION_PARTIDO,Total de entrevistados,,PRI,9.3,600,4.3,Massive Caller,3,PONDERADO,Serie histórica sin etiqueta numérica en la fuente
2025-11-12,Jalisco,14039,Guadalajara,INTENCION_PARTIDO,Total de entrevistados,,PRI,9.5,600,4.3,Massive Caller,3,PONDERADO,Serie histórica sin etiqueta numérica en la fuente
2025-12-12,Jalisco,14039,Guadalajara,INTENCION_PARTIDO,Total de entrevistados,,PRI,8.8,600,4.3,Massive Caller,3,PONDERADO,Serie histórica sin etiqueta numérica en la fuente
2026-01-12,Jalisco,14039,Guadalajara,INTENCION_PARTIDO,Total de entrevistados,,PRI,9.8,600,4.3,Massive Caller,3,PONDERADO,Serie histórica sin etiqueta numérica en la fuente
2026-02-12,Jalisco,14039,Guadalajara,INTENCION_PARTIDO,Total de entrevistados,,PRI,12.2,600,4.3,Massive Caller,3,PONDERADO,Serie histórica sin etiqueta numérica en la fuente
2026-03-12,Jalisco,14039,Guadalajara,INTENCION_PARTIDO,Total de entrevistados,,PRI,11.9,600,4.3,Massive Caller,3,PONDERADO,Marcador oculto tras la serie AÚN NO DECIDE; leído por ampliación
2026-04-12,Jalisco,14039,Guadalajara,INTENCION_PARTIDO,Total de entrevistados,,PRI,10.3,600,4.3,Massive Caller,3,PONDERADO,Serie histórica sin etiqueta numérica en la fuente
2026-05-12,Jalisco,14039,Guadalajara,INTENCION_PARTIDO,Total de entrevistados,,PRI,12.3,600,4.3,Massive Caller,3,PONDERADO,Serie histórica sin etiqueta numérica en la fuente
2026-06-12,Jalisco,14039,Guadalajara,INTENCION_PARTIDO,Total de entrevistados,,PRI,10.4,600,4.3,Massive Caller,3,PONDERADO,Serie histórica sin etiqueta numérica en la fuente
2026-07-12,Jalisco,14039,Guadalajara,INTENCION_PARTIDO,Total de entrevistados,,PRI,11.6,600,4.3,Massive Caller,3,PONDERADO,Serie histórica sin etiqueta numérica en la fuente
2026-08-12,Jalisco,14039,Guadalajara,INTENCION_PARTIDO,Total de entrevistados,,PRI,10.6,600,4.3,Massive Caller,3,LITERAL,
2025-08-12,Jalisco,14039,Guadalajara,INTENCION_PARTIDO,Total de entrevistados,,PT,2.6,600,4.3,Massive Caller,3,PONDERADO,Serie histórica sin etiqueta numérica en la fuente
2025-09-12,Jalisco,14039,Guadalajara,INTENCION_PARTIDO,Total de entrevistados,,PT,2.3,600,4.3,Massive Caller,3,PONDERADO,Serie histórica sin etiqueta numérica en la fuente
2025-10-12,Jalisco,14039,Guadalajara,INTENCION_PARTIDO,Total de entrevistados,,PT,3.0,600,4.3,Massive Caller,3,PONDERADO,Serie histórica sin etiqueta numérica en la fuente
2025-11-12,Jalisco,14039,Guadalajara,INTENCION_PARTIDO,Total de entrevistados,,PT,3.2,600,4.3,Massive Caller,3,PONDERADO,Serie histórica sin etiqueta numérica en la fuente
2025-12-12,Jalisco,14039,Guadalajara,INTENCION_PARTIDO,Total de entrevistados,,PT,2.8,600,4.3,Massive Caller,3,PONDERADO,Serie histórica sin etiqueta numérica en la fuente
2026-01-12,Jalisco,14039,Guadalajara,INTENCION_PARTIDO,Total de entrevistados,,PT,1.7,600,4.3,Massive Caller,3,PONDERADO,Serie histórica sin etiqueta numérica en la fuente
2026-02-12,Jalisco,14039,Guadalajara,INTENCION_PARTIDO,Total de entrevistados,,PT,2.9,600,4.3,Massive Caller,3,PONDERADO,Serie histórica sin etiqueta numérica en la fuente
2026-03-12,Jalisco,14039,Guadalajara,INTENCION_PARTIDO,Total de entrevistados,,PT,2.3,600,4.3,Massive Caller,3,PONDERADO,Serie histórica sin etiqueta numérica en la fuente
2026-04-12,Jalisco,14039,Guadalajara,INTENCION_PARTIDO,Total de entrevistados,,PT,3.2,600,4.3,Massive Caller,3,PONDERADO,Serie histórica sin etiqueta numérica en la fuente
2026-05-12,Jalisco,14039,Guadalajara,INTENCION_PARTIDO,Total de entrevistados,,PT,1.3,600,4.3,Massive Caller,3,PONDERADO,Serie histórica sin etiqueta numérica en la fuente
2026-06-12,Jalisco,14039,Guadalajara,INTENCION_PARTIDO,Total de entrevistados,,PT,1.6,600,4.3,Massive Caller,3,PONDERADO,Serie histórica sin etiqueta numérica en la fuente
2026-07-12,Jalisco,14039,Guadalajara,INTENCION_PARTIDO,Total de entrevistados,,PT,2.9,600,4.3,Massive Caller,3,PONDERADO,Serie histórica sin etiqueta numérica en la fuente
2026-08-12,Jalisco,14039,Guadalajara,INTENCION_PARTIDO,Total de entrevistados,,PT,3.6,600,4.3,Massive Caller,3,LITERAL,
2025-08-12,Jalisco,14039,Guadalajara,INTENCION_PARTIDO,Total de entrevistados,,PVEM,2.5,600,4.3,Massive Caller,3,PONDERADO,Marcador oculto tras PT; validado por residual 100-97.5
2025-09-12,Jalisco,14039,Guadalajara,INTENCION_PARTIDO,Total de entrevistados,,PVEM,1.0,600,4.3,Massive Caller,3,PONDERADO,Serie histórica sin etiqueta numérica en la fuente
2025-10-12,Jalisco,14039,Guadalajara,INTENCION_PARTIDO,Total de entrevistados,,PVEM,1.3,600,4.3,Massive Caller,3,PONDERADO,Serie histórica sin etiqueta numérica en la fuente
2025-11-12,Jalisco,14039,Guadalajara,INTENCION_PARTIDO,Total de entrevistados,,PVEM,1.6,600,4.3,Massive Caller,3,PONDERADO,Serie histórica sin etiqueta numérica en la fuente
2025-12-12,Jalisco,14039,Guadalajara,INTENCION_PARTIDO,Total de entrevistados,,PVEM,3.4,600,4.3,Massive Caller,3,PONDERADO,Serie histórica sin etiqueta numérica en la fuente
2026-01-12,Jalisco,14039,Guadalajara,INTENCION_PARTIDO,Total de entrevistados,,PVEM,2.3,600,4.3,Massive Caller,3,PONDERADO,Serie histórica sin etiqueta numérica en la fuente
2026-02-12,Jalisco,14039,Guadalajara,INTENCION_PARTIDO,Total de entrevistados,,PVEM,1.8,600,4.3,Massive Caller,3,PONDERADO,Serie histórica sin etiqueta numérica en la fuente
2026-03-12,Jalisco,14039,Guadalajara,INTENCION_PARTIDO,Total de entrevistados,,PVEM,2.0,600,4.3,Massive Caller,3,PONDERADO,Marcador adyacente a PT; validado por residual
2026-04-12,Jalisco,14039,Guadalajara,INTENCION_PARTIDO,Total de entrevistados,,PVEM,1.9,600,4.3,Massive Caller,3,PONDERADO,Serie histórica sin etiqueta numérica en la fuente
2026-05-12,Jalisco,14039,Guadalajara,INTENCION_PARTIDO,Total de entrevistados,,PVEM,2.3,600,4.3,Massive Caller,3,PONDERADO,Serie histórica sin etiqueta numérica en la fuente
2026-06-12,Jalisco,14039,Guadalajara,INTENCION_PARTIDO,Total de entrevistados,,PVEM,3.2,600,4.3,Massive Caller,3,PONDERADO,Serie histórica sin etiqueta numérica en la fuente
2026-07-12,Jalisco,14039,Guadalajara,INTENCION_PARTIDO,Total de entrevistados,,PVEM,1.1,600,4.3,Massive Caller,3,PONDERADO,Serie histórica sin etiqueta numérica en la fuente
2026-08-12,Jalisco,14039,Guadalajara,INTENCION_PARTIDO,Total de entrevistados,,PVEM,1.7,600,4.3,Massive Caller,3,LITERAL,
2025-09-12,Jalisco,14039,Guadalajara,PRECANDIDATO,Condicional: declarantes del partido,PAN,MIGUEL ÁNGEL MONRAZ IBARRA,32.3,600,4.3,Massive Caller,5,PONDERADO,Serie histórica sin etiqueta numérica en la fuente
2025-10-12,Jalisco,14039,Guadalajara,PRECANDIDATO,Condicional: declarantes del partido,PAN,MIGUEL ÁNGEL MONRAZ IBARRA,31.5,600,4.3,Massive Caller,5,PONDERADO,Serie histórica sin etiqueta numérica en la fuente
2025-11-12,Jalisco,14039,Guadalajara,PRECANDIDATO,Condicional: declarantes del partido,PAN,MIGUEL ÁNGEL MONRAZ IBARRA,30.6,600,4.3,Massive Caller,5,PONDERADO,Serie histórica sin etiqueta numérica en la fuente
2025-12-12,Jalisco,14039,Guadalajara,PRECANDIDATO,Condicional: declarantes del partido,PAN,MIGUEL ÁNGEL MONRAZ IBARRA,27.7,600,4.3,Massive Caller,5,PONDERADO,Serie histórica sin etiqueta numérica en la fuente
2026-01-12,Jalisco,14039,Guadalajara,PRECANDIDATO,Condicional: declarantes del partido,PAN,MIGUEL ÁNGEL MONRAZ IBARRA,29.4,600,4.3,Massive Caller,5,PONDERADO,Serie histórica sin etiqueta numérica en la fuente
2026-02-12,Jalisco,14039,Guadalajara,PRECANDIDATO,Condicional: declarantes del partido,PAN,MIGUEL ÁNGEL MONRAZ IBARRA,27.8,600,4.3,Massive Caller,5,PONDERADO,Serie histórica sin etiqueta numérica en la fuente
2026-03-12,Jalisco,14039,Guadalajara,PRECANDIDATO,Condicional: declarantes del partido,PAN,MIGUEL ÁNGEL MONRAZ IBARRA,23.9,600,4.3,Massive Caller,5,PONDERADO,Serie histórica sin etiqueta numérica en la fuente
2026-04-12,Jalisco,14039,Guadalajara,PRECANDIDATO,Condicional: declarantes del partido,PAN,MIGUEL ÁNGEL MONRAZ IBARRA,21.4,600,4.3,Massive Caller,5,PONDERADO,Serie histórica sin etiqueta numérica en la fuente
2026-05-12,Jalisco,14039,Guadalajara,PRECANDIDATO,Condicional: declarantes del partido,PAN,MIGUEL ÁNGEL MONRAZ IBARRA,19.4,600,4.3,Massive Caller,5,PONDERADO,Serie histórica sin etiqueta numérica en la fuente
2026-06-12,Jalisco,14039,Guadalajara,PRECANDIDATO,Condicional: declarantes del partido,PAN,MIGUEL ÁNGEL MONRAZ IBARRA,21.7,600,4.3,Massive Caller,5,PONDERADO,Serie histórica sin etiqueta numérica en la fuente
2026-07-12,Jalisco,14039,Guadalajara,PRECANDIDATO,Condicional: declarantes del partido,PAN,MIGUEL ÁNGEL MONRAZ IBARRA,19.1,600,4.3,Massive Caller,5,PONDERADO,Serie histórica sin etiqueta numérica en la fuente
2026-08-12,Jalisco,14039,Guadalajara,PRECANDIDATO,Condicional: declarantes del partido,PAN,MIGUEL ÁNGEL MONRAZ IBARRA,21.4,600,4.3,Massive Caller,5,LITERAL,
2025-09-12,Jalisco,14039,Guadalajara,PRECANDIDATO,Condicional: declarantes del partido,PAN,OTRO,,600,4.3,Massive Caller,5,AUSENTE,Marcador ocluido; no resuelto automáticamente
2025-10-12,Jalisco,14039,Guadalajara,PRECANDIDATO,Condicional: declarantes del partido,PAN,OTRO,,600,4.3,Massive Caller,5,AUSENTE,Marcador ocluido; no resuelto automáticamente
2025-11-12,Jalisco,14039,Guadalajara,PRECANDIDATO,Condicional: declarantes del partido,PAN,OTRO,,600,4.3,Massive Caller,5,AUSENTE,Marcador ocluido; no resuelto automáticamente
2025-12-12,Jalisco,14039,Guadalajara,PRECANDIDATO,Condicional: declarantes del partido,PAN,OTRO,,600,4.3,Massive Caller,5,AUSENTE,Marcador ocluido; no resuelto automáticamente
2026-01-12,Jalisco,14039,Guadalajara,PRECANDIDATO,Condicional: declarantes del partido,PAN,OTRO,,600,4.3,Massive Caller,5,AUSENTE,Marcador ocluido; no resuelto automáticamente
2026-02-12,Jalisco,14039,Guadalajara,PRECANDIDATO,Condicional: declarantes del partido,PAN,OTRO,,600,4.3,Massive Caller,5,AUSENTE,Marcador ocluido; no resuelto automáticamente
2026-03-12,Jalisco,14039,Guadalajara,PRECANDIDATO,Condicional: declarantes del partido,PAN,OTRO,11.3,600,4.3,Massive Caller,5,PONDERADO,Serie histórica sin etiqueta numérica en la fuente
2026-04-12,Jalisco,14039,Guadalajara,PRECANDIDATO,Condicional: declarantes del partido,PAN,OTRO,14.7,600,4.3,Massive Caller,5,PONDERADO,Serie histórica sin etiqueta numérica en la fuente
2026-05-12,Jalisco,14039,Guadalajara,PRECANDIDATO,Condicional: declarantes del partido,PAN,OTRO,16.7,600,4.3,Massive Caller,5,PONDERADO,Serie histórica sin etiqueta numérica en la fuente
2026-06-12,Jalisco,14039,Guadalajara,PRECANDIDATO,Condicional: declarantes del partido,PAN,OTRO,17.5,600,4.3,Massive Caller,5,PONDERADO,Serie histórica sin etiqueta numérica en la fuente
2026-07-12,Jalisco,14039,Guadalajara,PRECANDIDATO,Condicional: declarantes del partido,PAN,OTRO,18.6,600,4.3,Massive Caller,5,PONDERADO,Serie histórica sin etiqueta numérica en la fuente
2026-08-12,Jalisco,14039,Guadalajara,PRECANDIDATO,Condicional: declarantes del partido,PAN,OTRO,20.2,600,4.3,Massive Caller,5,LITERAL,
2025-09-12,Jalisco,14039,Guadalajara,PRECANDIDATO,Condicional: declarantes del partido,PAN,AÚN NO DECIDE,,600,4.3,Massive Caller,5,AUSENTE,Marcador ocluido; no resuelto automáticamente
2025-10-12,Jalisco,14039,Guadalajara,PRECANDIDATO,Condicional: declarantes del partido,PAN,AÚN NO DECIDE,,600,4.3,Massive Caller,5,AUSENTE,Marcador ocluido; no resuelto automáticamente
2025-11-12,Jalisco,14039,Guadalajara,PRECANDIDATO,Condicional: declarantes del partido,PAN,AÚN NO DECIDE,,600,4.3,Massive Caller,5,AUSENTE,Marcador ocluido; no resuelto automáticamente
2025-12-12,Jalisco,14039,Guadalajara,PRECANDIDATO,Condicional: declarantes del partido,PAN,AÚN NO DECIDE,,600,4.3,Massive Caller,5,AUSENTE,Marcador ocluido; no resuelto automáticamente
2026-01-12,Jalisco,14039,Guadalajara,PRECANDIDATO,Condicional: declarantes del partido,PAN,AÚN NO DECIDE,,600,4.3,Massive Caller,5,AUSENTE,Marcador ocluido; no resuelto automáticamente
2026-02-12,Jalisco,14039,Guadalajara,PRECANDIDATO,Condicional: declarantes del partido,PAN,AÚN NO DECIDE,,600,4.3,Massive Caller,5,AUSENTE,Marcador ocluido; no resuelto automáticamente
2026-03-12,Jalisco,14039,Guadalajara,PRECANDIDATO,Condicional: declarantes del partido,PAN,AÚN NO DECIDE,9.7,600,4.3,Massive Caller,5,PONDERADO,Serie histórica sin etiqueta numérica en la fuente
2026-04-12,Jalisco,14039,Guadalajara,PRECANDIDATO,Condicional: declarantes del partido,PAN,AÚN NO DECIDE,12.9,600,4.3,Massive Caller,5,PONDERADO,Serie histórica sin etiqueta numérica en la fuente
2026-05-12,Jalisco,14039,Guadalajara,PRECANDIDATO,Condicional: declarantes del partido,PAN,AÚN NO DECIDE,15.7,600,4.3,Massive Caller,5,PONDERADO,Serie histórica sin etiqueta numérica en la fuente
2026-06-12,Jalisco,14039,Guadalajara,PRECANDIDATO,Condicional: declarantes del partido,PAN,AÚN NO DECIDE,13.2,600,4.3,Massive Caller,5,PONDERADO,Serie histórica sin etiqueta numérica en la fuente
2026-07-12,Jalisco,14039,Guadalajara,PRECANDIDATO,Condicional: declarantes del partido,PAN,AÚN NO DECIDE,14.9,600,4.3,Massive Caller,5,PONDERADO,Serie histórica sin etiqueta numérica en la fuente
2026-08-12,Jalisco,14039,Guadalajara,PRECANDIDATO,Condicional: declarantes del partido,PAN,AÚN NO DECIDE,16.7,600,4.3,Massive Caller,5,LITERAL,
2025-09-12,Jalisco,14039,Guadalajara,PRECANDIDATO,Condicional: declarantes del partido,PAN,DIANA ARACELI GONZÁLEZ MARTÍNEZ,19.4,600,4.3,Massive Caller,5,PONDERADO,Serie histórica sin etiqueta numérica en la fuente
2025-10-12,Jalisco,14039,Guadalajara,PRECANDIDATO,Condicional: declarantes del partido,PAN,DIANA ARACELI GONZÁLEZ MARTÍNEZ,17.1,600,4.3,Massive Caller,5,PONDERADO,Serie histórica sin etiqueta numérica en la fuente
2025-11-12,Jalisco,14039,Guadalajara,PRECANDIDATO,Condicional: declarantes del partido,PAN,DIANA ARACELI GONZÁLEZ MARTÍNEZ,16.7,600,4.3,Massive Caller,5,PONDERADO,Serie histórica sin etiqueta numérica en la fuente
2025-12-12,Jalisco,14039,Guadalajara,PRECANDIDATO,Condicional: declarantes del partido,PAN,DIANA ARACELI GONZÁLEZ MARTÍNEZ,20.0,600,4.3,Massive Caller,5,PONDERADO,Serie histórica sin etiqueta numérica en la fuente
2026-01-12,Jalisco,14039,Guadalajara,PRECANDIDATO,Condicional: declarantes del partido,PAN,DIANA ARACELI GONZÁLEZ MARTÍNEZ,17.2,600,4.3,Massive Caller,5,PONDERADO,Serie histórica sin etiqueta numérica en la fuente
2026-02-12,Jalisco,14039,Guadalajara,PRECANDIDATO,Condicional: declarantes del partido,PAN,DIANA ARACELI GONZÁLEZ MARTÍNEZ,16.9,600,4.3,Massive Caller,5,PONDERADO,Serie histórica sin etiqueta numérica en la fuente
2026-03-12,Jalisco,14039,Guadalajara,PRECANDIDATO,Condicional: declarantes del partido,PAN,DIANA ARACELI GONZÁLEZ MARTÍNEZ,17.6,600,4.3,Massive Caller,5,PONDERADO,Serie histórica sin etiqueta numérica en la fuente
2026-04-12,Jalisco,14039,Guadalajara,PRECANDIDATO,Condicional: declarantes del partido,PAN,DIANA ARACELI GONZÁLEZ MARTÍNEZ,17.5,600,4.3,Massive Caller,5,PONDERADO,Serie histórica sin etiqueta numérica en la fuente
2026-05-12,Jalisco,14039,Guadalajara,PRECANDIDATO,Condicional: declarantes del partido,PAN,DIANA ARACELI GONZÁLEZ MARTÍNEZ,18.5,600,4.3,Massive Caller,5,PONDERADO,Serie histórica sin etiqueta numérica en la fuente
2026-06-12,Jalisco,14039,Guadalajara,PRECANDIDATO,Condicional: declarantes del partido,PAN,DIANA ARACELI GONZÁLEZ MARTÍNEZ,16.8,600,4.3,Massive Caller,5,PONDERADO,Serie histórica sin etiqueta numérica en la fuente
2026-07-12,Jalisco,14039,Guadalajara,PRECANDIDATO,Condicional: declarantes del partido,PAN,DIANA ARACELI GONZÁLEZ MARTÍNEZ,17.9,600,4.3,Massive Caller,5,PONDERADO,Serie histórica sin etiqueta numérica en la fuente
2026-08-12,Jalisco,14039,Guadalajara,PRECANDIDATO,Condicional: declarantes del partido,PAN,DIANA ARACELI GONZÁLEZ MARTÍNEZ,16.0,600,4.3,Massive Caller,5,LITERAL,
2025-09-12,Jalisco,14039,Guadalajara,PRECANDIDATO,Condicional: declarantes del partido,PAN,JOSÉ MIGUEL MENDOZA LARA,19.4,600,4.3,Massive Caller,5,PONDERADO,Serie superpuesta con otra del mismo color en esta ola
2025-10-12,Jalisco,14039,Guadalajara,PRECANDIDATO,Condicional: declarantes del partido,PAN,JOSÉ MIGUEL MENDOZA LARA,17.1,600,4.3,Massive Caller,5,PONDERADO,Serie superpuesta con otra del mismo color en esta ola
2025-11-12,Jalisco,14039,Guadalajara,PRECANDIDATO,Condicional: declarantes del partido,PAN,JOSÉ MIGUEL MENDOZA LARA,16.7,600,4.3,Massive Caller,5,PONDERADO,Serie superpuesta con otra del mismo color en esta ola
2025-12-12,Jalisco,14039,Guadalajara,PRECANDIDATO,Condicional: declarantes del partido,PAN,JOSÉ MIGUEL MENDOZA LARA,20.0,600,4.3,Massive Caller,5,PONDERADO,Serie superpuesta con otra del mismo color en esta ola
2026-01-12,Jalisco,14039,Guadalajara,PRECANDIDATO,Condicional: declarantes del partido,PAN,JOSÉ MIGUEL MENDOZA LARA,17.2,600,4.3,Massive Caller,5,PONDERADO,Serie superpuesta con otra del mismo color en esta ola
2026-02-12,Jalisco,14039,Guadalajara,PRECANDIDATO,Condicional: declarantes del partido,PAN,JOSÉ MIGUEL MENDOZA LARA,16.9,600,4.3,Massive Caller,5,PONDERADO,Serie superpuesta con otra del mismo color en esta ola
2026-03-12,Jalisco,14039,Guadalajara,PRECANDIDATO,Condicional: declarantes del partido,PAN,JOSÉ MIGUEL MENDOZA LARA,15.9,600,4.3,Massive Caller,5,PONDERADO,Serie histórica sin etiqueta numérica en la fuente
2026-04-12,Jalisco,14039,Guadalajara,PRECANDIDATO,Condicional: declarantes del partido,PAN,JOSÉ MIGUEL MENDOZA LARA,16.1,600,4.3,Massive Caller,5,PONDERADO,Serie histórica sin etiqueta numérica en la fuente
2026-05-12,Jalisco,14039,Guadalajara,PRECANDIDATO,Condicional: declarantes del partido,PAN,JOSÉ MIGUEL MENDOZA LARA,14.0,600,4.3,Massive Caller,5,PONDERADO,Serie histórica sin etiqueta numérica en la fuente
2026-06-12,Jalisco,14039,Guadalajara,PRECANDIDATO,Condicional: declarantes del partido,PAN,JOSÉ MIGUEL MENDOZA LARA,15.8,600,4.3,Massive Caller,5,PONDERADO,Serie histórica sin etiqueta numérica en la fuente
2026-07-12,Jalisco,14039,Guadalajara,PRECANDIDATO,Condicional: declarantes del partido,PAN,JOSÉ MIGUEL MENDOZA LARA,13.9,600,4.3,Massive Caller,5,PONDERADO,Serie histórica sin etiqueta numérica en la fuente
2026-08-12,Jalisco,14039,Guadalajara,PRECANDIDATO,Condicional: declarantes del partido,PAN,JOSÉ MIGUEL MENDOZA LARA,14.9,600,4.3,Massive Caller,5,LITERAL,
2026-03-12,Jalisco,14039,Guadalajara,PRECANDIDATO,Condicional: declarantes del partido,PAN,PAOLA ESPINOSA SÁNCHEZ,14.3,600,4.3,Massive Caller,5,PONDERADO,Serie histórica sin etiqueta numérica en la fuente
2026-04-12,Jalisco,14039,Guadalajara,PRECANDIDATO,Condicional: declarantes del partido,PAN,PAOLA ESPINOSA SÁNCHEZ,12.3,600,4.3,Massive Caller,5,PONDERADO,Serie histórica sin etiqueta numérica en la fuente
2026-05-12,Jalisco,14039,Guadalajara,PRECANDIDATO,Condicional: declarantes del partido,PAN,PAOLA ESPINOSA SÁNCHEZ,9.3,600,4.3,Massive Caller,5,PONDERADO,Serie histórica sin etiqueta numérica en la fuente
2026-06-12,Jalisco,14039,Guadalajara,PRECANDIDATO,Condicional: declarantes del partido,PAN,PAOLA ESPINOSA SÁNCHEZ,8.3,600,4.3,Massive Caller,5,PONDERADO,Serie histórica sin etiqueta numérica en la fuente
2026-07-12,Jalisco,14039,Guadalajara,PRECANDIDATO,Condicional: declarantes del partido,PAN,PAOLA ESPINOSA SÁNCHEZ,10.3,600,4.3,Massive Caller,5,PONDERADO,Serie histórica sin etiqueta numérica en la fuente
2026-08-12,Jalisco,14039,Guadalajara,PRECANDIDATO,Condicional: declarantes del partido,PAN,PAOLA ESPINOSA SÁNCHEZ,7.1,600,4.3,Massive Caller,5,LITERAL,
2026-03-12,Jalisco,14039,Guadalajara,PRECANDIDATO,Condicional: declarantes del partido,PAN,CÉSAR MADRIGAL DÍAZ,7.9,600,4.3,Massive Caller,5,PONDERADO,Serie histórica sin etiqueta numérica en la fuente
2026-04-12,Jalisco,14039,Guadalajara,PRECANDIDATO,Condicional: declarantes del partido,PAN,CÉSAR MADRIGAL DÍAZ,5.3,600,4.3,Massive Caller,5,PONDERADO,Serie histórica sin etiqueta numérica en la fuente
2026-05-12,Jalisco,14039,Guadalajara,PRECANDIDATO,Condicional: declarantes del partido,PAN,CÉSAR MADRIGAL DÍAZ,6.5,600,4.3,Massive Caller,5,PONDERADO,Serie histórica sin etiqueta numérica en la fuente
2026-06-12,Jalisco,14039,Guadalajara,PRECANDIDATO,Condicional: declarantes del partido,PAN,CÉSAR MADRIGAL DÍAZ,6.7,600,4.3,Massive Caller,5,PONDERADO,Serie histórica sin etiqueta numérica en la fuente
2026-07-12,Jalisco,14039,Guadalajara,PRECANDIDATO,Condicional: declarantes del partido,PAN,CÉSAR MADRIGAL DÍAZ,5.7,600,4.3,Massive Caller,5,PONDERADO,Serie histórica sin etiqueta numérica en la fuente
2026-08-12,Jalisco,14039,Guadalajara,PRECANDIDATO,Condicional: declarantes del partido,PAN,CÉSAR MADRIGAL DÍAZ,3.6,600,4.3,Massive Caller,5,LITERAL,
2025-09-12,Jalisco,14039,Guadalajara,PRECANDIDATO,Condicional: declarantes del partido,PRI,LAURA HARO RAMÍREZ,34.8,600,4.3,Massive Caller,7,PONDERADO,Serie histórica sin etiqueta numérica en la fuente
2025-10-12,Jalisco,14039,Guadalajara,PRECANDIDATO,Condicional: declarantes del partido,PRI,LAURA HARO RAMÍREZ,35.7,600,4.3,Massive Caller,7,PONDERADO,Serie histórica sin etiqueta numérica en la fuente
2025-11-12,Jalisco,14039,Guadalajara,PRECANDIDATO,Condicional: declarantes del partido,PRI,LAURA HARO RAMÍREZ,36.4,600,4.3,Massive Caller,7,PONDERADO,Serie histórica sin etiqueta numérica en la fuente
2025-12-12,Jalisco,14039,Guadalajara,PRECANDIDATO,Condicional: declarantes del partido,PRI,LAURA HARO RAMÍREZ,33.3,600,4.3,Massive Caller,7,PONDERADO,Serie histórica sin etiqueta numérica en la fuente
2026-01-12,Jalisco,14039,Guadalajara,PRECANDIDATO,Condicional: declarantes del partido,PRI,LAURA HARO RAMÍREZ,36.1,600,4.3,Massive Caller,7,PONDERADO,Serie histórica sin etiqueta numérica en la fuente
2026-02-12,Jalisco,14039,Guadalajara,PRECANDIDATO,Condicional: declarantes del partido,PRI,LAURA HARO RAMÍREZ,33.3,600,4.3,Massive Caller,7,PONDERADO,Serie histórica sin etiqueta numérica en la fuente
2026-03-12,Jalisco,14039,Guadalajara,PRECANDIDATO,Condicional: declarantes del partido,PRI,LAURA HARO RAMÍREZ,31.1,600,4.3,Massive Caller,7,PONDERADO,Serie histórica sin etiqueta numérica en la fuente
2026-04-12,Jalisco,14039,Guadalajara,PRECANDIDATO,Condicional: declarantes del partido,PRI,LAURA HARO RAMÍREZ,29.4,600,4.3,Massive Caller,7,PONDERADO,Serie histórica sin etiqueta numérica en la fuente
2026-05-12,Jalisco,14039,Guadalajara,PRECANDIDATO,Condicional: declarantes del partido,PRI,LAURA HARO RAMÍREZ,27.8,600,4.3,Massive Caller,7,PONDERADO,Serie histórica sin etiqueta numérica en la fuente
2026-06-12,Jalisco,14039,Guadalajara,PRECANDIDATO,Condicional: declarantes del partido,PRI,LAURA HARO RAMÍREZ,26.1,600,4.3,Massive Caller,7,PONDERADO,Serie histórica sin etiqueta numérica en la fuente
2026-07-12,Jalisco,14039,Guadalajara,PRECANDIDATO,Condicional: declarantes del partido,PRI,LAURA HARO RAMÍREZ,28.6,600,4.3,Massive Caller,7,PONDERADO,Serie histórica sin etiqueta numérica en la fuente
2026-08-12,Jalisco,14039,Guadalajara,PRECANDIDATO,Condicional: declarantes del partido,PRI,LAURA HARO RAMÍREZ,31.4,600,4.3,Massive Caller,7,LITERAL,
2025-10-12,Jalisco,14039,Guadalajara,PRECANDIDATO,Condicional: declarantes del partido,PRI,OTRO,,600,4.3,Massive Caller,7,AUSENTE,Marcador ocluido; no resuelto automáticamente
2025-11-12,Jalisco,14039,Guadalajara,PRECANDIDATO,Condicional: declarantes del partido,PRI,OTRO,22.7,600,4.3,Massive Caller,7,PONDERADO,Serie histórica sin etiqueta numérica en la fuente
2025-12-12,Jalisco,14039,Guadalajara,PRECANDIDATO,Condicional: declarantes del partido,PRI,OTRO,23.1,600,4.3,Massive Caller,7,PONDERADO,Serie histórica sin etiqueta numérica en la fuente
2026-01-12,Jalisco,14039,Guadalajara,PRECANDIDATO,Condicional: declarantes del partido,PRI,OTRO,22.3,600,4.3,Massive Caller,7,PONDERADO,Serie histórica sin etiqueta numérica en la fuente
2026-02-12,Jalisco,14039,Guadalajara,PRECANDIDATO,Condicional: declarantes del partido,PRI,OTRO,25.1,600,4.3,Massive Caller,7,PONDERADO,Serie histórica sin etiqueta numérica en la fuente
2026-03-12,Jalisco,14039,Guadalajara,PRECANDIDATO,Condicional: declarantes del partido,PRI,OTRO,22.2,600,4.3,Massive Caller,7,PONDERADO,Serie histórica sin etiqueta numérica en la fuente
2026-04-12,Jalisco,14039,Guadalajara,PRECANDIDATO,Condicional: declarantes del partido,PRI,OTRO,23.8,600,4.3,Massive Caller,7,PONDERADO,Serie histórica sin etiqueta numérica en la fuente
2026-05-12,Jalisco,14039,Guadalajara,PRECANDIDATO,Condicional: declarantes del partido,PRI,OTRO,26.9,600,4.3,Massive Caller,7,PONDERADO,Serie histórica sin etiqueta numérica en la fuente
2026-06-12,Jalisco,14039,Guadalajara,PRECANDIDATO,Condicional: declarantes del partido,PRI,OTRO,24.2,600,4.3,Massive Caller,7,PONDERADO,Serie histórica sin etiqueta numérica en la fuente
2026-07-12,Jalisco,14039,Guadalajara,PRECANDIDATO,Condicional: declarantes del partido,PRI,OTRO,27.6,600,4.3,Massive Caller,7,PONDERADO,Serie histórica sin etiqueta numérica en la fuente
2026-08-12,Jalisco,14039,Guadalajara,PRECANDIDATO,Condicional: declarantes del partido,PRI,OTRO,26.8,600,4.3,Massive Caller,7,LITERAL,
2025-09-12,Jalisco,14039,Guadalajara,PRECANDIDATO,Condicional: declarantes del partido,PRI,AÚN NO DECIDE,21.8,600,4.3,Massive Caller,7,PONDERADO,Serie histórica sin etiqueta numérica en la fuente
2025-10-12,Jalisco,14039,Guadalajara,PRECANDIDATO,Condicional: declarantes del partido,PRI,AÚN NO DECIDE,21.5,600,4.3,Massive Caller,7,PONDERADO,Serie histórica sin etiqueta numérica en la fuente
2025-11-12,Jalisco,14039,Guadalajara,PRECANDIDATO,Condicional: declarantes del partido,PRI,AÚN NO DECIDE,18.2,600,4.3,Massive Caller,7,PONDERADO,Serie histórica sin etiqueta numérica en la fuente
2025-12-12,Jalisco,14039,Guadalajara,PRECANDIDATO,Condicional: declarantes del partido,PRI,AÚN NO DECIDE,20.6,600,4.3,Massive Caller,7,PONDERADO,Serie histórica sin etiqueta numérica en la fuente
2026-01-12,Jalisco,14039,Guadalajara,PRECANDIDATO,Condicional: declarantes del partido,PRI,AÚN NO DECIDE,19.5,600,4.3,Massive Caller,7,PONDERADO,Serie histórica sin etiqueta numérica en la fuente
2026-02-12,Jalisco,14039,Guadalajara,PRECANDIDATO,Condicional: declarantes del partido,PRI,AÚN NO DECIDE,19.7,600,4.3,Massive Caller,7,PONDERADO,Serie histórica sin etiqueta numérica en la fuente
2026-03-12,Jalisco,14039,Guadalajara,PRECANDIDATO,Condicional: declarantes del partido,PRI,AÚN NO DECIDE,21.1,600,4.3,Massive Caller,7,PONDERADO,Serie histórica sin etiqueta numérica en la fuente
2026-04-12,Jalisco,14039,Guadalajara,PRECANDIDATO,Condicional: declarantes del partido,PRI,AÚN NO DECIDE,22.4,600,4.3,Massive Caller,7,PONDERADO,Serie histórica sin etiqueta numérica en la fuente
2026-05-12,Jalisco,14039,Guadalajara,PRECANDIDATO,Condicional: declarantes del partido,PRI,AÚN NO DECIDE,20.3,600,4.3,Massive Caller,7,PONDERADO,Serie histórica sin etiqueta numérica en la fuente
2026-06-12,Jalisco,14039,Guadalajara,PRECANDIDATO,Condicional: declarantes del partido,PRI,AÚN NO DECIDE,19.1,600,4.3,Massive Caller,7,PONDERADO,Serie histórica sin etiqueta numérica en la fuente
2026-07-12,Jalisco,14039,Guadalajara,PRECANDIDATO,Condicional: declarantes del partido,PRI,AÚN NO DECIDE,20.3,600,4.3,Massive Caller,7,PONDERADO,Serie histórica sin etiqueta numérica en la fuente
2026-08-12,Jalisco,14039,Guadalajara,PRECANDIDATO,Condicional: declarantes del partido,PRI,AÚN NO DECIDE,17.4,600,4.3,Massive Caller,7,LITERAL,
2025-09-12,Jalisco,14039,Guadalajara,PRECANDIDATO,Condicional: declarantes del partido,PRI,HORTENSIA NOROÑA QUEZADA,17.4,600,4.3,Massive Caller,7,PONDERADO,Serie histórica sin etiqueta numérica en la fuente
2025-10-12,Jalisco,14039,Guadalajara,PRECANDIDATO,Condicional: declarantes del partido,PRI,HORTENSIA NOROÑA QUEZADA,14.3,600,4.3,Massive Caller,7,PONDERADO,Serie histórica sin etiqueta numérica en la fuente
2025-11-12,Jalisco,14039,Guadalajara,PRECANDIDATO,Condicional: declarantes del partido,PRI,HORTENSIA NOROÑA QUEZADA,13.6,600,4.3,Massive Caller,7,PONDERADO,Serie histórica sin etiqueta numérica en la fuente
2025-12-12,Jalisco,14039,Guadalajara,PRECANDIDATO,Condicional: declarantes del partido,PRI,HORTENSIA NOROÑA QUEZADA,12.8,600,4.3,Massive Caller,7,PONDERADO,Serie histórica sin etiqueta numérica en la fuente
2026-01-12,Jalisco,14039,Guadalajara,PRECANDIDATO,Condicional: declarantes del partido,PRI,HORTENSIA NOROÑA QUEZADA,13.9,600,4.3,Massive Caller,7,PONDERADO,Serie histórica sin etiqueta numérica en la fuente
2026-02-12,Jalisco,14039,Guadalajara,PRECANDIDATO,Condicional: declarantes del partido,PRI,HORTENSIA NOROÑA QUEZADA,11.5,600,4.3,Massive Caller,7,PONDERADO,Serie histórica sin etiqueta numérica en la fuente
2026-03-12,Jalisco,14039,Guadalajara,PRECANDIDATO,Condicional: declarantes del partido,PRI,HORTENSIA NOROÑA QUEZADA,12.2,600,4.3,Massive Caller,7,PONDERADO,Serie histórica sin etiqueta numérica en la fuente
2026-04-12,Jalisco,14039,Guadalajara,PRECANDIDATO,Condicional: declarantes del partido,PRI,HORTENSIA NOROÑA QUEZADA,10.6,600,4.3,Massive Caller,7,PONDERADO,Serie histórica sin etiqueta numérica en la fuente
2026-05-12,Jalisco,14039,Guadalajara,PRECANDIDATO,Condicional: declarantes del partido,PRI,HORTENSIA NOROÑA QUEZADA,11.1,600,4.3,Massive Caller,7,PONDERADO,Serie histórica sin etiqueta numérica en la fuente
2026-06-12,Jalisco,14039,Guadalajara,PRECANDIDATO,Condicional: declarantes del partido,PRI,HORTENSIA NOROÑA QUEZADA,13.7,600,4.3,Massive Caller,7,PONDERADO,Serie histórica sin etiqueta numérica en la fuente
2026-07-12,Jalisco,14039,Guadalajara,PRECANDIDATO,Condicional: declarantes del partido,PRI,HORTENSIA NOROÑA QUEZADA,13.3,600,4.3,Massive Caller,7,PONDERADO,Serie histórica sin etiqueta numérica en la fuente
2026-08-12,Jalisco,14039,Guadalajara,PRECANDIDATO,Condicional: declarantes del partido,PRI,HORTENSIA NOROÑA QUEZADA,13.7,600,4.3,Massive Caller,7,LITERAL,
2025-09-12,Jalisco,14039,Guadalajara,PRECANDIDATO,Condicional: declarantes del partido,PRI,VERÓNICA FLORES PÉREZ,4.3,600,4.3,Massive Caller,7,PONDERADO,Serie histórica sin etiqueta numérica en la fuente
2025-10-12,Jalisco,14039,Guadalajara,PRECANDIDATO,Condicional: declarantes del partido,PRI,VERÓNICA FLORES PÉREZ,7.1,600,4.3,Massive Caller,7,PONDERADO,Serie histórica sin etiqueta numérica en la fuente
2025-11-12,Jalisco,14039,Guadalajara,PRECANDIDATO,Condicional: declarantes del partido,PRI,VERÓNICA FLORES PÉREZ,9.1,600,4.3,Massive Caller,7,PONDERADO,Serie histórica sin etiqueta numérica en la fuente
2025-12-12,Jalisco,14039,Guadalajara,PRECANDIDATO,Condicional: declarantes del partido,PRI,VERÓNICA FLORES PÉREZ,10.3,600,4.3,Massive Caller,7,PONDERADO,Serie histórica sin etiqueta numérica en la fuente
2026-01-12,Jalisco,14039,Guadalajara,PRECANDIDATO,Condicional: declarantes del partido,PRI,VERÓNICA FLORES PÉREZ,8.3,600,4.3,Massive Caller,7,PONDERADO,Serie histórica sin etiqueta numérica en la fuente
2026-02-12,Jalisco,14039,Guadalajara,PRECANDIDATO,Condicional: declarantes del partido,PRI,VERÓNICA FLORES PÉREZ,10.4,600,4.3,Massive Caller,7,PONDERADO,Serie histórica sin etiqueta numérica en la fuente
2026-03-12,Jalisco,14039,Guadalajara,PRECANDIDATO,Condicional: declarantes del partido,PRI,VERÓNICA FLORES PÉREZ,13.3,600,4.3,Massive Caller,7,PONDERADO,Serie histórica sin etiqueta numérica en la fuente
2026-04-12,Jalisco,14039,Guadalajara,PRECANDIDATO,Condicional: declarantes del partido,PRI,VERÓNICA FLORES PÉREZ,13.8,600,4.3,Massive Caller,7,PONDERADO,Serie histórica sin etiqueta numérica en la fuente
2026-05-12,Jalisco,14039,Guadalajara,PRECANDIDATO,Condicional: declarantes del partido,PRI,VERÓNICA FLORES PÉREZ,13.9,600,4.3,Massive Caller,7,PONDERADO,Serie histórica sin etiqueta numérica en la fuente
2026-06-12,Jalisco,14039,Guadalajara,PRECANDIDATO,Condicional: declarantes del partido,PRI,VERÓNICA FLORES PÉREZ,16.9,600,4.3,Massive Caller,7,PONDERADO,Serie histórica sin etiqueta numérica en la fuente
2026-07-12,Jalisco,14039,Guadalajara,PRECANDIDATO,Condicional: declarantes del partido,PRI,VERÓNICA FLORES PÉREZ,10.2,600,4.3,Massive Caller,7,PONDERADO,Serie histórica sin etiqueta numérica en la fuente
2026-08-12,Jalisco,14039,Guadalajara,PRECANDIDATO,Condicional: declarantes del partido,PRI,VERÓNICA FLORES PÉREZ,10.7,600,4.3,Massive Caller,7,LITERAL,
2026-02-12,Jalisco,14039,Guadalajara,PRECANDIDATO,Condicional: declarantes del partido,MORENA,CARLOS LOMELÍ BOLAÑOS,33.3,600,4.3,Massive Caller,9,PONDERADO,Serie histórica sin etiqueta numérica en la fuente
2026-03-12,Jalisco,14039,Guadalajara,PRECANDIDATO,Condicional: declarantes del partido,MORENA,CARLOS LOMELÍ BOLAÑOS,34.5,600,4.3,Massive Caller,9,PONDERADO,Serie histórica sin etiqueta numérica en la fuente
2026-04-12,Jalisco,14039,Guadalajara,PRECANDIDATO,Condicional: declarantes del partido,MORENA,CARLOS LOMELÍ BOLAÑOS,36.2,600,4.3,Massive Caller,9,PONDERADO,Serie histórica sin etiqueta numérica en la fuente
2026-05-12,Jalisco,14039,Guadalajara,PRECANDIDATO,Condicional: declarantes del partido,MORENA,CARLOS LOMELÍ BOLAÑOS,35.4,600,4.3,Massive Caller,9,PONDERADO,Serie histórica sin etiqueta numérica en la fuente
2026-06-12,Jalisco,14039,Guadalajara,PRECANDIDATO,Condicional: declarantes del partido,MORENA,CARLOS LOMELÍ BOLAÑOS,33.0,600,4.3,Massive Caller,9,PONDERADO,Serie histórica sin etiqueta numérica en la fuente
2026-07-12,Jalisco,14039,Guadalajara,PRECANDIDATO,Condicional: declarantes del partido,MORENA,CARLOS LOMELÍ BOLAÑOS,34.3,600,4.3,Massive Caller,9,PONDERADO,Serie histórica sin etiqueta numérica en la fuente
2026-08-12,Jalisco,14039,Guadalajara,PRECANDIDATO,Condicional: declarantes del partido,MORENA,CARLOS LOMELÍ BOLAÑOS,35.8,600,4.3,Massive Caller,9,LITERAL,
2026-02-12,Jalisco,14039,Guadalajara,PRECANDIDATO,Condicional: declarantes del partido,MORENA,CHEMA MARTÍNEZ,10.1,600,4.3,Massive Caller,9,PONDERADO,Serie histórica sin etiqueta numérica en la fuente
2026-03-12,Jalisco,14039,Guadalajara,PRECANDIDATO,Condicional: declarantes del partido,MORENA,CHEMA MARTÍNEZ,10.7,600,4.3,Massive Caller,9,PONDERADO,Serie histórica sin etiqueta numérica en la fuente
2026-04-12,Jalisco,14039,Guadalajara,PRECANDIDATO,Condicional: declarantes del partido,MORENA,CHEMA MARTÍNEZ,9.2,600,4.3,Massive Caller,9,PONDERADO,Serie superpuesta con otra del mismo color en esta ola
2026-05-12,Jalisco,14039,Guadalajara,PRECANDIDATO,Condicional: declarantes del partido,MORENA,CHEMA MARTÍNEZ,13.4,600,4.3,Massive Caller,9,PONDERADO,Serie superpuesta con otra del mismo color en esta ola
2026-06-12,Jalisco,14039,Guadalajara,PRECANDIDATO,Condicional: declarantes del partido,MORENA,CHEMA MARTÍNEZ,16.2,600,4.3,Massive Caller,9,PONDERADO,Serie histórica sin etiqueta numérica en la fuente
2026-07-12,Jalisco,14039,Guadalajara,PRECANDIDATO,Condicional: declarantes del partido,MORENA,CHEMA MARTÍNEZ,14.7,600,4.3,Massive Caller,9,PONDERADO,Serie superpuesta con otra del mismo color en esta ola
2026-08-12,Jalisco,14039,Guadalajara,PRECANDIDATO,Condicional: declarantes del partido,MORENA,CHEMA MARTÍNEZ,16.2,600,4.3,Massive Caller,9,LITERAL,
2026-02-12,Jalisco,14039,Guadalajara,PRECANDIDATO,Condicional: declarantes del partido,MORENA,ITZUL BARRERA RODRÍGUEZ,8.1,600,4.3,Massive Caller,9,PONDERADO,Serie histórica sin etiqueta numérica en la fuente
2026-03-12,Jalisco,14039,Guadalajara,PRECANDIDATO,Condicional: declarantes del partido,MORENA,ITZUL BARRERA RODRÍGUEZ,7.1,600,4.3,Massive Caller,9,PONDERADO,Serie histórica sin etiqueta numérica en la fuente
2026-04-12,Jalisco,14039,Guadalajara,PRECANDIDATO,Condicional: declarantes del partido,MORENA,ITZUL BARRERA RODRÍGUEZ,9.2,600,4.3,Massive Caller,9,PONDERADO,Serie superpuesta con otra del mismo color en esta ola
2026-05-12,Jalisco,14039,Guadalajara,PRECANDIDATO,Condicional: declarantes del partido,MORENA,ITZUL BARRERA RODRÍGUEZ,13.4,600,4.3,Massive Caller,9,PONDERADO,Serie histórica sin etiqueta numérica en la fuente
2026-06-12,Jalisco,14039,Guadalajara,PRECANDIDATO,Condicional: declarantes del partido,MORENA,ITZUL BARRERA RODRÍGUEZ,12.4,600,4.3,Massive Caller,9,PONDERADO,Serie histórica sin etiqueta numérica en la fuente
2026-07-12,Jalisco,14039,Guadalajara,PRECANDIDATO,Condicional: declarantes del partido,MORENA,ITZUL BARRERA RODRÍGUEZ,14.7,600,4.3,Massive Caller,9,PONDERADO,Serie histórica sin etiqueta numérica en la fuente
2026-08-12,Jalisco,14039,Guadalajara,PRECANDIDATO,Condicional: declarantes del partido,MORENA,ITZUL BARRERA RODRÍGUEZ,14.2,600,4.3,Massive Caller,9,LITERAL,
2026-02-12,Jalisco,14039,Guadalajara,PRECANDIDATO,Condicional: declarantes del partido,MORENA,CARLOS PALACIOS RODRÍGUEZ,17.0,600,4.3,Massive Caller,9,PONDERADO,Serie histórica sin etiqueta numérica en la fuente
2026-03-12,Jalisco,14039,Guadalajara,PRECANDIDATO,Condicional: declarantes del partido,MORENA,CARLOS PALACIOS RODRÍGUEZ,14.9,600,4.3,Massive Caller,9,PONDERADO,Serie histórica sin etiqueta numérica en la fuente
2026-04-12,Jalisco,14039,Guadalajara,PRECANDIDATO,Condicional: declarantes del partido,MORENA,CARLOS PALACIOS RODRÍGUEZ,9.2,600,4.3,Massive Caller,9,PONDERADO,Serie histórica sin etiqueta numérica en la fuente
2026-05-12,Jalisco,14039,Guadalajara,PRECANDIDATO,Condicional: declarantes del partido,MORENA,CARLOS PALACIOS RODRÍGUEZ,10.8,600,4.3,Massive Caller,9,PONDERADO,Serie histórica sin etiqueta numérica en la fuente
2026-06-12,Jalisco,14039,Guadalajara,PRECANDIDATO,Condicional: declarantes del partido,MORENA,CARLOS PALACIOS RODRÍGUEZ,7.5,600,4.3,Massive Caller,9,PONDERADO,Serie histórica sin etiqueta numérica en la fuente
2026-07-12,Jalisco,14039,Guadalajara,PRECANDIDATO,Condicional: declarantes del partido,MORENA,CARLOS PALACIOS RODRÍGUEZ,9.2,600,4.3,Massive Caller,9,PONDERADO,Serie histórica sin etiqueta numérica en la fuente
2026-08-12,Jalisco,14039,Guadalajara,PRECANDIDATO,Condicional: declarantes del partido,MORENA,CARLOS PALACIOS RODRÍGUEZ,10.8,600,4.3,Massive Caller,9,LITERAL,
2026-02-12,Jalisco,14039,Guadalajara,PRECANDIDATO,Condicional: declarantes del partido,MORENA,MERY GÓMEZ POZOS,3.0,600,4.3,Massive Caller,9,PONDERADO,Serie histórica sin etiqueta numérica en la fuente
2026-03-12,Jalisco,14039,Guadalajara,PRECANDIDATO,Condicional: declarantes del partido,MORENA,MERY GÓMEZ POZOS,2.4,600,4.3,Massive Caller,9,PONDERADO,Serie histórica sin etiqueta numérica en la fuente
2026-04-12,Jalisco,14039,Guadalajara,PRECANDIDATO,Condicional: declarantes del partido,MORENA,MERY GÓMEZ POZOS,2.9,600,4.3,Massive Caller,9,PONDERADO,Serie superpuesta con otra del mismo color en esta ola
2026-05-12,Jalisco,14039,Guadalajara,PRECANDIDATO,Condicional: declarantes del partido,MORENA,MERY GÓMEZ POZOS,5.6,600,4.3,Massive Caller,9,PONDERADO,Serie histórica sin etiqueta numérica en la fuente
2026-06-12,Jalisco,14039,Guadalajara,PRECANDIDATO,Condicional: declarantes del partido,MORENA,MERY GÓMEZ POZOS,7.5,600,4.3,Massive Caller,9,PONDERADO,Serie superpuesta con otra del mismo color en esta ola
2026-07-12,Jalisco,14039,Guadalajara,PRECANDIDATO,Condicional: declarantes del partido,MORENA,MERY GÓMEZ POZOS,9.2,600,4.3,Massive Caller,9,PONDERADO,Serie superpuesta con otra del mismo color en esta ola
2026-08-12,Jalisco,14039,Guadalajara,PRECANDIDATO,Condicional: declarantes del partido,MORENA,MERY GÓMEZ POZOS,7.4,600,4.3,Massive Caller,9,LITERAL,
2026-02-12,Jalisco,14039,Guadalajara,PRECANDIDATO,Condicional: declarantes del partido,MORENA,AÚN NO DECIDE,13.7,600,4.3,Massive Caller,9,PONDERADO,Serie histórica sin etiqueta numérica en la fuente
2026-03-12,Jalisco,14039,Guadalajara,PRECANDIDATO,Condicional: declarantes del partido,MORENA,AÚN NO DECIDE,11.9,600,4.3,Massive Caller,9,PONDERADO,Serie histórica sin etiqueta numérica en la fuente
2026-04-12,Jalisco,14039,Guadalajara,PRECANDIDATO,Condicional: declarantes del partido,MORENA,AÚN NO DECIDE,12.8,600,4.3,Massive Caller,9,PONDERADO,Serie histórica sin etiqueta numérica en la fuente
2026-05-12,Jalisco,14039,Guadalajara,PRECANDIDATO,Condicional: declarantes del partido,MORENA,AÚN NO DECIDE,7.5,600,4.3,Massive Caller,9,PONDERADO,Serie histórica sin etiqueta numérica en la fuente
2026-06-12,Jalisco,14039,Guadalajara,PRECANDIDATO,Condicional: declarantes del partido,MORENA,AÚN NO DECIDE,9.2,600,4.3,Massive Caller,9,PONDERADO,Serie histórica sin etiqueta numérica en la fuente
2026-07-12,Jalisco,14039,Guadalajara,PRECANDIDATO,Condicional: declarantes del partido,MORENA,AÚN NO DECIDE,10.1,600,4.3,Massive Caller,9,PONDERADO,Serie histórica sin etiqueta numérica en la fuente
2026-08-12,Jalisco,14039,Guadalajara,PRECANDIDATO,Condicional: declarantes del partido,MORENA,AÚN NO DECIDE,6.8,600,4.3,Massive Caller,9,LITERAL,
2026-02-12,Jalisco,14039,Guadalajara,PRECANDIDATO,Condicional: declarantes del partido,MORENA,MARIANA FERNÁNDEZ RAMÍREZ,3.0,600,4.3,Massive Caller,9,PONDERADO,Serie superpuesta con otra del mismo color en esta ola
2026-03-12,Jalisco,14039,Guadalajara,PRECANDIDATO,Condicional: declarantes del partido,MORENA,MARIANA FERNÁNDEZ RAMÍREZ,3.5,600,4.3,Massive Caller,9,PONDERADO,Serie histórica sin etiqueta numérica en la fuente
2026-04-12,Jalisco,14039,Guadalajara,PRECANDIDATO,Condicional: declarantes del partido,MORENA,MARIANA FERNÁNDEZ RAMÍREZ,2.9,600,4.3,Massive Caller,9,PONDERADO,Serie histórica sin etiqueta numérica en la fuente
2026-05-12,Jalisco,14039,Guadalajara,PRECANDIDATO,Condicional: declarantes del partido,MORENA,MARIANA FERNÁNDEZ RAMÍREZ,2.2,600,4.3,Massive Caller,9,PONDERADO,Serie histórica sin etiqueta numérica en la fuente
2026-06-12,Jalisco,14039,Guadalajara,PRECANDIDATO,Condicional: declarantes del partido,MORENA,MARIANA FERNÁNDEZ RAMÍREZ,3.9,600,4.3,Massive Caller,9,PONDERADO,Serie histórica sin etiqueta numérica en la fuente
2026-07-12,Jalisco,14039,Guadalajara,PRECANDIDATO,Condicional: declarantes del partido,MORENA,MARIANA FERNÁNDEZ RAMÍREZ,4.3,600,4.3,Massive Caller,9,PONDERADO,Serie histórica sin etiqueta numérica en la fuente
2026-08-12,Jalisco,14039,Guadalajara,PRECANDIDATO,Condicional: declarantes del partido,MORENA,MARIANA FERNÁNDEZ RAMÍREZ,5.4,600,4.3,Massive Caller,9,LITERAL,
2026-02-12,Jalisco,14039,Guadalajara,PRECANDIDATO,Condicional: declarantes del partido,MORENA,OTRO,11.7,600,4.3,Massive Caller,9,PONDERADO,Serie histórica sin etiqueta numérica en la fuente
2026-03-12,Jalisco,14039,Guadalajara,PRECANDIDATO,Condicional: declarantes del partido,MORENA,OTRO,8.9,600,4.3,Massive Caller,9,PONDERADO,Serie histórica sin etiqueta numérica en la fuente
2026-04-12,Jalisco,14039,Guadalajara,PRECANDIDATO,Condicional: declarantes del partido,MORENA,OTRO,10.2,600,4.3,Massive Caller,9,PONDERADO,Serie histórica sin etiqueta numérica en la fuente
2026-05-12,Jalisco,14039,Guadalajara,PRECANDIDATO,Condicional: declarantes del partido,MORENA,OTRO,3.4,600,4.3,Massive Caller,9,PONDERADO,Serie histórica sin etiqueta numérica en la fuente
2026-06-12,Jalisco,14039,Guadalajara,PRECANDIDATO,Condicional: declarantes del partido,MORENA,OTRO,5.3,600,4.3,Massive Caller,9,PONDERADO,Serie histórica sin etiqueta numérica en la fuente
2026-07-12,Jalisco,14039,Guadalajara,PRECANDIDATO,Condicional: declarantes del partido,MORENA,OTRO,6.1,600,4.3,Massive Caller,9,PONDERADO,Serie histórica sin etiqueta numérica en la fuente
2026-08-12,Jalisco,14039,Guadalajara,PRECANDIDATO,Condicional: declarantes del partido,MORENA,OTRO,3.4,600,4.3,Massive Caller,9,LITERAL,
2025-09-12,Jalisco,14039,Guadalajara,PRECANDIDATO,Condicional: declarantes del partido,MC,VERÓNICA DELGADILLO GARCÍA,39.6,600,4.3,Massive Caller,11,PONDERADO,Serie histórica sin etiqueta numérica en la fuente
2025-10-12,Jalisco,14039,Guadalajara,PRECANDIDATO,Condicional: declarantes del partido,MC,VERÓNICA DELGADILLO GARCÍA,39.2,600,4.3,Massive Caller,11,PONDERADO,Serie histórica sin etiqueta numérica en la fuente
2025-11-12,Jalisco,14039,Guadalajara,PRECANDIDATO,Condicional: declarantes del partido,MC,VERÓNICA DELGADILLO GARCÍA,40.2,600,4.3,Massive Caller,11,PONDERADO,Serie histórica sin etiqueta numérica en la fuente
2025-12-12,Jalisco,14039,Guadalajara,PRECANDIDATO,Condicional: declarantes del partido,MC,VERÓNICA DELGADILLO GARCÍA,39.4,600,4.3,Massive Caller,11,PONDERADO,Serie histórica sin etiqueta numérica en la fuente
2026-01-12,Jalisco,14039,Guadalajara,PRECANDIDATO,Condicional: declarantes del partido,MC,VERÓNICA DELGADILLO GARCÍA,42.6,600,4.3,Massive Caller,11,PONDERADO,Serie histórica sin etiqueta numérica en la fuente
2026-02-12,Jalisco,14039,Guadalajara,PRECANDIDATO,Condicional: declarantes del partido,MC,VERÓNICA DELGADILLO GARCÍA,39.4,600,4.3,Massive Caller,11,PONDERADO,Serie histórica sin etiqueta numérica en la fuente
2026-03-12,Jalisco,14039,Guadalajara,PRECANDIDATO,Condicional: declarantes del partido,MC,VERÓNICA DELGADILLO GARCÍA,42.1,600,4.3,Massive Caller,11,PONDERADO,Serie histórica sin etiqueta numérica en la fuente
2026-04-12,Jalisco,14039,Guadalajara,PRECANDIDATO,Condicional: declarantes del partido,MC,VERÓNICA DELGADILLO GARCÍA,44.1,600,4.3,Massive Caller,11,PONDERADO,Serie histórica sin etiqueta numérica en la fuente
2026-05-12,Jalisco,14039,Guadalajara,PRECANDIDATO,Condicional: declarantes del partido,MC,VERÓNICA DELGADILLO GARCÍA,42.3,600,4.3,Massive Caller,11,PONDERADO,Serie histórica sin etiqueta numérica en la fuente
2026-06-12,Jalisco,14039,Guadalajara,PRECANDIDATO,Condicional: declarantes del partido,MC,VERÓNICA DELGADILLO GARCÍA,39.4,600,4.3,Massive Caller,11,PONDERADO,Serie histórica sin etiqueta numérica en la fuente
2026-07-12,Jalisco,14039,Guadalajara,PRECANDIDATO,Condicional: declarantes del partido,MC,VERÓNICA DELGADILLO GARCÍA,41.6,600,4.3,Massive Caller,11,PONDERADO,Serie histórica sin etiqueta numérica en la fuente
2026-08-12,Jalisco,14039,Guadalajara,PRECANDIDATO,Condicional: declarantes del partido,MC,VERÓNICA DELGADILLO GARCÍA,39.6,600,4.3,Massive Caller,11,LITERAL,
2025-09-12,Jalisco,14039,Guadalajara,PRECANDIDATO,Condicional: declarantes del partido,MC,CLEMENTE CASTAÑEDA HOEFLICH,8.3,600,4.3,Massive Caller,11,PONDERADO,Serie histórica sin etiqueta numérica en la fuente
2025-10-12,Jalisco,14039,Guadalajara,PRECANDIDATO,Condicional: declarantes del partido,MC,CLEMENTE CASTAÑEDA HOEFLICH,7.8,600,4.3,Massive Caller,11,PONDERADO,Serie superpuesta con otra del mismo color en esta ola
2025-11-12,Jalisco,14039,Guadalajara,PRECANDIDATO,Condicional: declarantes del partido,MC,CLEMENTE CASTAÑEDA HOEFLICH,14.9,600,4.3,Massive Caller,11,PONDERADO,Serie histórica sin etiqueta numérica en la fuente
2025-12-12,Jalisco,14039,Guadalajara,PRECANDIDATO,Condicional: declarantes del partido,MC,CLEMENTE CASTAÑEDA HOEFLICH,14.1,600,4.3,Massive Caller,11,PONDERADO,Serie histórica sin etiqueta numérica en la fuente
2026-01-12,Jalisco,14039,Guadalajara,PRECANDIDATO,Condicional: declarantes del partido,MC,CLEMENTE CASTAÑEDA HOEFLICH,14.9,600,4.3,Massive Caller,11,PONDERADO,Serie histórica sin etiqueta numérica en la fuente
2026-02-12,Jalisco,14039,Guadalajara,PRECANDIDATO,Condicional: declarantes del partido,MC,CLEMENTE CASTAÑEDA HOEFLICH,17.4,600,4.3,Massive Caller,11,PONDERADO,Serie histórica sin etiqueta numérica en la fuente
2026-03-12,Jalisco,14039,Guadalajara,PRECANDIDATO,Condicional: declarantes del partido,MC,CLEMENTE CASTAÑEDA HOEFLICH,18.7,600,4.3,Massive Caller,11,PONDERADO,Serie histórica sin etiqueta numérica en la fuente
2026-04-12,Jalisco,14039,Guadalajara,PRECANDIDATO,Condicional: declarantes del partido,MC,CLEMENTE CASTAÑEDA HOEFLICH,16.3,600,4.3,Massive Caller,11,PONDERADO,Serie histórica sin etiqueta numérica en la fuente
2026-05-12,Jalisco,14039,Guadalajara,PRECANDIDATO,Condicional: declarantes del partido,MC,CLEMENTE CASTAÑEDA HOEFLICH,19.2,600,4.3,Massive Caller,11,PONDERADO,Serie histórica sin etiqueta numérica en la fuente
2026-06-12,Jalisco,14039,Guadalajara,PRECANDIDATO,Condicional: declarantes del partido,MC,CLEMENTE CASTAÑEDA HOEFLICH,21.1,600,4.3,Massive Caller,11,PONDERADO,Serie histórica sin etiqueta numérica en la fuente
2026-07-12,Jalisco,14039,Guadalajara,PRECANDIDATO,Condicional: declarantes del partido,MC,CLEMENTE CASTAÑEDA HOEFLICH,18.4,600,4.3,Massive Caller,11,PONDERADO,Serie histórica sin etiqueta numérica en la fuente
2026-08-12,Jalisco,14039,Guadalajara,PRECANDIDATO,Condicional: declarantes del partido,MC,CLEMENTE CASTAÑEDA HOEFLICH,21.7,600,4.3,Massive Caller,11,LITERAL,
2025-09-12,Jalisco,14039,Guadalajara,PRECANDIDATO,Condicional: declarantes del partido,MC,AÚN NO DECIDE,12.5,600,4.3,Massive Caller,11,PONDERADO,Serie histórica sin etiqueta numérica en la fuente
2025-10-12,Jalisco,14039,Guadalajara,PRECANDIDATO,Condicional: declarantes del partido,MC,AÚN NO DECIDE,15.7,600,4.3,Massive Caller,11,PONDERADO,Serie histórica sin etiqueta numérica en la fuente
2025-11-12,Jalisco,14039,Guadalajara,PRECANDIDATO,Condicional: declarantes del partido,MC,AÚN NO DECIDE,17.9,600,4.3,Massive Caller,11,PONDERADO,Serie histórica sin etiqueta numérica en la fuente
2025-12-12,Jalisco,14039,Guadalajara,PRECANDIDATO,Condicional: declarantes del partido,MC,AÚN NO DECIDE,19.2,600,4.3,Massive Caller,11,PONDERADO,Serie histórica sin etiqueta numérica en la fuente
2026-01-12,Jalisco,14039,Guadalajara,PRECANDIDATO,Condicional: declarantes del partido,MC,AÚN NO DECIDE,16.8,600,4.3,Massive Caller,11,PONDERADO,Serie histórica sin etiqueta numérica en la fuente
2026-02-12,Jalisco,14039,Guadalajara,PRECANDIDATO,Condicional: declarantes del partido,MC,AÚN NO DECIDE,20.2,600,4.3,Massive Caller,11,PONDERADO,Serie histórica sin etiqueta numérica en la fuente
2026-03-12,Jalisco,14039,Guadalajara,PRECANDIDATO,Condicional: declarantes del partido,MC,AÚN NO DECIDE,17.7,600,4.3,Massive Caller,11,PONDERADO,Serie histórica sin etiqueta numérica en la fuente
2026-04-12,Jalisco,14039,Guadalajara,PRECANDIDATO,Condicional: declarantes del partido,MC,AÚN NO DECIDE,18.4,600,4.3,Massive Caller,11,PONDERADO,Serie histórica sin etiqueta numérica en la fuente
2026-05-12,Jalisco,14039,Guadalajara,PRECANDIDATO,Condicional: declarantes del partido,MC,AÚN NO DECIDE,17.3,600,4.3,Massive Caller,11,PONDERADO,Serie histórica sin etiqueta numérica en la fuente
2026-06-12,Jalisco,14039,Guadalajara,PRECANDIDATO,Condicional: declarantes del partido,MC,AÚN NO DECIDE,18.4,600,4.3,Massive Caller,11,PONDERADO,Serie histórica sin etiqueta numérica en la fuente
2026-07-12,Jalisco,14039,Guadalajara,PRECANDIDATO,Condicional: declarantes del partido,MC,AÚN NO DECIDE,19.5,600,4.3,Massive Caller,11,PONDERADO,Serie histórica sin etiqueta numérica en la fuente
2026-08-12,Jalisco,14039,Guadalajara,PRECANDIDATO,Condicional: declarantes del partido,MC,AÚN NO DECIDE,18.8,600,4.3,Massive Caller,11,LITERAL,
2025-09-12,Jalisco,14039,Guadalajara,PRECANDIDATO,Condicional: declarantes del partido,MC,OTRO,22.9,600,4.3,Massive Caller,11,PONDERADO,Serie histórica sin etiqueta numérica en la fuente
2025-10-12,Jalisco,14039,Guadalajara,PRECANDIDATO,Condicional: declarantes del partido,MC,OTRO,21.6,600,4.3,Massive Caller,11,PONDERADO,Serie histórica sin etiqueta numérica en la fuente
2025-11-12,Jalisco,14039,Guadalajara,PRECANDIDATO,Condicional: declarantes del partido,MC,OTRO,20.9,600,4.3,Massive Caller,11,PONDERADO,Serie histórica sin etiqueta numérica en la fuente
2025-12-12,Jalisco,14039,Guadalajara,PRECANDIDATO,Condicional: declarantes del partido,MC,OTRO,23.2,600,4.3,Massive Caller,11,PONDERADO,Serie histórica sin etiqueta numérica en la fuente
2026-01-12,Jalisco,14039,Guadalajara,PRECANDIDATO,Condicional: declarantes del partido,MC,OTRO,20.8,600,4.3,Massive Caller,11,PONDERADO,Serie histórica sin etiqueta numérica en la fuente
2026-02-12,Jalisco,14039,Guadalajara,PRECANDIDATO,Condicional: declarantes del partido,MC,OTRO,19.3,600,4.3,Massive Caller,11,PONDERADO,Serie histórica sin etiqueta numérica en la fuente
2026-03-12,Jalisco,14039,Guadalajara,PRECANDIDATO,Condicional: declarantes del partido,MC,OTRO,16.8,600,4.3,Massive Caller,11,PONDERADO,Serie histórica sin etiqueta numérica en la fuente
2026-04-12,Jalisco,14039,Guadalajara,PRECANDIDATO,Condicional: declarantes del partido,MC,OTRO,17.4,600,4.3,Massive Caller,11,PONDERADO,Serie histórica sin etiqueta numérica en la fuente
2026-05-12,Jalisco,14039,Guadalajara,PRECANDIDATO,Condicional: declarantes del partido,MC,OTRO,15.4,600,4.3,Massive Caller,11,PONDERADO,Serie histórica sin etiqueta numérica en la fuente
2026-06-12,Jalisco,14039,Guadalajara,PRECANDIDATO,Condicional: declarantes del partido,MC,OTRO,13.3,600,4.3,Massive Caller,11,PONDERADO,Serie histórica sin etiqueta numérica en la fuente
2026-07-12,Jalisco,14039,Guadalajara,PRECANDIDATO,Condicional: declarantes del partido,MC,OTRO,15.5,600,4.3,Massive Caller,11,PONDERADO,Serie histórica sin etiqueta numérica en la fuente
2026-08-12,Jalisco,14039,Guadalajara,PRECANDIDATO,Condicional: declarantes del partido,MC,OTRO,17.1,600,4.3,Massive Caller,11,LITERAL,
2025-09-12,Jalisco,14039,Guadalajara,PRECANDIDATO,Condicional: declarantes del partido,MC,MANUEL ROMO PARRA,16.7,600,4.3,Massive Caller,11,PONDERADO,Serie histórica sin etiqueta numérica en la fuente
2025-10-12,Jalisco,14039,Guadalajara,PRECANDIDATO,Condicional: declarantes del partido,MC,MANUEL ROMO PARRA,7.8,600,4.3,Massive Caller,11,PONDERADO,Serie histórica sin etiqueta numérica en la fuente
2025-11-12,Jalisco,14039,Guadalajara,PRECANDIDATO,Condicional: declarantes del partido,MC,MANUEL ROMO PARRA,6.0,600,4.3,Massive Caller,11,PONDERADO,Serie histórica sin etiqueta numérica en la fuente
2025-12-12,Jalisco,14039,Guadalajara,PRECANDIDATO,Condicional: declarantes del partido,MC,MANUEL ROMO PARRA,4.1,600,4.3,Massive Caller,11,PONDERADO,Serie histórica sin etiqueta numérica en la fuente
2026-01-12,Jalisco,14039,Guadalajara,PRECANDIDATO,Condicional: declarantes del partido,MC,MANUEL ROMO PARRA,4.9,600,4.3,Massive Caller,11,PONDERADO,Serie histórica sin etiqueta numérica en la fuente
2026-02-12,Jalisco,14039,Guadalajara,PRECANDIDATO,Condicional: declarantes del partido,MC,MANUEL ROMO PARRA,3.7,600,4.3,Massive Caller,11,PONDERADO,Serie histórica sin etiqueta numérica en la fuente
2026-03-12,Jalisco,14039,Guadalajara,PRECANDIDATO,Condicional: declarantes del partido,MC,MANUEL ROMO PARRA,4.7,600,4.3,Massive Caller,11,PONDERADO,Serie histórica sin etiqueta numérica en la fuente
2026-04-12,Jalisco,14039,Guadalajara,PRECANDIDATO,Condicional: declarantes del partido,MC,MANUEL ROMO PARRA,3.8,600,4.3,Massive Caller,11,PONDERADO,Serie histórica sin etiqueta numérica en la fuente
2026-05-12,Jalisco,14039,Guadalajara,PRECANDIDATO,Condicional: declarantes del partido,MC,MANUEL ROMO PARRA,5.8,600,4.3,Massive Caller,11,PONDERADO,Serie histórica sin etiqueta numérica en la fuente
2026-06-12,Jalisco,14039,Guadalajara,PRECANDIDATO,Condicional: declarantes del partido,MC,MANUEL ROMO PARRA,7.8,600,4.3,Massive Caller,11,PONDERADO,Serie histórica sin etiqueta numérica en la fuente
2026-07-12,Jalisco,14039,Guadalajara,PRECANDIDATO,Condicional: declarantes del partido,MC,MANUEL ROMO PARRA,4.8,600,4.3,Massive Caller,11,PONDERADO,Serie histórica sin etiqueta numérica en la fuente
2026-08-12,Jalisco,14039,Guadalajara,PRECANDIDATO,Condicional: declarantes del partido,MC,MANUEL ROMO PARRA,2.8,600,4.3,Massive Caller,11,LITERAL,
2025-09-12,Jalisco,14039,Guadalajara,REELECCION,Total de entrevistados,MC,NO,51.2,600,4.3,Massive Caller,13,PONDERADO,Serie histórica sin etiqueta numérica en la fuente
2025-10-12,Jalisco,14039,Guadalajara,REELECCION,Total de entrevistados,MC,NO,52.3,600,4.3,Massive Caller,13,PONDERADO,Serie histórica sin etiqueta numérica en la fuente
2025-11-12,Jalisco,14039,Guadalajara,REELECCION,Total de entrevistados,MC,NO,50.5,600,4.3,Massive Caller,13,PONDERADO,Serie histórica sin etiqueta numérica en la fuente
2025-12-12,Jalisco,14039,Guadalajara,REELECCION,Total de entrevistados,MC,NO,53.4,600,4.3,Massive Caller,13,PONDERADO,Serie histórica sin etiqueta numérica en la fuente
2026-01-12,Jalisco,14039,Guadalajara,REELECCION,Total de entrevistados,MC,NO,51.6,600,4.3,Massive Caller,13,PONDERADO,Serie histórica sin etiqueta numérica en la fuente
2026-02-12,Jalisco,14039,Guadalajara,REELECCION,Total de entrevistados,MC,NO,49.8,600,4.3,Massive Caller,13,PONDERADO,Serie histórica sin etiqueta numérica en la fuente
2026-03-12,Jalisco,14039,Guadalajara,REELECCION,Total de entrevistados,MC,NO,52.9,600,4.3,Massive Caller,13,PONDERADO,Serie histórica sin etiqueta numérica en la fuente
2026-04-12,Jalisco,14039,Guadalajara,REELECCION,Total de entrevistados,MC,NO,54.7,600,4.3,Massive Caller,13,PONDERADO,Serie histórica sin etiqueta numérica en la fuente
2026-05-12,Jalisco,14039,Guadalajara,REELECCION,Total de entrevistados,MC,NO,56.4,600,4.3,Massive Caller,13,PONDERADO,Serie histórica sin etiqueta numérica en la fuente
2026-06-12,Jalisco,14039,Guadalajara,REELECCION,Total de entrevistados,MC,NO,59.8,600,4.3,Massive Caller,13,PONDERADO,Serie histórica sin etiqueta numérica en la fuente
2026-07-12,Jalisco,14039,Guadalajara,REELECCION,Total de entrevistados,MC,NO,58.8,600,4.3,Massive Caller,13,PONDERADO,Serie histórica sin etiqueta numérica en la fuente
2026-08-12,Jalisco,14039,Guadalajara,REELECCION,Total de entrevistados,MC,NO,59.8,600,4.3,Massive Caller,13,LITERAL,
2025-09-12,Jalisco,14039,Guadalajara,REELECCION,Total de entrevistados,MC,SÍ,48.8,600,4.3,Massive Caller,13,PONDERADO,Serie histórica sin etiqueta numérica en la fuente
2025-10-12,Jalisco,14039,Guadalajara,REELECCION,Total de entrevistados,MC,SÍ,47.7,600,4.3,Massive Caller,13,PONDERADO,Serie histórica sin etiqueta numérica en la fuente
2025-11-12,Jalisco,14039,Guadalajara,REELECCION,Total de entrevistados,MC,SÍ,49.5,600,4.3,Massive Caller,13,PONDERADO,Serie histórica sin etiqueta numérica en la fuente
2025-12-12,Jalisco,14039,Guadalajara,REELECCION,Total de entrevistados,MC,SÍ,46.6,600,4.3,Massive Caller,13,PONDERADO,Serie histórica sin etiqueta numérica en la fuente
2026-01-12,Jalisco,14039,Guadalajara,REELECCION,Total de entrevistados,MC,SÍ,48.4,600,4.3,Massive Caller,13,PONDERADO,Serie histórica sin etiqueta numérica en la fuente
2026-02-12,Jalisco,14039,Guadalajara,REELECCION,Total de entrevistados,MC,SÍ,50.3,600,4.3,Massive Caller,13,PONDERADO,Serie histórica sin etiqueta numérica en la fuente
2026-03-12,Jalisco,14039,Guadalajara,REELECCION,Total de entrevistados,MC,SÍ,47.1,600,4.3,Massive Caller,13,PONDERADO,Serie histórica sin etiqueta numérica en la fuente
2026-04-12,Jalisco,14039,Guadalajara,REELECCION,Total de entrevistados,MC,SÍ,45.3,600,4.3,Massive Caller,13,PONDERADO,Serie histórica sin etiqueta numérica en la fuente
2026-05-12,Jalisco,14039,Guadalajara,REELECCION,Total de entrevistados,MC,SÍ,43.6,600,4.3,Massive Caller,13,PONDERADO,Serie histórica sin etiqueta numérica en la fuente
2026-06-12,Jalisco,14039,Guadalajara,REELECCION,Total de entrevistados,MC,SÍ,40.2,600,4.3,Massive Caller,13,PONDERADO,Serie histórica sin etiqueta numérica en la fuente
2026-07-12,Jalisco,14039,Guadalajara,REELECCION,Total de entrevistados,MC,SÍ,41.2,600,4.3,Massive Caller,13,PONDERADO,Serie histórica sin etiqueta numérica en la fuente
2026-08-12,Jalisco,14039,Guadalajara,REELECCION,Total de entrevistados,MC,SÍ,40.2,600,4.3,Massive Caller,13,LITERAL,
2025-08-12,Jalisco,14120,Zapopan,INTENCION_PARTIDO,Total de entrevistados,,MORENA,37.2,600,4.3,Massive Caller,73,PONDERADO,Serie histórica sin etiqueta numérica en la fuente
2025-09-12,Jalisco,14120,Zapopan,INTENCION_PARTIDO,Total de entrevistados,,MORENA,34.3,600,4.3,Massive Caller,73,PONDERADO,Serie histórica sin etiqueta numérica en la fuente
2025-10-12,Jalisco,14120,Zapopan,INTENCION_PARTIDO,Total de entrevistados,,MORENA,34.0,600,4.3,Massive Caller,73,PONDERADO,Serie histórica sin etiqueta numérica en la fuente
2025-11-12,Jalisco,14120,Zapopan,INTENCION_PARTIDO,Total de entrevistados,,MORENA,32.0,600,4.3,Massive Caller,73,PONDERADO,Serie histórica sin etiqueta numérica en la fuente
2025-12-12,Jalisco,14120,Zapopan,INTENCION_PARTIDO,Total de entrevistados,,MORENA,33.9,600,4.3,Massive Caller,73,PONDERADO,Serie histórica sin etiqueta numérica en la fuente
2026-01-12,Jalisco,14120,Zapopan,INTENCION_PARTIDO,Total de entrevistados,,MORENA,35.4,600,4.3,Massive Caller,73,PONDERADO,Serie histórica sin etiqueta numérica en la fuente
2026-02-12,Jalisco,14120,Zapopan,INTENCION_PARTIDO,Total de entrevistados,,MORENA,31.4,600,4.3,Massive Caller,73,PONDERADO,Serie histórica sin etiqueta numérica en la fuente
2026-03-12,Jalisco,14120,Zapopan,INTENCION_PARTIDO,Total de entrevistados,,MORENA,30.7,600,4.3,Massive Caller,73,PONDERADO,Serie histórica sin etiqueta numérica en la fuente
2026-04-12,Jalisco,14120,Zapopan,INTENCION_PARTIDO,Total de entrevistados,,MORENA,29.5,600,4.3,Massive Caller,73,PONDERADO,Serie histórica sin etiqueta numérica en la fuente
2026-05-12,Jalisco,14120,Zapopan,INTENCION_PARTIDO,Total de entrevistados,,MORENA,31.7,600,4.3,Massive Caller,73,PONDERADO,Serie histórica sin etiqueta numérica en la fuente
2026-06-12,Jalisco,14120,Zapopan,INTENCION_PARTIDO,Total de entrevistados,,MORENA,30.4,600,4.3,Massive Caller,73,PONDERADO,Serie histórica sin etiqueta numérica en la fuente
2026-07-12,Jalisco,14120,Zapopan,INTENCION_PARTIDO,Total de entrevistados,,MORENA,27.3,600,4.3,Massive Caller,73,PONDERADO,Serie histórica sin etiqueta numérica en la fuente
2026-08-12,Jalisco,14120,Zapopan,INTENCION_PARTIDO,Total de entrevistados,,MORENA,29.7,600,4.3,Massive Caller,73,LITERAL,
2025-08-12,Jalisco,14120,Zapopan,INTENCION_PARTIDO,Total de entrevistados,,MC,23.3,600,4.3,Massive Caller,73,PONDERADO,"Marcador en borde del plano; lectura ampliada y=445.5, residual 23.3"
2025-09-12,Jalisco,14120,Zapopan,INTENCION_PARTIDO,Total de entrevistados,,MC,25.0,600,4.3,Massive Caller,73,PONDERADO,Serie histórica sin etiqueta numérica en la fuente
2025-10-12,Jalisco,14120,Zapopan,INTENCION_PARTIDO,Total de entrevistados,,MC,26.1,600,4.3,Massive Caller,73,PONDERADO,Serie histórica sin etiqueta numérica en la fuente
2025-11-12,Jalisco,14120,Zapopan,INTENCION_PARTIDO,Total de entrevistados,,MC,27.7,600,4.3,Massive Caller,73,PONDERADO,Serie histórica sin etiqueta numérica en la fuente
2025-12-12,Jalisco,14120,Zapopan,INTENCION_PARTIDO,Total de entrevistados,,MC,24.7,600,4.3,Massive Caller,73,PONDERADO,Serie histórica sin etiqueta numérica en la fuente
2026-01-12,Jalisco,14120,Zapopan,INTENCION_PARTIDO,Total de entrevistados,,MC,23.0,600,4.3,Massive Caller,73,PONDERADO,Serie histórica sin etiqueta numérica en la fuente
2026-02-12,Jalisco,14120,Zapopan,INTENCION_PARTIDO,Total de entrevistados,,MC,26.1,600,4.3,Massive Caller,73,PONDERADO,Serie histórica sin etiqueta numérica en la fuente
2026-03-12,Jalisco,14120,Zapopan,INTENCION_PARTIDO,Total de entrevistados,,MC,24.2,600,4.3,Massive Caller,73,PONDERADO,Serie histórica sin etiqueta numérica en la fuente
2026-04-12,Jalisco,14120,Zapopan,INTENCION_PARTIDO,Total de entrevistados,,MC,25.2,600,4.3,Massive Caller,73,PONDERADO,Serie histórica sin etiqueta numérica en la fuente
2026-05-12,Jalisco,14120,Zapopan,INTENCION_PARTIDO,Total de entrevistados,,MC,22.1,600,4.3,Massive Caller,73,PONDERADO,Serie histórica sin etiqueta numérica en la fuente
2026-06-12,Jalisco,14120,Zapopan,INTENCION_PARTIDO,Total de entrevistados,,MC,25.8,600,4.3,Massive Caller,73,PONDERADO,Serie histórica sin etiqueta numérica en la fuente
2026-07-12,Jalisco,14120,Zapopan,INTENCION_PARTIDO,Total de entrevistados,,MC,25.0,600,4.3,Massive Caller,73,PONDERADO,Serie histórica sin etiqueta numérica en la fuente
2026-08-12,Jalisco,14120,Zapopan,INTENCION_PARTIDO,Total de entrevistados,,MC,26.3,600,4.3,Massive Caller,73,LITERAL,
2025-08-12,Jalisco,14120,Zapopan,INTENCION_PARTIDO,Total de entrevistados,,PAN,14.3,600,4.3,Massive Caller,73,PONDERADO,Serie histórica sin etiqueta numérica en la fuente
2025-09-12,Jalisco,14120,Zapopan,INTENCION_PARTIDO,Total de entrevistados,,PAN,15.7,600,4.3,Massive Caller,73,PONDERADO,Serie histórica sin etiqueta numérica en la fuente
2025-10-12,Jalisco,14120,Zapopan,INTENCION_PARTIDO,Total de entrevistados,,PAN,16.1,600,4.3,Massive Caller,73,PONDERADO,Serie histórica sin etiqueta numérica en la fuente
2025-11-12,Jalisco,14120,Zapopan,INTENCION_PARTIDO,Total de entrevistados,,PAN,13.2,600,4.3,Massive Caller,73,PONDERADO,Serie histórica sin etiqueta numérica en la fuente
2025-12-12,Jalisco,14120,Zapopan,INTENCION_PARTIDO,Total de entrevistados,,PAN,15.9,600,4.3,Massive Caller,73,PONDERADO,Serie histórica sin etiqueta numérica en la fuente
2026-01-12,Jalisco,14120,Zapopan,INTENCION_PARTIDO,Total de entrevistados,,PAN,15.1,600,4.3,Massive Caller,73,PONDERADO,Serie histórica sin etiqueta numérica en la fuente
2026-02-12,Jalisco,14120,Zapopan,INTENCION_PARTIDO,Total de entrevistados,,PAN,14.5,600,4.3,Massive Caller,73,PONDERADO,Serie histórica sin etiqueta numérica en la fuente
2026-03-12,Jalisco,14120,Zapopan,INTENCION_PARTIDO,Total de entrevistados,,PAN,17.8,600,4.3,Massive Caller,73,PONDERADO,Serie histórica sin etiqueta numérica en la fuente
2026-04-12,Jalisco,14120,Zapopan,INTENCION_PARTIDO,Total de entrevistados,,PAN,16.7,600,4.3,Massive Caller,73,PONDERADO,Serie histórica sin etiqueta numérica en la fuente
2026-05-12,Jalisco,14120,Zapopan,INTENCION_PARTIDO,Total de entrevistados,,PAN,17.2,600,4.3,Massive Caller,73,PONDERADO,Serie histórica sin etiqueta numérica en la fuente
2026-06-12,Jalisco,14120,Zapopan,INTENCION_PARTIDO,Total de entrevistados,,PAN,18.2,600,4.3,Massive Caller,73,PONDERADO,Serie histórica sin etiqueta numérica en la fuente
2026-07-12,Jalisco,14120,Zapopan,INTENCION_PARTIDO,Total de entrevistados,,PAN,19.8,600,4.3,Massive Caller,73,PONDERADO,Serie histórica sin etiqueta numérica en la fuente
2026-08-12,Jalisco,14120,Zapopan,INTENCION_PARTIDO,Total de entrevistados,,PAN,17.2,600,4.3,Massive Caller,73,LITERAL,
2025-08-12,Jalisco,14120,Zapopan,INTENCION_PARTIDO,Total de entrevistados,,PRI,10.2,600,4.3,Massive Caller,73,PONDERADO,Serie histórica sin etiqueta numérica en la fuente
2025-09-12,Jalisco,14120,Zapopan,INTENCION_PARTIDO,Total de entrevistados,,PRI,10.3,600,4.3,Massive Caller,73,PONDERADO,Serie histórica sin etiqueta numérica en la fuente
2025-10-12,Jalisco,14120,Zapopan,INTENCION_PARTIDO,Total de entrevistados,,PRI,7.7,600,4.3,Massive Caller,73,PONDERADO,Serie histórica sin etiqueta numérica en la fuente
2025-11-12,Jalisco,14120,Zapopan,INTENCION_PARTIDO,Total de entrevistados,,PRI,9.7,600,4.3,Massive Caller,73,PONDERADO,Serie histórica sin etiqueta numérica en la fuente
2025-12-12,Jalisco,14120,Zapopan,INTENCION_PARTIDO,Total de entrevistados,,PRI,11.6,600,4.3,Massive Caller,73,PONDERADO,Serie histórica sin etiqueta numérica en la fuente
2026-01-12,Jalisco,14120,Zapopan,INTENCION_PARTIDO,Total de entrevistados,,PRI,10.4,600,4.3,Massive Caller,73,PONDERADO,Serie histórica sin etiqueta numérica en la fuente
2026-02-12,Jalisco,14120,Zapopan,INTENCION_PARTIDO,Total de entrevistados,,PRI,12.2,600,4.3,Massive Caller,73,PONDERADO,Serie histórica sin etiqueta numérica en la fuente
2026-03-12,Jalisco,14120,Zapopan,INTENCION_PARTIDO,Total de entrevistados,,PRI,13.2,600,4.3,Massive Caller,73,PONDERADO,Serie histórica sin etiqueta numérica en la fuente
2026-04-12,Jalisco,14120,Zapopan,INTENCION_PARTIDO,Total de entrevistados,,PRI,12.3,600,4.3,Massive Caller,73,PONDERADO,Serie histórica sin etiqueta numérica en la fuente
2026-05-12,Jalisco,14120,Zapopan,INTENCION_PARTIDO,Total de entrevistados,,PRI,9.9,600,4.3,Massive Caller,73,PONDERADO,Serie histórica sin etiqueta numérica en la fuente
2026-06-12,Jalisco,14120,Zapopan,INTENCION_PARTIDO,Total de entrevistados,,PRI,12.7,600,4.3,Massive Caller,73,PONDERADO,Serie histórica sin etiqueta numérica en la fuente
2026-07-12,Jalisco,14120,Zapopan,INTENCION_PARTIDO,Total de entrevistados,,PRI,10.4,600,4.3,Massive Caller,73,PONDERADO,Serie histórica sin etiqueta numérica en la fuente
2026-08-12,Jalisco,14120,Zapopan,INTENCION_PARTIDO,Total de entrevistados,,PRI,11.6,600,4.3,Massive Caller,73,LITERAL,
2025-08-12,Jalisco,14120,Zapopan,INTENCION_PARTIDO,Total de entrevistados,,AÚN NO DECIDE,11.3,600,4.3,Massive Caller,73,PONDERADO,Serie histórica sin etiqueta numérica en la fuente
2025-09-12,Jalisco,14120,Zapopan,INTENCION_PARTIDO,Total de entrevistados,,AÚN NO DECIDE,8.9,600,4.3,Massive Caller,73,PONDERADO,Serie histórica sin etiqueta numérica en la fuente
2025-10-12,Jalisco,14120,Zapopan,INTENCION_PARTIDO,Total de entrevistados,,AÚN NO DECIDE,8.6,600,4.3,Massive Caller,73,PONDERADO,Serie histórica sin etiqueta numérica en la fuente
2025-11-12,Jalisco,14120,Zapopan,INTENCION_PARTIDO,Total de entrevistados,,AÚN NO DECIDE,11.0,600,4.3,Massive Caller,73,PONDERADO,Serie histórica sin etiqueta numérica en la fuente
2025-12-12,Jalisco,14120,Zapopan,INTENCION_PARTIDO,Total de entrevistados,,AÚN NO DECIDE,10.0,600,4.3,Massive Caller,73,PONDERADO,Serie histórica sin etiqueta numérica en la fuente
2026-01-12,Jalisco,14120,Zapopan,INTENCION_PARTIDO,Total de entrevistados,,AÚN NO DECIDE,11.0,600,4.3,Massive Caller,73,PONDERADO,Serie histórica sin etiqueta numérica en la fuente
2026-02-12,Jalisco,14120,Zapopan,INTENCION_PARTIDO,Total de entrevistados,,AÚN NO DECIDE,10.5,600,4.3,Massive Caller,73,PONDERADO,Serie histórica sin etiqueta numérica en la fuente
2026-03-12,Jalisco,14120,Zapopan,INTENCION_PARTIDO,Total de entrevistados,,AÚN NO DECIDE,9.5,600,4.3,Massive Caller,73,PONDERADO,Serie histórica sin etiqueta numérica en la fuente
2026-04-12,Jalisco,14120,Zapopan,INTENCION_PARTIDO,Total de entrevistados,,AÚN NO DECIDE,11.6,600,4.3,Massive Caller,73,PONDERADO,Serie histórica sin etiqueta numérica en la fuente
2026-05-12,Jalisco,14120,Zapopan,INTENCION_PARTIDO,Total de entrevistados,,AÚN NO DECIDE,13.0,600,4.3,Massive Caller,73,PONDERADO,Serie histórica sin etiqueta numérica en la fuente
2026-06-12,Jalisco,14120,Zapopan,INTENCION_PARTIDO,Total de entrevistados,,AÚN NO DECIDE,9.2,600,4.3,Massive Caller,73,PONDERADO,Serie histórica sin etiqueta numérica en la fuente
2026-07-12,Jalisco,14120,Zapopan,INTENCION_PARTIDO,Total de entrevistados,,AÚN NO DECIDE,11.7,600,4.3,Massive Caller,73,PONDERADO,Serie histórica sin etiqueta numérica en la fuente
2026-08-12,Jalisco,14120,Zapopan,INTENCION_PARTIDO,Total de entrevistados,,AÚN NO DECIDE,10.5,600,4.3,Massive Caller,73,LITERAL,
2025-08-12,Jalisco,14120,Zapopan,INTENCION_PARTIDO,Total de entrevistados,,PT,2.3,600,4.3,Massive Caller,73,PONDERADO,Serie histórica sin etiqueta numérica en la fuente
2025-09-12,Jalisco,14120,Zapopan,INTENCION_PARTIDO,Total de entrevistados,,PT,4.9,600,4.3,Massive Caller,73,PONDERADO,Serie histórica sin etiqueta numérica en la fuente
2025-10-12,Jalisco,14120,Zapopan,INTENCION_PARTIDO,Total de entrevistados,,PT,5.9,600,4.3,Massive Caller,73,PONDERADO,Serie histórica sin etiqueta numérica en la fuente
2025-11-12,Jalisco,14120,Zapopan,INTENCION_PARTIDO,Total de entrevistados,,PT,4.2,600,4.3,Massive Caller,73,PONDERADO,Serie histórica sin etiqueta numérica en la fuente
2025-12-12,Jalisco,14120,Zapopan,INTENCION_PARTIDO,Total de entrevistados,,PT,3.3,600,4.3,Massive Caller,73,PONDERADO,Serie histórica sin etiqueta numérica en la fuente
2026-01-12,Jalisco,14120,Zapopan,INTENCION_PARTIDO,Total de entrevistados,,PT,3.9,600,4.3,Massive Caller,73,PONDERADO,Serie histórica sin etiqueta numérica en la fuente
2026-02-12,Jalisco,14120,Zapopan,INTENCION_PARTIDO,Total de entrevistados,,PT,4.8,600,4.3,Massive Caller,73,PONDERADO,Serie histórica sin etiqueta numérica en la fuente
2026-03-12,Jalisco,14120,Zapopan,INTENCION_PARTIDO,Total de entrevistados,,PT,3.7,600,4.3,Massive Caller,73,PONDERADO,Serie histórica sin etiqueta numérica en la fuente
2026-04-12,Jalisco,14120,Zapopan,INTENCION_PARTIDO,Total de entrevistados,,PT,3.4,600,4.3,Massive Caller,73,PONDERADO,Serie histórica sin etiqueta numérica en la fuente
2026-05-12,Jalisco,14120,Zapopan,INTENCION_PARTIDO,Total de entrevistados,,PT,3.6,600,4.3,Massive Caller,73,PONDERADO,Serie histórica sin etiqueta numérica en la fuente
2026-06-12,Jalisco,14120,Zapopan,INTENCION_PARTIDO,Total de entrevistados,,PT,2.4,600,4.3,Massive Caller,73,PONDERADO,Serie histórica sin etiqueta numérica en la fuente
2026-07-12,Jalisco,14120,Zapopan,INTENCION_PARTIDO,Total de entrevistados,,PT,4.5,600,4.3,Massive Caller,73,PONDERADO,Serie histórica sin etiqueta numérica en la fuente
2026-08-12,Jalisco,14120,Zapopan,INTENCION_PARTIDO,Total de entrevistados,,PT,2.8,600,4.3,Massive Caller,73,LITERAL,
2025-08-12,Jalisco,14120,Zapopan,INTENCION_PARTIDO,Total de entrevistados,,PVEM,1.4,600,4.3,Massive Caller,73,PONDERADO,Serie histórica sin etiqueta numérica en la fuente
2025-09-12,Jalisco,14120,Zapopan,INTENCION_PARTIDO,Total de entrevistados,,PVEM,0.9,600,4.3,Massive Caller,73,PONDERADO,Serie histórica sin etiqueta numérica en la fuente
2025-10-12,Jalisco,14120,Zapopan,INTENCION_PARTIDO,Total de entrevistados,,PVEM,1.7,600,4.3,Massive Caller,73,PONDERADO,Serie histórica sin etiqueta numérica en la fuente
2025-11-12,Jalisco,14120,Zapopan,INTENCION_PARTIDO,Total de entrevistados,,PVEM,2.3,600,4.3,Massive Caller,73,PONDERADO,Serie histórica sin etiqueta numérica en la fuente
2025-12-12,Jalisco,14120,Zapopan,INTENCION_PARTIDO,Total de entrevistados,,PVEM,0.5,600,4.3,Massive Caller,73,PONDERADO,Serie histórica sin etiqueta numérica en la fuente
2026-01-12,Jalisco,14120,Zapopan,INTENCION_PARTIDO,Total de entrevistados,,PVEM,1.2,600,4.3,Massive Caller,73,PONDERADO,Serie histórica sin etiqueta numérica en la fuente
2026-02-12,Jalisco,14120,Zapopan,INTENCION_PARTIDO,Total de entrevistados,,PVEM,0.6,600,4.3,Massive Caller,73,PONDERADO,Serie histórica sin etiqueta numérica en la fuente
2026-03-12,Jalisco,14120,Zapopan,INTENCION_PARTIDO,Total de entrevistados,,PVEM,1.0,600,4.3,Massive Caller,73,PONDERADO,Serie histórica sin etiqueta numérica en la fuente
2026-04-12,Jalisco,14120,Zapopan,INTENCION_PARTIDO,Total de entrevistados,,PVEM,1.4,600,4.3,Massive Caller,73,PONDERADO,Serie histórica sin etiqueta numérica en la fuente
2026-05-12,Jalisco,14120,Zapopan,INTENCION_PARTIDO,Total de entrevistados,,PVEM,2.6,600,4.3,Massive Caller,73,PONDERADO,Serie histórica sin etiqueta numérica en la fuente
2026-06-12,Jalisco,14120,Zapopan,INTENCION_PARTIDO,Total de entrevistados,,PVEM,1.4,600,4.3,Massive Caller,73,PONDERADO,Serie histórica sin etiqueta numérica en la fuente
2026-07-12,Jalisco,14120,Zapopan,INTENCION_PARTIDO,Total de entrevistados,,PVEM,1.6,600,4.3,Massive Caller,73,PONDERADO,Serie histórica sin etiqueta numérica en la fuente
2026-08-12,Jalisco,14120,Zapopan,INTENCION_PARTIDO,Total de entrevistados,,PVEM,1.9,600,4.3,Massive Caller,73,LITERAL,
2025-09-12,Jalisco,14120,Zapopan,PRECANDIDATO,Condicional: declarantes del partido,PAN,AÚN NO DECIDE,36.7,600,4.3,Massive Caller,75,PONDERADO,Serie histórica sin etiqueta numérica en la fuente
2025-10-12,Jalisco,14120,Zapopan,PRECANDIDATO,Condicional: declarantes del partido,PAN,AÚN NO DECIDE,35.7,600,4.3,Massive Caller,75,PONDERADO,Serie histórica sin etiqueta numérica en la fuente
2025-11-12,Jalisco,14120,Zapopan,PRECANDIDATO,Condicional: declarantes del partido,PAN,AÚN NO DECIDE,37.1,600,4.3,Massive Caller,75,PONDERADO,Serie histórica sin etiqueta numérica en la fuente
2025-12-12,Jalisco,14120,Zapopan,PRECANDIDATO,Condicional: declarantes del partido,PAN,AÚN NO DECIDE,38.0,600,4.3,Massive Caller,75,PONDERADO,Serie histórica sin etiqueta numérica en la fuente
2026-01-12,Jalisco,14120,Zapopan,PRECANDIDATO,Condicional: declarantes del partido,PAN,AÚN NO DECIDE,37.3,600,4.3,Massive Caller,75,PONDERADO,Serie histórica sin etiqueta numérica en la fuente
2026-02-12,Jalisco,14120,Zapopan,PRECANDIDATO,Condicional: declarantes del partido,PAN,AÚN NO DECIDE,39.4,600,4.3,Massive Caller,75,PONDERADO,Serie histórica sin etiqueta numérica en la fuente
2026-03-12,Jalisco,14120,Zapopan,PRECANDIDATO,Condicional: declarantes del partido,PAN,AÚN NO DECIDE,41.9,600,4.3,Massive Caller,75,PONDERADO,Serie histórica sin etiqueta numérica en la fuente
2026-04-12,Jalisco,14120,Zapopan,PRECANDIDATO,Condicional: declarantes del partido,PAN,AÚN NO DECIDE,37.6,600,4.3,Massive Caller,75,PONDERADO,Serie histórica sin etiqueta numérica en la fuente
2026-05-12,Jalisco,14120,Zapopan,PRECANDIDATO,Condicional: declarantes del partido,PAN,AÚN NO DECIDE,38.9,600,4.3,Massive Caller,75,PONDERADO,Serie histórica sin etiqueta numérica en la fuente
2026-06-12,Jalisco,14120,Zapopan,PRECANDIDATO,Condicional: declarantes del partido,PAN,AÚN NO DECIDE,40.7,600,4.3,Massive Caller,75,PONDERADO,Serie histórica sin etiqueta numérica en la fuente
2026-07-12,Jalisco,14120,Zapopan,PRECANDIDATO,Condicional: declarantes del partido,PAN,AÚN NO DECIDE,39.5,600,4.3,Massive Caller,75,PONDERADO,Serie histórica sin etiqueta numérica en la fuente
2026-08-12,Jalisco,14120,Zapopan,PRECANDIDATO,Condicional: declarantes del partido,PAN,AÚN NO DECIDE,35.1,600,4.3,Massive Caller,75,LITERAL,
2025-09-12,Jalisco,14120,Zapopan,PRECANDIDATO,Condicional: declarantes del partido,PAN,OTRO,24.5,600,4.3,Massive Caller,75,PONDERADO,Serie histórica sin etiqueta numérica en la fuente
2025-10-12,Jalisco,14120,Zapopan,PRECANDIDATO,Condicional: declarantes del partido,PAN,OTRO,26.2,600,4.3,Massive Caller,75,PONDERADO,Serie histórica sin etiqueta numérica en la fuente
2025-11-12,Jalisco,14120,Zapopan,PRECANDIDATO,Condicional: declarantes del partido,PAN,OTRO,28.6,600,4.3,Massive Caller,75,PONDERADO,Serie histórica sin etiqueta numérica en la fuente
2025-12-12,Jalisco,14120,Zapopan,PRECANDIDATO,Condicional: declarantes del partido,PAN,OTRO,29.6,600,4.3,Massive Caller,75,PONDERADO,Serie histórica sin etiqueta numérica en la fuente
2026-01-12,Jalisco,14120,Zapopan,PRECANDIDATO,Condicional: declarantes del partido,PAN,OTRO,28.4,600,4.3,Massive Caller,75,PONDERADO,Serie histórica sin etiqueta numérica en la fuente
2026-02-12,Jalisco,14120,Zapopan,PRECANDIDATO,Condicional: declarantes del partido,PAN,OTRO,26.3,600,4.3,Massive Caller,75,PONDERADO,Serie histórica sin etiqueta numérica en la fuente
2026-03-12,Jalisco,14120,Zapopan,PRECANDIDATO,Condicional: declarantes del partido,PAN,OTRO,27.9,600,4.3,Massive Caller,75,PONDERADO,Serie histórica sin etiqueta numérica en la fuente
2026-04-12,Jalisco,14120,Zapopan,PRECANDIDATO,Condicional: declarantes del partido,PAN,OTRO,29.3,600,4.3,Massive Caller,75,PONDERADO,Serie histórica sin etiqueta numérica en la fuente
2026-05-12,Jalisco,14120,Zapopan,PRECANDIDATO,Condicional: declarantes del partido,PAN,OTRO,27.8,600,4.3,Massive Caller,75,PONDERADO,Serie histórica sin etiqueta numérica en la fuente
2026-06-12,Jalisco,14120,Zapopan,PRECANDIDATO,Condicional: declarantes del partido,PAN,OTRO,25.6,600,4.3,Massive Caller,75,PONDERADO,Serie histórica sin etiqueta numérica en la fuente
2026-07-12,Jalisco,14120,Zapopan,PRECANDIDATO,Condicional: declarantes del partido,PAN,OTRO,26.5,600,4.3,Massive Caller,75,PONDERADO,Serie histórica sin etiqueta numérica en la fuente
2026-08-12,Jalisco,14120,Zapopan,PRECANDIDATO,Condicional: declarantes del partido,PAN,OTRO,27.4,600,4.3,Massive Caller,75,LITERAL,
2025-09-12,Jalisco,14120,Zapopan,PRECANDIDATO,Condicional: declarantes del partido,PAN,OMAR BORBOA,30.6,600,4.3,Massive Caller,75,PONDERADO,Serie histórica sin etiqueta numérica en la fuente
2025-10-12,Jalisco,14120,Zapopan,PRECANDIDATO,Condicional: declarantes del partido,PAN,OMAR BORBOA,28.6,600,4.3,Massive Caller,75,PONDERADO,Serie histórica sin etiqueta numérica en la fuente
2025-11-12,Jalisco,14120,Zapopan,PRECANDIDATO,Condicional: declarantes del partido,PAN,OMAR BORBOA,25.7,600,4.3,Massive Caller,75,PONDERADO,Serie histórica sin etiqueta numérica en la fuente
2025-12-12,Jalisco,14120,Zapopan,PRECANDIDATO,Condicional: declarantes del partido,PAN,OMAR BORBOA,22.5,600,4.3,Massive Caller,75,PONDERADO,Serie histórica sin etiqueta numérica en la fuente
2026-01-12,Jalisco,14120,Zapopan,PRECANDIDATO,Condicional: declarantes del partido,PAN,OMAR BORBOA,25.4,600,4.3,Massive Caller,75,PONDERADO,Serie histórica sin etiqueta numérica en la fuente
2026-02-12,Jalisco,14120,Zapopan,PRECANDIDATO,Condicional: declarantes del partido,PAN,OMAR BORBOA,22.2,600,4.3,Massive Caller,75,PONDERADO,Serie histórica sin etiqueta numérica en la fuente
2026-03-12,Jalisco,14120,Zapopan,PRECANDIDATO,Condicional: declarantes del partido,PAN,OMAR BORBOA,20.9,600,4.3,Massive Caller,75,PONDERADO,Serie histórica sin etiqueta numérica en la fuente
2026-04-12,Jalisco,14120,Zapopan,PRECANDIDATO,Condicional: declarantes del partido,PAN,OMAR BORBOA,22.6,600,4.3,Massive Caller,75,PONDERADO,Serie histórica sin etiqueta numérica en la fuente
2026-05-12,Jalisco,14120,Zapopan,PRECANDIDATO,Condicional: declarantes del partido,PAN,OMAR BORBOA,19.4,600,4.3,Massive Caller,75,PONDERADO,Serie histórica sin etiqueta numérica en la fuente
2026-06-12,Jalisco,14120,Zapopan,PRECANDIDATO,Condicional: declarantes del partido,PAN,OMAR BORBOA,22.1,600,4.3,Massive Caller,75,PONDERADO,Serie histórica sin etiqueta numérica en la fuente
2026-07-12,Jalisco,14120,Zapopan,PRECANDIDATO,Condicional: declarantes del partido,PAN,OMAR BORBOA,19.7,600,4.3,Massive Caller,75,PONDERADO,Serie histórica sin etiqueta numérica en la fuente
2026-08-12,Jalisco,14120,Zapopan,PRECANDIDATO,Condicional: declarantes del partido,PAN,OMAR BORBOA,20.8,600,4.3,Massive Caller,75,LITERAL,
2025-09-12,Jalisco,14120,Zapopan,PRECANDIDATO,Condicional: declarantes del partido,PAN,JERÓNIMO DÍAZ OROZCO,8.2,600,4.3,Massive Caller,75,PONDERADO,Serie histórica sin etiqueta numérica en la fuente
2025-10-12,Jalisco,14120,Zapopan,PRECANDIDATO,Condicional: declarantes del partido,PAN,JERÓNIMO DÍAZ OROZCO,9.5,600,4.3,Massive Caller,75,PONDERADO,Serie histórica sin etiqueta numérica en la fuente
2025-11-12,Jalisco,14120,Zapopan,PRECANDIDATO,Condicional: declarantes del partido,PAN,JERÓNIMO DÍAZ OROZCO,8.6,600,4.3,Massive Caller,75,PONDERADO,Serie histórica sin etiqueta numérica en la fuente
2025-12-12,Jalisco,14120,Zapopan,PRECANDIDATO,Condicional: declarantes del partido,PAN,JERÓNIMO DÍAZ OROZCO,9.9,600,4.3,Massive Caller,75,PONDERADO,Serie histórica sin etiqueta numérica en la fuente
2026-01-12,Jalisco,14120,Zapopan,PRECANDIDATO,Condicional: declarantes del partido,PAN,JERÓNIMO DÍAZ OROZCO,8.9,600,4.3,Massive Caller,75,PONDERADO,Serie histórica sin etiqueta numérica en la fuente
2026-02-12,Jalisco,14120,Zapopan,PRECANDIDATO,Condicional: declarantes del partido,PAN,JERÓNIMO DÍAZ OROZCO,12.1,600,4.3,Massive Caller,75,PONDERADO,Serie histórica sin etiqueta numérica en la fuente
2026-03-12,Jalisco,14120,Zapopan,PRECANDIDATO,Condicional: declarantes del partido,PAN,JERÓNIMO DÍAZ OROZCO,9.3,600,4.3,Massive Caller,75,PONDERADO,Serie histórica sin etiqueta numérica en la fuente
2026-04-12,Jalisco,14120,Zapopan,PRECANDIDATO,Condicional: declarantes del partido,PAN,JERÓNIMO DÍAZ OROZCO,10.5,600,4.3,Massive Caller,75,PONDERADO,Serie histórica sin etiqueta numérica en la fuente
2026-05-12,Jalisco,14120,Zapopan,PRECANDIDATO,Condicional: declarantes del partido,PAN,JERÓNIMO DÍAZ OROZCO,13.8,600,4.3,Massive Caller,75,PONDERADO,Serie histórica sin etiqueta numérica en la fuente
2026-06-12,Jalisco,14120,Zapopan,PRECANDIDATO,Condicional: declarantes del partido,PAN,JERÓNIMO DÍAZ OROZCO,11.6,600,4.3,Massive Caller,75,PONDERADO,Serie histórica sin etiqueta numérica en la fuente
2026-07-12,Jalisco,14120,Zapopan,PRECANDIDATO,Condicional: declarantes del partido,PAN,JERÓNIMO DÍAZ OROZCO,14.3,600,4.3,Massive Caller,75,PONDERADO,Serie histórica sin etiqueta numérica en la fuente
2026-08-12,Jalisco,14120,Zapopan,PRECANDIDATO,Condicional: declarantes del partido,PAN,JERÓNIMO DÍAZ OROZCO,16.7,600,4.3,Massive Caller,75,LITERAL,
2025-09-12,Jalisco,14120,Zapopan,PRECANDIDATO,Condicional: declarantes del partido,PRI,AÚN NO DECIDE,38.0,600,4.3,Massive Caller,77,PONDERADO,Serie histórica sin etiqueta numérica en la fuente
2025-10-12,Jalisco,14120,Zapopan,PRECANDIDATO,Condicional: declarantes del partido,PRI,AÚN NO DECIDE,35.2,600,4.3,Massive Caller,77,PONDERADO,Serie histórica sin etiqueta numérica en la fuente
2025-11-12,Jalisco,14120,Zapopan,PRECANDIDATO,Condicional: declarantes del partido,PRI,AÚN NO DECIDE,33.2,600,4.3,Massive Caller,77,PONDERADO,Serie histórica sin etiqueta numérica en la fuente
2025-12-12,Jalisco,14120,Zapopan,PRECANDIDATO,Condicional: declarantes del partido,PRI,AÚN NO DECIDE,34.5,600,4.3,Massive Caller,77,PONDERADO,Serie histórica sin etiqueta numérica en la fuente
2026-01-12,Jalisco,14120,Zapopan,PRECANDIDATO,Condicional: declarantes del partido,PRI,AÚN NO DECIDE,32.1,600,4.3,Massive Caller,77,PONDERADO,Serie histórica sin etiqueta numérica en la fuente
2026-02-12,Jalisco,14120,Zapopan,PRECANDIDATO,Condicional: declarantes del partido,PRI,AÚN NO DECIDE,28.1,600,4.3,Massive Caller,77,PONDERADO,Serie histórica sin etiqueta numérica en la fuente
2026-03-12,Jalisco,14120,Zapopan,PRECANDIDATO,Condicional: declarantes del partido,PRI,AÚN NO DECIDE,30.2,600,4.3,Massive Caller,77,PONDERADO,Serie histórica sin etiqueta numérica en la fuente
2026-04-12,Jalisco,14120,Zapopan,PRECANDIDATO,Condicional: declarantes del partido,PRI,AÚN NO DECIDE,32.2,600,4.3,Massive Caller,77,PONDERADO,Serie histórica sin etiqueta numérica en la fuente
2026-05-12,Jalisco,14120,Zapopan,PRECANDIDATO,Condicional: declarantes del partido,PRI,AÚN NO DECIDE,29.1,600,4.3,Massive Caller,77,PONDERADO,Serie histórica sin etiqueta numérica en la fuente
2026-06-12,Jalisco,14120,Zapopan,PRECANDIDATO,Condicional: declarantes del partido,PRI,AÚN NO DECIDE,27.5,600,4.3,Massive Caller,77,PONDERADO,Serie histórica sin etiqueta numérica en la fuente
2026-07-12,Jalisco,14120,Zapopan,PRECANDIDATO,Condicional: declarantes del partido,PRI,AÚN NO DECIDE,28.1,600,4.3,Massive Caller,77,PONDERADO,Serie histórica sin etiqueta numérica en la fuente
2026-08-12,Jalisco,14120,Zapopan,PRECANDIDATO,Condicional: declarantes del partido,PRI,AÚN NO DECIDE,26.8,600,4.3,Massive Caller,77,LITERAL,
2025-09-12,Jalisco,14120,Zapopan,PRECANDIDATO,Condicional: declarantes del partido,PRI,ALONDRA GETSEMANY FAUSTO DE LEÓN,28.6,600,4.3,Massive Caller,77,PONDERADO,Serie histórica sin etiqueta numérica en la fuente
2025-10-12,Jalisco,14120,Zapopan,PRECANDIDATO,Condicional: declarantes del partido,PRI,ALONDRA GETSEMANY FAUSTO DE LEÓN,29.3,600,4.3,Massive Caller,77,PONDERADO,Serie histórica sin etiqueta numérica en la fuente
2025-11-12,Jalisco,14120,Zapopan,PRECANDIDATO,Condicional: declarantes del partido,PRI,ALONDRA GETSEMANY FAUSTO DE LEÓN,28.6,600,4.3,Massive Caller,77,PONDERADO,Serie histórica sin etiqueta numérica en la fuente
2025-12-12,Jalisco,14120,Zapopan,PRECANDIDATO,Condicional: declarantes del partido,PRI,ALONDRA GETSEMANY FAUSTO DE LEÓN,26.9,600,4.3,Massive Caller,77,PONDERADO,Serie histórica sin etiqueta numérica en la fuente
2026-01-12,Jalisco,14120,Zapopan,PRECANDIDATO,Condicional: declarantes del partido,PRI,ALONDRA GETSEMANY FAUSTO DE LEÓN,28.5,600,4.3,Massive Caller,77,PONDERADO,Serie histórica sin etiqueta numérica en la fuente
2026-02-12,Jalisco,14120,Zapopan,PRECANDIDATO,Condicional: declarantes del partido,PRI,ALONDRA GETSEMANY FAUSTO DE LEÓN,31.5,600,4.3,Massive Caller,77,PONDERADO,Serie histórica sin etiqueta numérica en la fuente
2026-03-12,Jalisco,14120,Zapopan,PRECANDIDATO,Condicional: declarantes del partido,PRI,ALONDRA GETSEMANY FAUSTO DE LEÓN,29.1,600,4.3,Massive Caller,77,PONDERADO,Serie histórica sin etiqueta numérica en la fuente
2026-04-12,Jalisco,14120,Zapopan,PRECANDIDATO,Condicional: declarantes del partido,PRI,ALONDRA GETSEMANY FAUSTO DE LEÓN,27.8,600,4.3,Massive Caller,77,PONDERADO,Serie histórica sin etiqueta numérica en la fuente
2026-05-12,Jalisco,14120,Zapopan,PRECANDIDATO,Condicional: declarantes del partido,PRI,ALONDRA GETSEMANY FAUSTO DE LEÓN,30.3,600,4.3,Massive Caller,77,PONDERADO,Serie histórica sin etiqueta numérica en la fuente
2026-06-12,Jalisco,14120,Zapopan,PRECANDIDATO,Condicional: declarantes del partido,PRI,ALONDRA GETSEMANY FAUSTO DE LEÓN,28.3,600,4.3,Massive Caller,77,PONDERADO,Serie histórica sin etiqueta numérica en la fuente
2026-07-12,Jalisco,14120,Zapopan,PRECANDIDATO,Condicional: declarantes del partido,PRI,ALONDRA GETSEMANY FAUSTO DE LEÓN,27.1,600,4.3,Massive Caller,77,PONDERADO,Serie histórica sin etiqueta numérica en la fuente
2026-08-12,Jalisco,14120,Zapopan,PRECANDIDATO,Condicional: declarantes del partido,PRI,ALONDRA GETSEMANY FAUSTO DE LEÓN,26.1,600,4.3,Massive Caller,77,LITERAL,
2025-09-12,Jalisco,14120,Zapopan,PRECANDIDATO,Condicional: declarantes del partido,PRI,ANDREA MÁRQUEZ VILLARREAL,23.8,600,4.3,Massive Caller,77,PONDERADO,Serie histórica sin etiqueta numérica en la fuente
2025-10-12,Jalisco,14120,Zapopan,PRECANDIDATO,Condicional: declarantes del partido,PRI,ANDREA MÁRQUEZ VILLARREAL,23.5,600,4.3,Massive Caller,77,PONDERADO,Serie histórica sin etiqueta numérica en la fuente
2025-11-12,Jalisco,14120,Zapopan,PRECANDIDATO,Condicional: declarantes del partido,PRI,ANDREA MÁRQUEZ VILLARREAL,23.8,600,4.3,Massive Caller,77,PONDERADO,Serie histórica sin etiqueta numérica en la fuente
2025-12-12,Jalisco,14120,Zapopan,PRECANDIDATO,Condicional: declarantes del partido,PRI,ANDREA MÁRQUEZ VILLARREAL,23.1,600,4.3,Massive Caller,77,PONDERADO,Serie histórica sin etiqueta numérica en la fuente
2026-01-12,Jalisco,14120,Zapopan,PRECANDIDATO,Condicional: declarantes del partido,PRI,ANDREA MÁRQUEZ VILLARREAL,25.0,600,4.3,Massive Caller,77,PONDERADO,Serie histórica sin etiqueta numérica en la fuente
2026-02-12,Jalisco,14120,Zapopan,PRECANDIDATO,Condicional: declarantes del partido,PRI,ANDREA MÁRQUEZ VILLARREAL,22.8,600,4.3,Massive Caller,77,PONDERADO,Serie histórica sin etiqueta numérica en la fuente
2026-03-12,Jalisco,14120,Zapopan,PRECANDIDATO,Condicional: declarantes del partido,PRI,ANDREA MÁRQUEZ VILLARREAL,20.9,600,4.3,Massive Caller,77,PONDERADO,Serie histórica sin etiqueta numérica en la fuente
2026-04-12,Jalisco,14120,Zapopan,PRECANDIDATO,Condicional: declarantes del partido,PRI,ANDREA MÁRQUEZ VILLARREAL,18.9,600,4.3,Massive Caller,77,PONDERADO,Serie histórica sin etiqueta numérica en la fuente
2026-05-12,Jalisco,14120,Zapopan,PRECANDIDATO,Condicional: declarantes del partido,PRI,ANDREA MÁRQUEZ VILLARREAL,16.8,600,4.3,Massive Caller,77,PONDERADO,Serie histórica sin etiqueta numérica en la fuente
2026-06-12,Jalisco,14120,Zapopan,PRECANDIDATO,Condicional: declarantes del partido,PRI,ANDREA MÁRQUEZ VILLARREAL,19.6,600,4.3,Massive Caller,77,PONDERADO,Serie histórica sin etiqueta numérica en la fuente
2026-07-12,Jalisco,14120,Zapopan,PRECANDIDATO,Condicional: declarantes del partido,PRI,ANDREA MÁRQUEZ VILLARREAL,22.9,600,4.3,Massive Caller,77,PONDERADO,Serie histórica sin etiqueta numérica en la fuente
2026-08-12,Jalisco,14120,Zapopan,PRECANDIDATO,Condicional: declarantes del partido,PRI,ANDREA MÁRQUEZ VILLARREAL,23.8,600,4.3,Massive Caller,77,LITERAL,
2025-09-12,Jalisco,14120,Zapopan,PRECANDIDATO,Condicional: declarantes del partido,PRI,OTRO,9.7,600,4.3,Massive Caller,77,PONDERADO,Serie histórica sin etiqueta numérica en la fuente
2025-10-12,Jalisco,14120,Zapopan,PRECANDIDATO,Condicional: declarantes del partido,PRI,OTRO,12.0,600,4.3,Massive Caller,77,PONDERADO,Serie histórica sin etiqueta numérica en la fuente
2025-11-12,Jalisco,14120,Zapopan,PRECANDIDATO,Condicional: declarantes del partido,PRI,OTRO,14.4,600,4.3,Massive Caller,77,PONDERADO,Serie histórica sin etiqueta numérica en la fuente
2025-12-12,Jalisco,14120,Zapopan,PRECANDIDATO,Condicional: declarantes del partido,PRI,OTRO,15.5,600,4.3,Massive Caller,77,PONDERADO,Serie histórica sin etiqueta numérica en la fuente
2026-01-12,Jalisco,14120,Zapopan,PRECANDIDATO,Condicional: declarantes del partido,PRI,OTRO,14.4,600,4.3,Massive Caller,77,PONDERADO,Serie histórica sin etiqueta numérica en la fuente
2026-02-12,Jalisco,14120,Zapopan,PRECANDIDATO,Condicional: declarantes del partido,PRI,OTRO,17.6,600,4.3,Massive Caller,77,PONDERADO,Serie histórica sin etiqueta numérica en la fuente
2026-03-12,Jalisco,14120,Zapopan,PRECANDIDATO,Condicional: declarantes del partido,PRI,OTRO,19.9,600,4.3,Massive Caller,77,PONDERADO,Serie histórica sin etiqueta numérica en la fuente
2026-04-12,Jalisco,14120,Zapopan,PRECANDIDATO,Condicional: declarantes del partido,PRI,OTRO,21.2,600,4.3,Massive Caller,77,PONDERADO,Serie histórica sin etiqueta numérica en la fuente
2026-05-12,Jalisco,14120,Zapopan,PRECANDIDATO,Condicional: declarantes del partido,PRI,OTRO,23.9,600,4.3,Massive Caller,77,PONDERADO,Serie histórica sin etiqueta numérica en la fuente
2026-06-12,Jalisco,14120,Zapopan,PRECANDIDATO,Condicional: declarantes del partido,PRI,OTRO,24.6,600,4.3,Massive Caller,77,PONDERADO,Serie histórica sin etiqueta numérica en la fuente
2026-07-12,Jalisco,14120,Zapopan,PRECANDIDATO,Condicional: declarantes del partido,PRI,OTRO,22.0,600,4.3,Massive Caller,77,PONDERADO,Serie histórica sin etiqueta numérica en la fuente
2026-08-12,Jalisco,14120,Zapopan,PRECANDIDATO,Condicional: declarantes del partido,PRI,OTRO,23.2,600,4.3,Massive Caller,77,LITERAL,
2025-09-12,Jalisco,14120,Zapopan,PRECANDIDATO,Condicional: declarantes del partido,MORENA,PEDRO KUMAMOTO,55.1,600,4.3,Massive Caller,79,PONDERADO,Serie histórica sin etiqueta numérica en la fuente
2025-10-12,Jalisco,14120,Zapopan,PRECANDIDATO,Condicional: declarantes del partido,MORENA,PEDRO KUMAMOTO,52.6,600,4.3,Massive Caller,79,PONDERADO,Serie histórica sin etiqueta numérica en la fuente
2025-11-12,Jalisco,14120,Zapopan,PRECANDIDATO,Condicional: declarantes del partido,MORENA,PEDRO KUMAMOTO,51.3,600,4.3,Massive Caller,79,PONDERADO,Serie histórica sin etiqueta numérica en la fuente
2025-12-12,Jalisco,14120,Zapopan,PRECANDIDATO,Condicional: declarantes del partido,MORENA,PEDRO KUMAMOTO,48.2,600,4.3,Massive Caller,79,PONDERADO,Serie histórica sin etiqueta numérica en la fuente
2026-01-12,Jalisco,14120,Zapopan,PRECANDIDATO,Condicional: declarantes del partido,MORENA,PEDRO KUMAMOTO,49.2,600,4.3,Massive Caller,79,PONDERADO,Serie histórica sin etiqueta numérica en la fuente
2026-02-12,Jalisco,14120,Zapopan,PRECANDIDATO,Condicional: declarantes del partido,MORENA,PEDRO KUMAMOTO,46.3,600,4.3,Massive Caller,79,PONDERADO,Serie histórica sin etiqueta numérica en la fuente
2026-03-12,Jalisco,14120,Zapopan,PRECANDIDATO,Condicional: declarantes del partido,MORENA,PEDRO KUMAMOTO,43.9,600,4.3,Massive Caller,79,PONDERADO,Serie histórica sin etiqueta numérica en la fuente
2026-04-12,Jalisco,14120,Zapopan,PRECANDIDATO,Condicional: declarantes del partido,MORENA,PEDRO KUMAMOTO,42.7,600,4.3,Massive Caller,79,PONDERADO,Serie histórica sin etiqueta numérica en la fuente
2026-05-12,Jalisco,14120,Zapopan,PRECANDIDATO,Condicional: declarantes del partido,MORENA,PEDRO KUMAMOTO,39.2,600,4.3,Massive Caller,79,PONDERADO,Serie histórica sin etiqueta numérica en la fuente
2026-06-12,Jalisco,14120,Zapopan,PRECANDIDATO,Condicional: declarantes del partido,MORENA,PEDRO KUMAMOTO,42.3,600,4.3,Massive Caller,79,PONDERADO,Serie histórica sin etiqueta numérica en la fuente
2026-07-12,Jalisco,14120,Zapopan,PRECANDIDATO,Condicional: declarantes del partido,MORENA,PEDRO KUMAMOTO,40.6,600,4.3,Massive Caller,79,PONDERADO,Serie histórica sin etiqueta numérica en la fuente
2026-08-12,Jalisco,14120,Zapopan,PRECANDIDATO,Condicional: declarantes del partido,MORENA,PEDRO KUMAMOTO,38.1,600,4.3,Massive Caller,79,LITERAL,
2025-09-12,Jalisco,14120,Zapopan,PRECANDIDATO,Condicional: declarantes del partido,MORENA,MAURO LOMELÍ,8.2,600,4.3,Massive Caller,79,PONDERADO,Serie histórica sin etiqueta numérica en la fuente
2025-10-12,Jalisco,14120,Zapopan,PRECANDIDATO,Condicional: declarantes del partido,MORENA,MAURO LOMELÍ,10.4,600,4.3,Massive Caller,79,PONDERADO,Serie histórica sin etiqueta numérica en la fuente
2025-11-12,Jalisco,14120,Zapopan,PRECANDIDATO,Condicional: declarantes del partido,MORENA,MAURO LOMELÍ,12.2,600,4.3,Massive Caller,79,PONDERADO,Serie histórica sin etiqueta numérica en la fuente
2025-12-12,Jalisco,14120,Zapopan,PRECANDIDATO,Condicional: declarantes del partido,MORENA,MAURO LOMELÍ,13.8,600,4.3,Massive Caller,79,PONDERADO,Serie histórica sin etiqueta numérica en la fuente
2026-01-12,Jalisco,14120,Zapopan,PRECANDIDATO,Condicional: declarantes del partido,MORENA,MAURO LOMELÍ,12.6,600,4.3,Massive Caller,79,PONDERADO,Serie histórica sin etiqueta numérica en la fuente
2026-02-12,Jalisco,14120,Zapopan,PRECANDIDATO,Condicional: declarantes del partido,MORENA,MAURO LOMELÍ,11.4,600,4.3,Massive Caller,79,PONDERADO,Serie histórica sin etiqueta numérica en la fuente
2026-03-12,Jalisco,14120,Zapopan,PRECANDIDATO,Condicional: declarantes del partido,MORENA,MAURO LOMELÍ,10.3,600,4.3,Massive Caller,79,PONDERADO,Serie histórica sin etiqueta numérica en la fuente
2026-04-12,Jalisco,14120,Zapopan,PRECANDIDATO,Condicional: declarantes del partido,MORENA,MAURO LOMELÍ,11.5,600,4.3,Massive Caller,79,PONDERADO,Serie histórica sin etiqueta numérica en la fuente
2026-05-12,Jalisco,14120,Zapopan,PRECANDIDATO,Condicional: declarantes del partido,MORENA,MAURO LOMELÍ,14.9,600,4.3,Massive Caller,79,PONDERADO,Serie histórica sin etiqueta numérica en la fuente
2026-06-12,Jalisco,14120,Zapopan,PRECANDIDATO,Condicional: declarantes del partido,MORENA,MAURO LOMELÍ,16.3,600,4.3,Massive Caller,79,PONDERADO,Serie histórica sin etiqueta numérica en la fuente
2026-07-12,Jalisco,14120,Zapopan,PRECANDIDATO,Condicional: declarantes del partido,MORENA,MAURO LOMELÍ,15.4,600,4.3,Massive Caller,79,PONDERADO,Serie histórica sin etiqueta numérica en la fuente
2026-08-12,Jalisco,14120,Zapopan,PRECANDIDATO,Condicional: declarantes del partido,MORENA,MAURO LOMELÍ,17.1,600,4.3,Massive Caller,79,LITERAL,
2025-09-12,Jalisco,14120,Zapopan,PRECANDIDATO,Condicional: declarantes del partido,MORENA,AÚN NO DECIDE,18.9,600,4.3,Massive Caller,79,PONDERADO,Serie histórica sin etiqueta numérica en la fuente
2025-10-12,Jalisco,14120,Zapopan,PRECANDIDATO,Condicional: declarantes del partido,MORENA,AÚN NO DECIDE,17.3,600,4.3,Massive Caller,79,PONDERADO,Serie histórica sin etiqueta numérica en la fuente
2025-11-12,Jalisco,14120,Zapopan,PRECANDIDATO,Condicional: declarantes del partido,MORENA,AÚN NO DECIDE,15.3,600,4.3,Massive Caller,79,PONDERADO,Serie histórica sin etiqueta numérica en la fuente
2025-12-12,Jalisco,14120,Zapopan,PRECANDIDATO,Condicional: declarantes del partido,MORENA,AÚN NO DECIDE,18.7,600,4.3,Massive Caller,79,PONDERADO,Serie histórica sin etiqueta numérica en la fuente
2026-01-12,Jalisco,14120,Zapopan,PRECANDIDATO,Condicional: declarantes del partido,MORENA,AÚN NO DECIDE,17.6,600,4.3,Massive Caller,79,PONDERADO,Serie histórica sin etiqueta numérica en la fuente
2026-02-12,Jalisco,14120,Zapopan,PRECANDIDATO,Condicional: declarantes del partido,MORENA,AÚN NO DECIDE,18.4,600,4.3,Massive Caller,79,PONDERADO,Serie histórica sin etiqueta numérica en la fuente
2026-03-12,Jalisco,14120,Zapopan,PRECANDIDATO,Condicional: declarantes del partido,MORENA,AÚN NO DECIDE,14.5,600,4.3,Massive Caller,79,PONDERADO,Serie histórica sin etiqueta numérica en la fuente
2026-04-12,Jalisco,14120,Zapopan,PRECANDIDATO,Condicional: declarantes del partido,MORENA,AÚN NO DECIDE,15.2,600,4.3,Massive Caller,79,PONDERADO,Serie histórica sin etiqueta numérica en la fuente
2026-05-12,Jalisco,14120,Zapopan,PRECANDIDATO,Condicional: declarantes del partido,MORENA,AÚN NO DECIDE,14.0,600,4.3,Massive Caller,79,PONDERADO,Serie histórica sin etiqueta numérica en la fuente
2026-06-12,Jalisco,14120,Zapopan,PRECANDIDATO,Condicional: declarantes del partido,MORENA,AÚN NO DECIDE,12.4,600,4.3,Massive Caller,79,PONDERADO,Serie histórica sin etiqueta numérica en la fuente
2026-07-12,Jalisco,14120,Zapopan,PRECANDIDATO,Condicional: declarantes del partido,MORENA,AÚN NO DECIDE,14.3,600,4.3,Massive Caller,79,PONDERADO,Serie histórica sin etiqueta numérica en la fuente
2026-08-12,Jalisco,14120,Zapopan,PRECANDIDATO,Condicional: declarantes del partido,MORENA,AÚN NO DECIDE,16.2,600,4.3,Massive Caller,79,LITERAL,
2025-09-12,Jalisco,14120,Zapopan,PRECANDIDATO,Condicional: declarantes del partido,MORENA,GABRIELA FRANCO,8.2,600,4.3,Massive Caller,79,PONDERADO,Serie superpuesta con otra del mismo color en esta ola
2025-10-12,Jalisco,14120,Zapopan,PRECANDIDATO,Condicional: declarantes del partido,MORENA,GABRIELA FRANCO,10.4,600,4.3,Massive Caller,79,PONDERADO,Serie superpuesta con otra del mismo color en esta ola
2025-11-12,Jalisco,14120,Zapopan,PRECANDIDATO,Condicional: declarantes del partido,MORENA,GABRIELA FRANCO,12.2,600,4.3,Massive Caller,79,PONDERADO,Serie superpuesta con otra del mismo color en esta ola
2025-12-12,Jalisco,14120,Zapopan,PRECANDIDATO,Condicional: declarantes del partido,MORENA,GABRIELA FRANCO,13.8,600,4.3,Massive Caller,79,PONDERADO,Serie superpuesta con otra del mismo color en esta ola
2026-01-12,Jalisco,14120,Zapopan,PRECANDIDATO,Condicional: declarantes del partido,MORENA,GABRIELA FRANCO,12.6,600,4.3,Massive Caller,79,PONDERADO,Serie superpuesta con otra del mismo color en esta ola
2026-02-12,Jalisco,14120,Zapopan,PRECANDIDATO,Condicional: declarantes del partido,MORENA,GABRIELA FRANCO,11.4,600,4.3,Massive Caller,79,PONDERADO,Serie superpuesta con otra del mismo color en esta ola
2026-03-12,Jalisco,14120,Zapopan,PRECANDIDATO,Condicional: declarantes del partido,MORENA,GABRIELA FRANCO,6.2,600,4.3,Massive Caller,79,PONDERADO,Serie superpuesta con otra del mismo color en esta ola
2026-04-12,Jalisco,14120,Zapopan,PRECANDIDATO,Condicional: declarantes del partido,MORENA,GABRIELA FRANCO,7.8,600,4.3,Massive Caller,79,PONDERADO,Serie histórica sin etiqueta numérica en la fuente
2026-05-12,Jalisco,14120,Zapopan,PRECANDIDATO,Condicional: declarantes del partido,MORENA,GABRIELA FRANCO,9.4,600,4.3,Massive Caller,79,PONDERADO,Serie histórica sin etiqueta numérica en la fuente
2026-06-12,Jalisco,14120,Zapopan,PRECANDIDATO,Condicional: declarantes del partido,MORENA,GABRIELA FRANCO,7.6,600,4.3,Massive Caller,79,PONDERADO,Serie histórica sin etiqueta numérica en la fuente
2026-07-12,Jalisco,14120,Zapopan,PRECANDIDATO,Condicional: declarantes del partido,MORENA,GABRIELA FRANCO,15.4,600,4.3,Massive Caller,79,PONDERADO,Serie superpuesta con otra del mismo color en esta ola
2026-08-12,Jalisco,14120,Zapopan,PRECANDIDATO,Condicional: declarantes del partido,MORENA,GABRIELA FRANCO,11.9,600,4.3,Massive Caller,79,LITERAL,
2025-09-12,Jalisco,14120,Zapopan,PRECANDIDATO,Condicional: declarantes del partido,MORENA,OTRO,17.7,600,4.3,Massive Caller,79,PONDERADO,Serie histórica sin etiqueta numérica en la fuente
2025-10-12,Jalisco,14120,Zapopan,PRECANDIDATO,Condicional: declarantes del partido,MORENA,OTRO,,600,4.3,Massive Caller,79,AUSENTE,Marcador ocluido; no resuelto automáticamente
2025-11-12,Jalisco,14120,Zapopan,PRECANDIDATO,Condicional: declarantes del partido,MORENA,OTRO,,600,4.3,Massive Caller,79,AUSENTE,Marcador ocluido; no resuelto automáticamente
2025-12-12,Jalisco,14120,Zapopan,PRECANDIDATO,Condicional: declarantes del partido,MORENA,OTRO,,600,4.3,Massive Caller,79,AUSENTE,Marcador ocluido; no resuelto automáticamente
2026-01-12,Jalisco,14120,Zapopan,PRECANDIDATO,Condicional: declarantes del partido,MORENA,OTRO,,600,4.3,Massive Caller,79,AUSENTE,Marcador ocluido; no resuelto automáticamente
2026-02-12,Jalisco,14120,Zapopan,PRECANDIDATO,Condicional: declarantes del partido,MORENA,OTRO,,600,4.3,Massive Caller,79,AUSENTE,Marcador ocluido; no resuelto automáticamente
2026-03-12,Jalisco,14120,Zapopan,PRECANDIDATO,Condicional: declarantes del partido,MORENA,OTRO,9.5,600,4.3,Massive Caller,79,PONDERADO,Serie histórica sin etiqueta numérica en la fuente
2026-04-12,Jalisco,14120,Zapopan,PRECANDIDATO,Condicional: declarantes del partido,MORENA,OTRO,10.7,600,4.3,Massive Caller,79,PONDERADO,Serie histórica sin etiqueta numérica en la fuente
2026-05-12,Jalisco,14120,Zapopan,PRECANDIDATO,Condicional: declarantes del partido,MORENA,OTRO,12.9,600,4.3,Massive Caller,79,PONDERADO,Serie histórica sin etiqueta numérica en la fuente
2026-06-12,Jalisco,14120,Zapopan,PRECANDIDATO,Condicional: declarantes del partido,MORENA,OTRO,11.4,600,4.3,Massive Caller,79,PONDERADO,Serie histórica sin etiqueta numérica en la fuente
2026-07-12,Jalisco,14120,Zapopan,PRECANDIDATO,Condicional: declarantes del partido,MORENA,OTRO,10.4,600,4.3,Massive Caller,79,PONDERADO,Serie histórica sin etiqueta numérica en la fuente
2026-08-12,Jalisco,14120,Zapopan,PRECANDIDATO,Condicional: declarantes del partido,MORENA,OTRO,10.4,600,4.3,Massive Caller,79,LITERAL,
2026-03-12,Jalisco,14120,Zapopan,PRECANDIDATO,Condicional: declarantes del partido,MORENA,KARIME MORQUECHO,6.2,600,4.3,Massive Caller,79,PONDERADO,Serie histórica sin etiqueta numérica en la fuente
2026-04-12,Jalisco,14120,Zapopan,PRECANDIDATO,Condicional: declarantes del partido,MORENA,KARIME MORQUECHO,6.5,600,4.3,Massive Caller,79,PONDERADO,Serie histórica sin etiqueta numérica en la fuente
2026-05-12,Jalisco,14120,Zapopan,PRECANDIDATO,Condicional: declarantes del partido,MORENA,KARIME MORQUECHO,5.4,600,4.3,Massive Caller,79,PONDERADO,Serie histórica sin etiqueta numérica en la fuente
2026-06-12,Jalisco,14120,Zapopan,PRECANDIDATO,Condicional: declarantes del partido,MORENA,KARIME MORQUECHO,3.9,600,4.3,Massive Caller,79,PONDERADO,Serie histórica sin etiqueta numérica en la fuente
2026-07-12,Jalisco,14120,Zapopan,PRECANDIDATO,Condicional: declarantes del partido,MORENA,KARIME MORQUECHO,4.7,600,4.3,Massive Caller,79,PONDERADO,Serie histórica sin etiqueta numérica en la fuente
2026-08-12,Jalisco,14120,Zapopan,PRECANDIDATO,Condicional: declarantes del partido,MORENA,KARIME MORQUECHO,3.4,600,4.3,Massive Caller,79,LITERAL,
2026-03-12,Jalisco,14120,Zapopan,PRECANDIDATO,Condicional: declarantes del partido,MORENA,MARÍA REYNOSO,,600,4.3,Massive Caller,79,AUSENTE,Marcador ocluido; no resuelto automáticamente
2026-04-12,Jalisco,14120,Zapopan,PRECANDIDATO,Condicional: declarantes del partido,MORENA,MARÍA REYNOSO,,600,4.3,Massive Caller,79,AUSENTE,Marcador ocluido; no resuelto automáticamente
2026-05-12,Jalisco,14120,Zapopan,PRECANDIDATO,Condicional: declarantes del partido,MORENA,MARÍA REYNOSO,,600,4.3,Massive Caller,79,AUSENTE,Marcador ocluido; no resuelto automáticamente
2026-06-12,Jalisco,14120,Zapopan,PRECANDIDATO,Condicional: declarantes del partido,MORENA,MARÍA REYNOSO,,600,4.3,Massive Caller,79,AUSENTE,Marcador ocluido; no resuelto automáticamente
2026-07-12,Jalisco,14120,Zapopan,PRECANDIDATO,Condicional: declarantes del partido,MORENA,MARÍA REYNOSO,,600,4.3,Massive Caller,79,AUSENTE,Marcador ocluido; no resuelto automáticamente
2026-08-12,Jalisco,14120,Zapopan,PRECANDIDATO,Condicional: declarantes del partido,MORENA,MARÍA REYNOSO,,600,4.3,Massive Caller,79,AUSENTE,Marcador ocluido; no resuelto automáticamente
2025-09-12,Jalisco,14120,Zapopan,PRECANDIDATO,Condicional: declarantes del partido,MC,GABRIELA CÁRDENAS RODRÍGUEZ,25.3,600,4.3,Massive Caller,81,PONDERADO,Serie histórica sin etiqueta numérica en la fuente
2025-10-12,Jalisco,14120,Zapopan,PRECANDIDATO,Condicional: declarantes del partido,MC,GABRIELA CÁRDENAS RODRÍGUEZ,22.1,600,4.3,Massive Caller,81,PONDERADO,Serie histórica sin etiqueta numérica en la fuente
2025-11-12,Jalisco,14120,Zapopan,PRECANDIDATO,Condicional: declarantes del partido,MC,GABRIELA CÁRDENAS RODRÍGUEZ,18.7,600,4.3,Massive Caller,81,PONDERADO,Serie histórica sin etiqueta numérica en la fuente
2025-12-12,Jalisco,14120,Zapopan,PRECANDIDATO,Condicional: declarantes del partido,MC,GABRIELA CÁRDENAS RODRÍGUEZ,16.5,600,4.3,Massive Caller,81,PONDERADO,Serie histórica sin etiqueta numérica en la fuente
2026-01-12,Jalisco,14120,Zapopan,PRECANDIDATO,Condicional: declarantes del partido,MC,GABRIELA CÁRDENAS RODRÍGUEZ,17.9,600,4.3,Massive Caller,81,PONDERADO,Serie superpuesta con otra del mismo color en esta ola
2026-02-12,Jalisco,14120,Zapopan,PRECANDIDATO,Condicional: declarantes del partido,MC,GABRIELA CÁRDENAS RODRÍGUEZ,20.5,600,4.3,Massive Caller,81,PONDERADO,Serie histórica sin etiqueta numérica en la fuente
2026-03-12,Jalisco,14120,Zapopan,PRECANDIDATO,Condicional: declarantes del partido,MC,GABRIELA CÁRDENAS RODRÍGUEZ,17.1,600,4.3,Massive Caller,81,PONDERADO,Serie superpuesta con otra del mismo color en esta ola
2026-04-12,Jalisco,14120,Zapopan,PRECANDIDATO,Condicional: declarantes del partido,MC,GABRIELA CÁRDENAS RODRÍGUEZ,20.5,600,4.3,Massive Caller,81,PONDERADO,Serie histórica sin etiqueta numérica en la fuente
2026-05-12,Jalisco,14120,Zapopan,PRECANDIDATO,Condicional: declarantes del partido,MC,GABRIELA CÁRDENAS RODRÍGUEZ,22.6,600,4.3,Massive Caller,81,PONDERADO,Serie histórica sin etiqueta numérica en la fuente
2026-06-12,Jalisco,14120,Zapopan,PRECANDIDATO,Condicional: declarantes del partido,MC,GABRIELA CÁRDENAS RODRÍGUEZ,24.1,600,4.3,Massive Caller,81,PONDERADO,Serie histórica sin etiqueta numérica en la fuente
2026-07-12,Jalisco,14120,Zapopan,PRECANDIDATO,Condicional: declarantes del partido,MC,GABRIELA CÁRDENAS RODRÍGUEZ,26.0,600,4.3,Massive Caller,81,PONDERADO,Serie histórica sin etiqueta numérica en la fuente
2026-08-12,Jalisco,14120,Zapopan,PRECANDIDATO,Condicional: declarantes del partido,MC,GABRIELA CÁRDENAS RODRÍGUEZ,24.6,600,4.3,Massive Caller,81,LITERAL,
2025-09-12,Jalisco,14120,Zapopan,PRECANDIDATO,Condicional: declarantes del partido,MC,AÚN NO DECIDE,,600,4.3,Massive Caller,81,AUSENTE,Marcador ocluido; no resuelto automáticamente
2025-10-12,Jalisco,14120,Zapopan,PRECANDIDATO,Condicional: declarantes del partido,MC,AÚN NO DECIDE,,600,4.3,Massive Caller,81,AUSENTE,Marcador ocluido; no resuelto automáticamente
2025-11-12,Jalisco,14120,Zapopan,PRECANDIDATO,Condicional: declarantes del partido,MC,AÚN NO DECIDE,,600,4.3,Massive Caller,81,AUSENTE,Marcador ocluido; no resuelto automáticamente
2025-12-12,Jalisco,14120,Zapopan,PRECANDIDATO,Condicional: declarantes del partido,MC,AÚN NO DECIDE,,600,4.3,Massive Caller,81,AUSENTE,Marcador ocluido; no resuelto automáticamente
2026-01-12,Jalisco,14120,Zapopan,PRECANDIDATO,Condicional: declarantes del partido,MC,AÚN NO DECIDE,,600,4.3,Massive Caller,81,AUSENTE,Marcador ocluido; no resuelto automáticamente
2026-02-12,Jalisco,14120,Zapopan,PRECANDIDATO,Condicional: declarantes del partido,MC,AÚN NO DECIDE,,600,4.3,Massive Caller,81,AUSENTE,Marcador ocluido; no resuelto automáticamente
2026-03-12,Jalisco,14120,Zapopan,PRECANDIDATO,Condicional: declarantes del partido,MC,AÚN NO DECIDE,25.3,600,4.3,Massive Caller,81,PONDERADO,Serie histórica sin etiqueta numérica en la fuente
2026-04-12,Jalisco,14120,Zapopan,PRECANDIDATO,Condicional: declarantes del partido,MC,AÚN NO DECIDE,24.1,600,4.3,Massive Caller,81,PONDERADO,Serie histórica sin etiqueta numérica en la fuente
2026-05-12,Jalisco,14120,Zapopan,PRECANDIDATO,Condicional: declarantes del partido,MC,AÚN NO DECIDE,27.3,600,4.3,Massive Caller,81,PONDERADO,Serie histórica sin etiqueta numérica en la fuente
2026-06-12,Jalisco,14120,Zapopan,PRECANDIDATO,Condicional: declarantes del partido,MC,AÚN NO DECIDE,23.4,600,4.3,Massive Caller,81,PONDERADO,Serie histórica sin etiqueta numérica en la fuente
2026-07-12,Jalisco,14120,Zapopan,PRECANDIDATO,Condicional: declarantes del partido,MC,AÚN NO DECIDE,22.3,600,4.3,Massive Caller,81,PONDERADO,Serie histórica sin etiqueta numérica en la fuente
2026-08-12,Jalisco,14120,Zapopan,PRECANDIDATO,Condicional: declarantes del partido,MC,AÚN NO DECIDE,20.3,600,4.3,Massive Caller,81,LITERAL,
2025-09-12,Jalisco,14120,Zapopan,PRECANDIDATO,Condicional: declarantes del partido,MC,MÓNICA MAGAÑA,25.3,600,4.3,Massive Caller,81,PONDERADO,Serie superpuesta con otra del mismo color en esta ola
2025-10-12,Jalisco,14120,Zapopan,PRECANDIDATO,Condicional: declarantes del partido,MC,MÓNICA MAGAÑA,22.1,600,4.3,Massive Caller,81,PONDERADO,Serie superpuesta con otra del mismo color en esta ola
2025-11-12,Jalisco,14120,Zapopan,PRECANDIDATO,Condicional: declarantes del partido,MC,MÓNICA MAGAÑA,18.7,600,4.3,Massive Caller,81,PONDERADO,Serie superpuesta con otra del mismo color en esta ola
2025-12-12,Jalisco,14120,Zapopan,PRECANDIDATO,Condicional: declarantes del partido,MC,MÓNICA MAGAÑA,16.5,600,4.3,Massive Caller,81,PONDERADO,Serie superpuesta con otra del mismo color en esta ola
2026-01-12,Jalisco,14120,Zapopan,PRECANDIDATO,Condicional: declarantes del partido,MC,MÓNICA MAGAÑA,17.9,600,4.3,Massive Caller,81,PONDERADO,Serie histórica sin etiqueta numérica en la fuente
2026-02-12,Jalisco,14120,Zapopan,PRECANDIDATO,Condicional: declarantes del partido,MC,MÓNICA MAGAÑA,15.6,600,4.3,Massive Caller,81,PONDERADO,Serie histórica sin etiqueta numérica en la fuente
2026-03-12,Jalisco,14120,Zapopan,PRECANDIDATO,Condicional: declarantes del partido,MC,MÓNICA MAGAÑA,17.1,600,4.3,Massive Caller,81,PONDERADO,Serie histórica sin etiqueta numérica en la fuente
2026-04-12,Jalisco,14120,Zapopan,PRECANDIDATO,Condicional: declarantes del partido,MC,MÓNICA MAGAÑA,15.2,600,4.3,Massive Caller,81,PONDERADO,Serie histórica sin etiqueta numérica en la fuente
2026-05-12,Jalisco,14120,Zapopan,PRECANDIDATO,Condicional: declarantes del partido,MC,MÓNICA MAGAÑA,17.3,600,4.3,Massive Caller,81,PONDERADO,Serie histórica sin etiqueta numérica en la fuente
2026-06-12,Jalisco,14120,Zapopan,PRECANDIDATO,Condicional: declarantes del partido,MC,MÓNICA MAGAÑA,18.2,600,4.3,Massive Caller,81,PONDERADO,Serie histórica sin etiqueta numérica en la fuente
2026-07-12,Jalisco,14120,Zapopan,PRECANDIDATO,Condicional: declarantes del partido,MC,MÓNICA MAGAÑA,17.2,600,4.3,Massive Caller,81,PONDERADO,Serie histórica sin etiqueta numérica en la fuente
2026-08-12,Jalisco,14120,Zapopan,PRECANDIDATO,Condicional: declarantes del partido,MC,MÓNICA MAGAÑA,18.6,600,4.3,Massive Caller,81,LITERAL,
2025-09-12,Jalisco,14120,Zapopan,PRECANDIDATO,Condicional: declarantes del partido,MC,OTRO,32.2,600,4.3,Massive Caller,81,PONDERADO,Serie histórica sin etiqueta numérica en la fuente
2025-10-12,Jalisco,14120,Zapopan,PRECANDIDATO,Condicional: declarantes del partido,MC,OTRO,27.9,600,4.3,Massive Caller,81,PONDERADO,Serie histórica sin etiqueta numérica en la fuente
2025-11-12,Jalisco,14120,Zapopan,PRECANDIDATO,Condicional: declarantes del partido,MC,OTRO,25.7,600,4.3,Massive Caller,81,PONDERADO,Serie histórica sin etiqueta numérica en la fuente
2025-12-12,Jalisco,14120,Zapopan,PRECANDIDATO,Condicional: declarantes del partido,MC,OTRO,24.8,600,4.3,Massive Caller,81,PONDERADO,Serie histórica sin etiqueta numérica en la fuente
2026-01-12,Jalisco,14120,Zapopan,PRECANDIDATO,Condicional: declarantes del partido,MC,OTRO,23.6,600,4.3,Massive Caller,81,PONDERADO,Serie histórica sin etiqueta numérica en la fuente
2026-02-12,Jalisco,14120,Zapopan,PRECANDIDATO,Condicional: declarantes del partido,MC,OTRO,22.1,600,4.3,Massive Caller,81,PONDERADO,Serie histórica sin etiqueta numérica en la fuente
2026-03-12,Jalisco,14120,Zapopan,PRECANDIDATO,Condicional: declarantes del partido,MC,OTRO,18.3,600,4.3,Massive Caller,81,PONDERADO,Serie histórica sin etiqueta numérica en la fuente
2026-04-12,Jalisco,14120,Zapopan,PRECANDIDATO,Condicional: declarantes del partido,MC,OTRO,18.2,600,4.3,Massive Caller,81,PONDERADO,Serie histórica sin etiqueta numérica en la fuente
2026-05-12,Jalisco,14120,Zapopan,PRECANDIDATO,Condicional: declarantes del partido,MC,OTRO,16.7,600,4.3,Massive Caller,81,PONDERADO,Serie histórica sin etiqueta numérica en la fuente
2026-06-12,Jalisco,14120,Zapopan,PRECANDIDATO,Condicional: declarantes del partido,MC,OTRO,14.6,600,4.3,Massive Caller,81,PONDERADO,Serie histórica sin etiqueta numérica en la fuente
2026-07-12,Jalisco,14120,Zapopan,PRECANDIDATO,Condicional: declarantes del partido,MC,OTRO,15.7,600,4.3,Massive Caller,81,PONDERADO,Serie histórica sin etiqueta numérica en la fuente
2026-08-12,Jalisco,14120,Zapopan,PRECANDIDATO,Condicional: declarantes del partido,MC,OTRO,17.8,600,4.3,Massive Caller,81,LITERAL,
2025-09-12,Jalisco,14120,Zapopan,PRECANDIDATO,Condicional: declarantes del partido,MC,ÓSCAR JAVIER RAMÍREZ CASTELLANOS,3.4,600,4.3,Massive Caller,81,PONDERADO,Serie superpuesta con otra del mismo color en esta ola
2025-10-12,Jalisco,14120,Zapopan,PRECANDIDATO,Condicional: declarantes del partido,MC,ÓSCAR JAVIER RAMÍREZ CASTELLANOS,10.3,600,4.3,Massive Caller,81,PONDERADO,Serie histórica sin etiqueta numérica en la fuente
2025-11-12,Jalisco,14120,Zapopan,PRECANDIDATO,Condicional: declarantes del partido,MC,ÓSCAR JAVIER RAMÍREZ CASTELLANOS,11.4,600,4.3,Massive Caller,81,PONDERADO,Serie histórica sin etiqueta numérica en la fuente
2025-12-12,Jalisco,14120,Zapopan,PRECANDIDATO,Condicional: declarantes del partido,MC,ÓSCAR JAVIER RAMÍREZ CASTELLANOS,10.3,600,4.3,Massive Caller,81,PONDERADO,Serie superpuesta con otra del mismo color en esta ola
2026-01-12,Jalisco,14120,Zapopan,PRECANDIDATO,Condicional: declarantes del partido,MC,ÓSCAR JAVIER RAMÍREZ CASTELLANOS,12.2,600,4.3,Massive Caller,81,PONDERADO,Serie histórica sin etiqueta numérica en la fuente
2026-02-12,Jalisco,14120,Zapopan,PRECANDIDATO,Condicional: declarantes del partido,MC,ÓSCAR JAVIER RAMÍREZ CASTELLANOS,15.6,600,4.3,Massive Caller,81,PONDERADO,Serie superpuesta con otra del mismo color en esta ola
2026-03-12,Jalisco,14120,Zapopan,PRECANDIDATO,Condicional: declarantes del partido,MC,ÓSCAR JAVIER RAMÍREZ CASTELLANOS,12.7,600,4.3,Massive Caller,81,PONDERADO,Serie histórica sin etiqueta numérica en la fuente
2026-04-12,Jalisco,14120,Zapopan,PRECANDIDATO,Condicional: declarantes del partido,MC,ÓSCAR JAVIER RAMÍREZ CASTELLANOS,11.0,600,4.3,Massive Caller,81,PONDERADO,Serie histórica sin etiqueta numérica en la fuente
2026-05-12,Jalisco,14120,Zapopan,PRECANDIDATO,Condicional: declarantes del partido,MC,ÓSCAR JAVIER RAMÍREZ CASTELLANOS,8.7,600,4.3,Massive Caller,81,PONDERADO,Serie histórica sin etiqueta numérica en la fuente
2026-06-12,Jalisco,14120,Zapopan,PRECANDIDATO,Condicional: declarantes del partido,MC,ÓSCAR JAVIER RAMÍREZ CASTELLANOS,9.8,600,4.3,Massive Caller,81,PONDERADO,Serie histórica sin etiqueta numérica en la fuente
2026-07-12,Jalisco,14120,Zapopan,PRECANDIDATO,Condicional: declarantes del partido,MC,ÓSCAR JAVIER RAMÍREZ CASTELLANOS,11.2,600,4.3,Massive Caller,81,PONDERADO,Serie histórica sin etiqueta numérica en la fuente
2026-08-12,Jalisco,14120,Zapopan,PRECANDIDATO,Condicional: declarantes del partido,MC,ÓSCAR JAVIER RAMÍREZ CASTELLANOS,10.2,600,4.3,Massive Caller,81,LITERAL,
2025-09-12,Jalisco,14120,Zapopan,PRECANDIDATO,Condicional: declarantes del partido,MC,MIRZA FLORES GÓMEZ,3.4,600,4.3,Massive Caller,81,PONDERADO,Serie histórica sin etiqueta numérica en la fuente
2025-10-12,Jalisco,14120,Zapopan,PRECANDIDATO,Condicional: declarantes del partido,MC,MIRZA FLORES GÓMEZ,4.4,600,4.3,Massive Caller,81,PONDERADO,Serie histórica sin etiqueta numérica en la fuente
2025-11-12,Jalisco,14120,Zapopan,PRECANDIDATO,Condicional: declarantes del partido,MC,MIRZA FLORES GÓMEZ,7.1,600,4.3,Massive Caller,81,PONDERADO,Serie histórica sin etiqueta numérica en la fuente
2025-12-12,Jalisco,14120,Zapopan,PRECANDIDATO,Condicional: declarantes del partido,MC,MIRZA FLORES GÓMEZ,10.3,600,4.3,Massive Caller,81,PONDERADO,Serie histórica sin etiqueta numérica en la fuente
2026-01-12,Jalisco,14120,Zapopan,PRECANDIDATO,Condicional: declarantes del partido,MC,MIRZA FLORES GÓMEZ,8.9,600,4.3,Massive Caller,81,PONDERADO,Serie histórica sin etiqueta numérica en la fuente
2026-02-12,Jalisco,14120,Zapopan,PRECANDIDATO,Condicional: declarantes del partido,MC,MIRZA FLORES GÓMEZ,6.6,600,4.3,Massive Caller,81,PONDERADO,Serie histórica sin etiqueta numérica en la fuente
2026-03-12,Jalisco,14120,Zapopan,PRECANDIDATO,Condicional: declarantes del partido,MC,MIRZA FLORES GÓMEZ,9.5,600,4.3,Massive Caller,81,PONDERADO,Serie histórica sin etiqueta numérica en la fuente
2026-04-12,Jalisco,14120,Zapopan,PRECANDIDATO,Condicional: declarantes del partido,MC,MIRZA FLORES GÓMEZ,11.0,600,4.3,Massive Caller,81,PONDERADO,Serie superpuesta con otra del mismo color en esta ola
2026-05-12,Jalisco,14120,Zapopan,PRECANDIDATO,Condicional: declarantes del partido,MC,MIRZA FLORES GÓMEZ,7.3,600,4.3,Massive Caller,81,PONDERADO,Serie histórica sin etiqueta numérica en la fuente
2026-06-12,Jalisco,14120,Zapopan,PRECANDIDATO,Condicional: declarantes del partido,MC,MIRZA FLORES GÓMEZ,9.8,600,4.3,Massive Caller,81,PONDERADO,Serie superpuesta con otra del mismo color en esta ola
2026-07-12,Jalisco,14120,Zapopan,PRECANDIDATO,Condicional: declarantes del partido,MC,MIRZA FLORES GÓMEZ,7.5,600,4.3,Massive Caller,81,PONDERADO,Serie histórica sin etiqueta numérica en la fuente
2026-08-12,Jalisco,14120,Zapopan,PRECANDIDATO,Condicional: declarantes del partido,MC,MIRZA FLORES GÓMEZ,8.5,600,4.3,Massive Caller,81,LITERAL,
2026-08-12,Jalisco,14097,Tlajomulco de Zúñiga,INTENCION_PARTIDO,Total de entrevistados,,MORENA,35.2,600,4.3,Massive Caller,38,LITERAL,
2026-08-12,Jalisco,14097,Tlajomulco de Zúñiga,INTENCION_PARTIDO,Total de entrevistados,,MC,23.9,600,4.3,Massive Caller,38,LITERAL,
2026-08-12,Jalisco,14097,Tlajomulco de Zúñiga,INTENCION_PARTIDO,Total de entrevistados,,PAN,13.3,600,4.3,Massive Caller,38,LITERAL,
2026-08-12,Jalisco,14097,Tlajomulco de Zúñiga,INTENCION_PARTIDO,Total de entrevistados,,PRI,8.6,600,4.3,Massive Caller,38,LITERAL,
2026-08-12,Jalisco,14097,Tlajomulco de Zúñiga,INTENCION_PARTIDO,Total de entrevistados,,PT,3.1,600,4.3,Massive Caller,38,LITERAL,
2026-08-12,Jalisco,14097,Tlajomulco de Zúñiga,INTENCION_PARTIDO,Total de entrevistados,,PVEM,1.7,600,4.3,Massive Caller,38,LITERAL,
2026-08-12,Jalisco,14097,Tlajomulco de Zúñiga,INTENCION_PARTIDO,Total de entrevistados,,AÚN NO DECIDE,14.2,600,4.3,Massive Caller,38,LITERAL,
2026-08-12,Jalisco,14097,Tlajomulco de Zúñiga,PRECANDIDATO,Condicional: declarantes del partido,PAN,SALVADOR GÓMEZ,28.4,600,4.3,Massive Caller,40,LITERAL,
2026-08-12,Jalisco,14097,Tlajomulco de Zúñiga,PRECANDIDATO,Condicional: declarantes del partido,PAN,MARÍA ELENA RIVERA ESTRADA,20.1,600,4.3,Massive Caller,40,LITERAL,
2026-08-12,Jalisco,14097,Tlajomulco de Zúñiga,PRECANDIDATO,Condicional: declarantes del partido,PAN,OTRO,26.9,600,4.3,Massive Caller,40,LITERAL,
2026-08-12,Jalisco,14097,Tlajomulco de Zúñiga,PRECANDIDATO,Condicional: declarantes del partido,PAN,AÚN NO DECIDE,24.6,600,4.3,Massive Caller,40,LITERAL,
2026-08-12,Jalisco,14097,Tlajomulco de Zúñiga,PRECANDIDATO,Condicional: declarantes del partido,PRI,MARCOS ROSALÍO TORRES,38.3,600,4.3,Massive Caller,42,LITERAL,
2026-08-12,Jalisco,14097,Tlajomulco de Zúñiga,PRECANDIDATO,Condicional: declarantes del partido,PRI,OTRO,34.2,600,4.3,Massive Caller,42,LITERAL,
2026-08-12,Jalisco,14097,Tlajomulco de Zúñiga,PRECANDIDATO,Condicional: declarantes del partido,PRI,AÚN NO DECIDE,27.5,600,4.3,Massive Caller,42,LITERAL,
2026-08-12,Jalisco,14097,Tlajomulco de Zúñiga,PRECANDIDATO,Condicional: declarantes del partido,MORENA,"LOURDES ""LULÚ"" BARRERA RAZO",19.7,600,4.3,Massive Caller,44,LITERAL,
2026-08-12,Jalisco,14097,Tlajomulco de Zúñiga,PRECANDIDATO,Condicional: declarantes del partido,MORENA,MARCELA MICHEL LÓPEZ,18.3,600,4.3,Massive Caller,44,LITERAL,
2026-08-12,Jalisco,14097,Tlajomulco de Zúñiga,PRECANDIDATO,Condicional: declarantes del partido,MORENA,TONY ZAPIÉN,15.5,600,4.3,Massive Caller,44,LITERAL,
2026-08-12,Jalisco,14097,Tlajomulco de Zúñiga,PRECANDIDATO,Condicional: declarantes del partido,MORENA,MARISOL PALACIOS RAMÍREZ,12.7,600,4.3,Massive Caller,44,LITERAL,
2026-08-12,Jalisco,14097,Tlajomulco de Zúñiga,PRECANDIDATO,Condicional: declarantes del partido,MORENA,ALBERTO MARTÍNEZ GUTIÉRREZ,11.3,600,4.3,Massive Caller,44,LITERAL,
2026-08-12,Jalisco,14097,Tlajomulco de Zúñiga,PRECANDIDATO,Condicional: declarantes del partido,MORENA,MARIANA CASILLAS GUERRERO,8.5,600,4.3,Massive Caller,44,LITERAL,
2026-08-12,Jalisco,14097,Tlajomulco de Zúñiga,PRECANDIDATO,Condicional: declarantes del partido,MORENA,OTRO,3.5,600,4.3,Massive Caller,44,LITERAL,
2026-08-12,Jalisco,14097,Tlajomulco de Zúñiga,PRECANDIDATO,Condicional: declarantes del partido,MORENA,AÚN NO DECIDE,10.5,600,4.3,Massive Caller,44,LITERAL,
2026-08-12,Jalisco,14097,Tlajomulco de Zúñiga,PRECANDIDATO,Condicional: declarantes del partido,MC,GERARDO QUIRINO VELÁZQUEZ CHÁVEZ,62.2,600,4.3,Massive Caller,46,LITERAL,
2026-08-12,Jalisco,14097,Tlajomulco de Zúñiga,PRECANDIDATO,Condicional: declarantes del partido,MC,ADRIANA GABRIELA MEDINA ORTIZ,9.5,600,4.3,Massive Caller,46,LITERAL,
2026-08-12,Jalisco,14097,Tlajomulco de Zúñiga,PRECANDIDATO,Condicional: declarantes del partido,MC,FABIOLA SERRATOS LÓPEZ,4.1,600,4.3,Massive Caller,46,LITERAL,
2026-08-12,Jalisco,14097,Tlajomulco de Zúñiga,PRECANDIDATO,Condicional: declarantes del partido,MC,OTRO,11.5,600,4.3,Massive Caller,46,LITERAL,
2026-08-12,Jalisco,14097,Tlajomulco de Zúñiga,PRECANDIDATO,Condicional: declarantes del partido,MC,AÚN NO DECIDE,12.7,600,4.3,Massive Caller,46,LITERAL,
2026-08-12,Jalisco,14097,Tlajomulco de Zúñiga,REELECCION,Total de entrevistados,MC,SÍ,45.1,600,4.3,Massive Caller,48,LITERAL,
2026-08-12,Jalisco,14097,Tlajomulco de Zúñiga,REELECCION,Total de entrevistados,MC,NO,54.9,600,4.3,Massive Caller,48,LITERAL,
2026-08-12,Jalisco,14098,San Pedro Tlaquepaque,INTENCION_PARTIDO,Total de entrevistados,,MORENA,34.8,600,4.3,Massive Caller,50,LITERAL,
2026-08-12,Jalisco,14098,San Pedro Tlaquepaque,INTENCION_PARTIDO,Total de entrevistados,,MC,20.7,600,4.3,Massive Caller,50,LITERAL,
2026-08-12,Jalisco,14098,San Pedro Tlaquepaque,INTENCION_PARTIDO,Total de entrevistados,,PAN,16.3,600,4.3,Massive Caller,50,LITERAL,
2026-08-12,Jalisco,14098,San Pedro Tlaquepaque,INTENCION_PARTIDO,Total de entrevistados,,PRI,12.5,600,4.3,Massive Caller,50,LITERAL,
2026-08-12,Jalisco,14098,San Pedro Tlaquepaque,INTENCION_PARTIDO,Total de entrevistados,,PT,2.2,600,4.3,Massive Caller,50,LITERAL,
2026-08-12,Jalisco,14098,San Pedro Tlaquepaque,INTENCION_PARTIDO,Total de entrevistados,,PVEM,1.6,600,4.3,Massive Caller,50,LITERAL,
2026-08-12,Jalisco,14098,San Pedro Tlaquepaque,INTENCION_PARTIDO,Total de entrevistados,,AÚN NO DECIDE,11.9,600,4.3,Massive Caller,50,LITERAL,
2026-08-12,Jalisco,14098,San Pedro Tlaquepaque,PRECANDIDATO,Condicional: declarantes del partido,PAN,ISAÍAS CORTÉS BERUMEN,25.9,600,4.3,Massive Caller,52,LITERAL,
2026-08-12,Jalisco,14098,San Pedro Tlaquepaque,PRECANDIDATO,Condicional: declarantes del partido,PAN,MARÍA DEL ROSARIO (CHAYITO) VELÁZQUEZ,20.4,600,4.3,Massive Caller,52,LITERAL,
2026-08-12,Jalisco,14098,San Pedro Tlaquepaque,PRECANDIDATO,Condicional: declarantes del partido,PAN,MARÍA FERNANDA GONZÁLEZ REYNOSO,16.7,600,4.3,Massive Caller,52,LITERAL,
2026-08-12,Jalisco,14098,San Pedro Tlaquepaque,PRECANDIDATO,Condicional: declarantes del partido,PAN,ADENAWER GONZÁLEZ FIERROS,7.4,600,4.3,Massive Caller,52,LITERAL,
2026-08-12,Jalisco,14098,San Pedro Tlaquepaque,PRECANDIDATO,Condicional: declarantes del partido,PAN,OTRO,15.3,600,4.3,Massive Caller,52,LITERAL,
2026-08-12,Jalisco,14098,San Pedro Tlaquepaque,PRECANDIDATO,Condicional: declarantes del partido,PAN,AÚN NO DECIDE,14.3,600,4.3,Massive Caller,52,LITERAL,
2026-08-12,Jalisco,14098,San Pedro Tlaquepaque,PRECANDIDATO,Condicional: declarantes del partido,PRI,"ALFREDO ""EL GÜERO"" BARBA HERNÁNDEZ",33.8,600,4.3,Massive Caller,54,LITERAL,
2026-08-12,Jalisco,14098,San Pedro Tlaquepaque,PRECANDIDATO,Condicional: declarantes del partido,PRI,REGINA MARTÍNEZ GONZÁLEZ,20.3,600,4.3,Massive Caller,54,LITERAL,
2026-08-12,Jalisco,14098,San Pedro Tlaquepaque,PRECANDIDATO,Condicional: declarantes del partido,PRI,OTRO,24.1,600,4.3,Massive Caller,54,LITERAL,
2026-08-12,Jalisco,14098,San Pedro Tlaquepaque,PRECANDIDATO,Condicional: declarantes del partido,PRI,AÚN NO DECIDE,21.8,600,4.3,Massive Caller,54,LITERAL,
2026-08-12,Jalisco,14098,San Pedro Tlaquepaque,PRECANDIDATO,Condicional: declarantes del partido,MORENA,LAURA IMELDA PÉREZ SEGURA,40.1,600,4.3,Massive Caller,56,LITERAL,
2026-08-12,Jalisco,14098,San Pedro Tlaquepaque,PRECANDIDATO,Condicional: declarantes del partido,MORENA,ALEJANDRA DEL ROCÍO BADILLO LÓPEZ,16.7,600,4.3,Massive Caller,56,LITERAL,
2026-08-12,Jalisco,14098,San Pedro Tlaquepaque,PRECANDIDATO,Condicional: declarantes del partido,MORENA,ALBERTO MALDONADO CHAVARÍN,15.6,600,4.3,Massive Caller,56,LITERAL,
2026-08-12,Jalisco,14098,San Pedro Tlaquepaque,PRECANDIDATO,Condicional: declarantes del partido,MORENA,JOSÉ LUIS MONTERDE RAMÍREZ,8.9,600,4.3,Massive Caller,56,LITERAL,
2026-08-12,Jalisco,14098,San Pedro Tlaquepaque,PRECANDIDATO,Condicional: declarantes del partido,MORENA,OTRO,8.3,600,4.3,Massive Caller,56,LITERAL,
2026-08-12,Jalisco,14098,San Pedro Tlaquepaque,PRECANDIDATO,Condicional: declarantes del partido,MORENA,AÚN NO DECIDE,10.4,600,4.3,Massive Caller,56,LITERAL,
2026-08-12,Jalisco,14098,San Pedro Tlaquepaque,PRECANDIDATO,Condicional: declarantes del partido,MC,CITLALLI AMAYA,44.2,600,4.3,Massive Caller,58,LITERAL,
2026-08-12,Jalisco,14098,San Pedro Tlaquepaque,PRECANDIDATO,Condicional: declarantes del partido,MC,MARCO ANTONIO FUENTES ONTIVEROS,11.9,600,4.3,Massive Caller,58,LITERAL,
2026-08-12,Jalisco,14098,San Pedro Tlaquepaque,PRECANDIDATO,Condicional: declarantes del partido,MC,LAURA ALCÁNTAR DÍAZ,9.5,600,4.3,Massive Caller,58,LITERAL,
2026-08-12,Jalisco,14098,San Pedro Tlaquepaque,PRECANDIDATO,Condicional: declarantes del partido,MC,OTRO,12.9,600,4.3,Massive Caller,58,LITERAL,
2026-08-12,Jalisco,14098,San Pedro Tlaquepaque,PRECANDIDATO,Condicional: declarantes del partido,MC,AÚN NO DECIDE,21.5,600,4.3,Massive Caller,58,LITERAL,
2026-08-12,Jalisco,14098,San Pedro Tlaquepaque,PRECANDIDATO,Condicional: declarantes del partido,PVEM,ALBERTO ALFARO GARCÍA,38.3,600,4.3,Massive Caller,60,LITERAL,
2026-08-12,Jalisco,14098,San Pedro Tlaquepaque,PRECANDIDATO,Condicional: declarantes del partido,PVEM,OTRO,39.2,600,4.3,Massive Caller,60,LITERAL,
2026-08-12,Jalisco,14098,San Pedro Tlaquepaque,PRECANDIDATO,Condicional: declarantes del partido,PVEM,AÚN NO DECIDE,22.5,600,4.3,Massive Caller,60,LITERAL,
2026-08-12,Jalisco,14098,San Pedro Tlaquepaque,REELECCION,Total de entrevistados,MORENA,SÍ,40.5,600,4.3,Massive Caller,62,LITERAL,
2026-08-12,Jalisco,14098,San Pedro Tlaquepaque,REELECCION,Total de entrevistados,MORENA,NO,59.5,600,4.3,Massive Caller,62,LITERAL,
2025-07-12,Jalisco,14097,Tlajomulco de Zúñiga,INTENCION_PARTIDO,Total de entrevistados,,MORENA,36.1,600,4.3,Massive Caller,39,PONDERADO,Serie histórica sin etiqueta numérica en la fuente
2025-08-12,Jalisco,14097,Tlajomulco de Zúñiga,INTENCION_PARTIDO,Total de entrevistados,,MORENA,37.5,600,4.3,Massive Caller,39,PONDERADO,Serie histórica sin etiqueta numérica en la fuente
2025-09-12,Jalisco,14097,Tlajomulco de Zúñiga,INTENCION_PARTIDO,Total de entrevistados,,MORENA,40.1,600,4.3,Massive Caller,39,PONDERADO,Serie histórica sin etiqueta numérica en la fuente
2025-10-12,Jalisco,14097,Tlajomulco de Zúñiga,INTENCION_PARTIDO,Total de entrevistados,,MORENA,38.5,600,4.3,Massive Caller,39,PONDERADO,Serie histórica sin etiqueta numérica en la fuente
2025-11-12,Jalisco,14097,Tlajomulco de Zúñiga,INTENCION_PARTIDO,Total de entrevistados,,MORENA,35.6,600,4.3,Massive Caller,39,PONDERADO,Serie histórica sin etiqueta numérica en la fuente
2025-12-12,Jalisco,14097,Tlajomulco de Zúñiga,INTENCION_PARTIDO,Total de entrevistados,,MORENA,37.0,600,4.3,Massive Caller,39,PONDERADO,Serie histórica sin etiqueta numérica en la fuente
2026-01-12,Jalisco,14097,Tlajomulco de Zúñiga,INTENCION_PARTIDO,Total de entrevistados,,MORENA,35.5,600,4.3,Massive Caller,39,PONDERADO,Serie histórica sin etiqueta numérica en la fuente
2026-02-12,Jalisco,14097,Tlajomulco de Zúñiga,INTENCION_PARTIDO,Total de entrevistados,,MORENA,36.6,600,4.3,Massive Caller,39,PONDERADO,Serie histórica sin etiqueta numérica en la fuente
2026-03-12,Jalisco,14097,Tlajomulco de Zúñiga,INTENCION_PARTIDO,Total de entrevistados,,MORENA,39.1,600,4.3,Massive Caller,39,PONDERADO,Serie histórica sin etiqueta numérica en la fuente
2026-04-12,Jalisco,14097,Tlajomulco de Zúñiga,INTENCION_PARTIDO,Total de entrevistados,,MORENA,40.3,600,4.3,Massive Caller,39,PONDERADO,Serie histórica sin etiqueta numérica en la fuente
2026-05-12,Jalisco,14097,Tlajomulco de Zúñiga,INTENCION_PARTIDO,Total de entrevistados,,MORENA,37.3,600,4.3,Massive Caller,39,PONDERADO,Serie histórica sin etiqueta numérica en la fuente
2026-06-12,Jalisco,14097,Tlajomulco de Zúñiga,INTENCION_PARTIDO,Total de entrevistados,,MORENA,33.8,600,4.3,Massive Caller,39,PONDERADO,Serie histórica sin etiqueta numérica en la fuente
2026-07-12,Jalisco,14097,Tlajomulco de Zúñiga,INTENCION_PARTIDO,Total de entrevistados,,MORENA,36.4,600,4.3,Massive Caller,39,PONDERADO,Serie histórica sin etiqueta numérica en la fuente
2026-08-12,Jalisco,14097,Tlajomulco de Zúñiga,INTENCION_PARTIDO,Total de entrevistados,,MORENA,35.2,600,4.3,Massive Caller,39,LITERAL,
2025-07-12,Jalisco,14097,Tlajomulco de Zúñiga,INTENCION_PARTIDO,Total de entrevistados,,MC,24.8,600,4.3,Massive Caller,39,PONDERADO,Serie histórica sin etiqueta numérica en la fuente
2025-08-12,Jalisco,14097,Tlajomulco de Zúñiga,INTENCION_PARTIDO,Total de entrevistados,,MC,25.7,600,4.3,Massive Caller,39,PONDERADO,Marcador ocluido. Cerrado por residual: 100 - 74.3 = 25.7. Única serie faltante de la ola.
2025-09-12,Jalisco,14097,Tlajomulco de Zúñiga,INTENCION_PARTIDO,Total de entrevistados,,MC,26.7,600,4.3,Massive Caller,39,PONDERADO,Serie histórica sin etiqueta numérica en la fuente
2025-10-12,Jalisco,14097,Tlajomulco de Zúñiga,INTENCION_PARTIDO,Total de entrevistados,,MC,25.9,600,4.3,Massive Caller,39,PONDERADO,Serie histórica sin etiqueta numérica en la fuente
2025-11-12,Jalisco,14097,Tlajomulco de Zúñiga,INTENCION_PARTIDO,Total de entrevistados,,MC,27.4,600,4.3,Massive Caller,39,PONDERADO,Serie histórica sin etiqueta numérica en la fuente
2025-12-12,Jalisco,14097,Tlajomulco de Zúñiga,INTENCION_PARTIDO,Total de entrevistados,,MC,26.7,600,4.3,Massive Caller,39,PONDERADO,Serie histórica sin etiqueta numérica en la fuente
2026-01-12,Jalisco,14097,Tlajomulco de Zúñiga,INTENCION_PARTIDO,Total de entrevistados,,MC,27.4,600,4.3,Massive Caller,39,PONDERADO,Serie histórica sin etiqueta numérica en la fuente
2026-02-12,Jalisco,14097,Tlajomulco de Zúñiga,INTENCION_PARTIDO,Total de entrevistados,,MC,24.8,600,4.3,Massive Caller,39,PONDERADO,Serie histórica sin etiqueta numérica en la fuente
2026-03-12,Jalisco,14097,Tlajomulco de Zúñiga,INTENCION_PARTIDO,Total de entrevistados,,MC,23.3,600,4.3,Massive Caller,39,PONDERADO,Serie histórica sin etiqueta numérica en la fuente
2026-04-12,Jalisco,14097,Tlajomulco de Zúñiga,INTENCION_PARTIDO,Total de entrevistados,,MC,21.7,600,4.3,Massive Caller,39,PONDERADO,Serie histórica sin etiqueta numérica en la fuente
2026-05-12,Jalisco,14097,Tlajomulco de Zúñiga,INTENCION_PARTIDO,Total de entrevistados,,MC,24.7,600,4.3,Massive Caller,39,PONDERADO,Serie histórica sin etiqueta numérica en la fuente
2026-06-12,Jalisco,14097,Tlajomulco de Zúñiga,INTENCION_PARTIDO,Total de entrevistados,,MC,22.4,600,4.3,Massive Caller,39,PONDERADO,Serie histórica sin etiqueta numérica en la fuente
2026-07-12,Jalisco,14097,Tlajomulco de Zúñiga,INTENCION_PARTIDO,Total de entrevistados,,MC,20.3,600,4.3,Massive Caller,39,PONDERADO,Serie histórica sin etiqueta numérica en la fuente
2026-08-12,Jalisco,14097,Tlajomulco de Zúñiga,INTENCION_PARTIDO,Total de entrevistados,,MC,23.9,600,4.3,Massive Caller,39,LITERAL,
2025-07-12,Jalisco,14097,Tlajomulco de Zúñiga,INTENCION_PARTIDO,Total de entrevistados,,AÚN NO DECIDE,13.8,600,4.3,Massive Caller,39,PONDERADO,Serie histórica sin etiqueta numérica en la fuente
2025-08-12,Jalisco,14097,Tlajomulco de Zúñiga,INTENCION_PARTIDO,Total de entrevistados,,AÚN NO DECIDE,13.5,600,4.3,Massive Caller,39,PONDERADO,Serie histórica sin etiqueta numérica en la fuente
2025-09-12,Jalisco,14097,Tlajomulco de Zúñiga,INTENCION_PARTIDO,Total de entrevistados,,AÚN NO DECIDE,13.4,600,4.3,Massive Caller,39,PONDERADO,Serie histórica sin etiqueta numérica en la fuente
2025-10-12,Jalisco,14097,Tlajomulco de Zúñiga,INTENCION_PARTIDO,Total de entrevistados,,AÚN NO DECIDE,10.6,600,4.3,Massive Caller,39,PONDERADO,Serie histórica sin etiqueta numérica en la fuente
2025-11-12,Jalisco,14097,Tlajomulco de Zúñiga,INTENCION_PARTIDO,Total de entrevistados,,AÚN NO DECIDE,13.6,600,4.3,Massive Caller,39,PONDERADO,Serie histórica sin etiqueta numérica en la fuente
2025-12-12,Jalisco,14097,Tlajomulco de Zúñiga,INTENCION_PARTIDO,Total de entrevistados,,AÚN NO DECIDE,10.7,600,4.3,Massive Caller,39,PONDERADO,Serie histórica sin etiqueta numérica en la fuente
2026-01-12,Jalisco,14097,Tlajomulco de Zúñiga,INTENCION_PARTIDO,Total de entrevistados,,AÚN NO DECIDE,11.9,600,4.3,Massive Caller,39,PONDERADO,Serie histórica sin etiqueta numérica en la fuente
2026-02-12,Jalisco,14097,Tlajomulco de Zúñiga,INTENCION_PARTIDO,Total de entrevistados,,AÚN NO DECIDE,12.1,600,4.3,Massive Caller,39,PONDERADO,Serie histórica sin etiqueta numérica en la fuente
2026-03-12,Jalisco,14097,Tlajomulco de Zúñiga,INTENCION_PARTIDO,Total de entrevistados,,AÚN NO DECIDE,13.2,600,4.3,Massive Caller,39,PONDERADO,Serie histórica sin etiqueta numérica en la fuente
2026-04-12,Jalisco,14097,Tlajomulco de Zúñiga,INTENCION_PARTIDO,Total de entrevistados,,AÚN NO DECIDE,10.4,600,4.3,Massive Caller,39,PONDERADO,Serie histórica sin etiqueta numérica en la fuente
2026-05-12,Jalisco,14097,Tlajomulco de Zúñiga,INTENCION_PARTIDO,Total de entrevistados,,AÚN NO DECIDE,13.7,600,4.3,Massive Caller,39,PONDERADO,Serie histórica sin etiqueta numérica en la fuente
2026-06-12,Jalisco,14097,Tlajomulco de Zúñiga,INTENCION_PARTIDO,Total de entrevistados,,AÚN NO DECIDE,15.5,600,4.3,Massive Caller,39,PONDERADO,Serie histórica sin etiqueta numérica en la fuente
2026-07-12,Jalisco,14097,Tlajomulco de Zúñiga,INTENCION_PARTIDO,Total de entrevistados,,AÚN NO DECIDE,17.9,600,4.3,Massive Caller,39,PONDERADO,Serie histórica sin etiqueta numérica en la fuente
2026-08-12,Jalisco,14097,Tlajomulco de Zúñiga,INTENCION_PARTIDO,Total de entrevistados,,AÚN NO DECIDE,14.2,600,4.3,Massive Caller,39,LITERAL,
2025-07-12,Jalisco,14097,Tlajomulco de Zúñiga,INTENCION_PARTIDO,Total de entrevistados,,PAN,12.1,600,4.3,Massive Caller,39,PONDERADO,Serie histórica sin etiqueta numérica en la fuente
2025-08-12,Jalisco,14097,Tlajomulco de Zúñiga,INTENCION_PARTIDO,Total de entrevistados,,PAN,10.2,600,4.3,Massive Caller,39,PONDERADO,Serie histórica sin etiqueta numérica en la fuente
2025-09-12,Jalisco,14097,Tlajomulco de Zúñiga,INTENCION_PARTIDO,Total de entrevistados,,PAN,10.0,600,4.3,Massive Caller,39,PONDERADO,Serie histórica sin etiqueta numérica en la fuente
2025-10-12,Jalisco,14097,Tlajomulco de Zúñiga,INTENCION_PARTIDO,Total de entrevistados,,PAN,11.6,600,4.3,Massive Caller,39,PONDERADO,Serie histórica sin etiqueta numérica en la fuente
2025-11-12,Jalisco,14097,Tlajomulco de Zúñiga,INTENCION_PARTIDO,Total de entrevistados,,PAN,10.5,600,4.3,Massive Caller,39,PONDERADO,Serie histórica sin etiqueta numérica en la fuente
2025-12-12,Jalisco,14097,Tlajomulco de Zúñiga,INTENCION_PARTIDO,Total de entrevistados,,PAN,10.1,600,4.3,Massive Caller,39,PONDERADO,Cruce triple con PRI y AÚN NO DECIDE; lectura por ampliación (y=556.7)
2026-01-12,Jalisco,14097,Tlajomulco de Zúñiga,INTENCION_PARTIDO,Total de entrevistados,,PAN,10.8,600,4.3,Massive Caller,39,PONDERADO,Serie histórica sin etiqueta numérica en la fuente
2026-02-12,Jalisco,14097,Tlajomulco de Zúñiga,INTENCION_PARTIDO,Total de entrevistados,,PAN,11.5,600,4.3,Massive Caller,39,PONDERADO,Serie histórica sin etiqueta numérica en la fuente
2026-03-12,Jalisco,14097,Tlajomulco de Zúñiga,INTENCION_PARTIDO,Total de entrevistados,,PAN,10.5,600,4.3,Massive Caller,39,PONDERADO,Serie histórica sin etiqueta numérica en la fuente
2026-04-12,Jalisco,14097,Tlajomulco de Zúñiga,INTENCION_PARTIDO,Total de entrevistados,,PAN,12.3,600,4.3,Massive Caller,39,PONDERADO,Serie histórica sin etiqueta numérica en la fuente
2026-05-12,Jalisco,14097,Tlajomulco de Zúñiga,INTENCION_PARTIDO,Total de entrevistados,,PAN,11.4,600,4.3,Massive Caller,39,PONDERADO,Serie histórica sin etiqueta numérica en la fuente
2026-06-12,Jalisco,14097,Tlajomulco de Zúñiga,INTENCION_PARTIDO,Total de entrevistados,,PAN,14.2,600,4.3,Massive Caller,39,PONDERADO,Serie histórica sin etiqueta numérica en la fuente
2026-07-12,Jalisco,14097,Tlajomulco de Zúñiga,INTENCION_PARTIDO,Total de entrevistados,,PAN,12.3,600,4.3,Massive Caller,39,PONDERADO,Serie histórica sin etiqueta numérica en la fuente
2026-08-12,Jalisco,14097,Tlajomulco de Zúñiga,INTENCION_PARTIDO,Total de entrevistados,,PAN,13.3,600,4.3,Massive Caller,39,LITERAL,
2025-07-12,Jalisco,14097,Tlajomulco de Zúñiga,INTENCION_PARTIDO,Total de entrevistados,,PRI,7.9,600,4.3,Massive Caller,39,PONDERADO,Serie histórica sin etiqueta numérica en la fuente
2025-08-12,Jalisco,14097,Tlajomulco de Zúñiga,INTENCION_PARTIDO,Total de entrevistados,,PRI,8.9,600,4.3,Massive Caller,39,PONDERADO,Serie histórica sin etiqueta numérica en la fuente
2025-09-12,Jalisco,14097,Tlajomulco de Zúñiga,INTENCION_PARTIDO,Total de entrevistados,,PRI,6.4,600,4.3,Massive Caller,39,PONDERADO,Serie histórica sin etiqueta numérica en la fuente
2025-10-12,Jalisco,14097,Tlajomulco de Zúñiga,INTENCION_PARTIDO,Total de entrevistados,,PRI,8.9,600,4.3,Massive Caller,39,PONDERADO,Serie histórica sin etiqueta numérica en la fuente
2025-11-12,Jalisco,14097,Tlajomulco de Zúñiga,INTENCION_PARTIDO,Total de entrevistados,,PRI,8.0,600,4.3,Massive Caller,39,PONDERADO,Serie histórica sin etiqueta numérica en la fuente
2025-12-12,Jalisco,14097,Tlajomulco de Zúñiga,INTENCION_PARTIDO,Total de entrevistados,,PRI,9.9,600,4.3,Massive Caller,39,PONDERADO,Serie histórica sin etiqueta numérica en la fuente
2026-01-12,Jalisco,14097,Tlajomulco de Zúñiga,INTENCION_PARTIDO,Total de entrevistados,,PRI,8.9,600,4.3,Massive Caller,39,PONDERADO,Serie histórica sin etiqueta numérica en la fuente
2026-02-12,Jalisco,14097,Tlajomulco de Zúñiga,INTENCION_PARTIDO,Total de entrevistados,,PRI,9.6,600,4.3,Massive Caller,39,PONDERADO,Serie histórica sin etiqueta numérica en la fuente
2026-03-12,Jalisco,14097,Tlajomulco de Zúñiga,INTENCION_PARTIDO,Total de entrevistados,,PRI,8.7,600,4.3,Massive Caller,39,PONDERADO,Serie histórica sin etiqueta numérica en la fuente
2026-04-12,Jalisco,14097,Tlajomulco de Zúñiga,INTENCION_PARTIDO,Total de entrevistados,,PRI,9.6,600,4.3,Massive Caller,39,PONDERADO,Serie histórica sin etiqueta numérica en la fuente
2026-05-12,Jalisco,14097,Tlajomulco de Zúñiga,INTENCION_PARTIDO,Total de entrevistados,,PRI,7.1,600,4.3,Massive Caller,39,PONDERADO,Serie histórica sin etiqueta numérica en la fuente
2026-06-12,Jalisco,14097,Tlajomulco de Zúñiga,INTENCION_PARTIDO,Total de entrevistados,,PRI,8.4,600,4.3,Massive Caller,39,PONDERADO,Serie histórica sin etiqueta numérica en la fuente
2026-07-12,Jalisco,14097,Tlajomulco de Zúñiga,INTENCION_PARTIDO,Total de entrevistados,,PRI,6.6,600,4.3,Massive Caller,39,PONDERADO,Serie histórica sin etiqueta numérica en la fuente
2026-08-12,Jalisco,14097,Tlajomulco de Zúñiga,INTENCION_PARTIDO,Total de entrevistados,,PRI,8.5,600,4.3,Massive Caller,39,LITERAL,
2025-07-12,Jalisco,14097,Tlajomulco de Zúñiga,INTENCION_PARTIDO,Total de entrevistados,,PT,2.3,600,4.3,Massive Caller,39,PONDERADO,Serie histórica sin etiqueta numérica en la fuente
2025-08-12,Jalisco,14097,Tlajomulco de Zúñiga,INTENCION_PARTIDO,Total de entrevistados,,PT,2.6,600,4.3,Massive Caller,39,PONDERADO,Serie histórica sin etiqueta numérica en la fuente
2025-09-12,Jalisco,14097,Tlajomulco de Zúñiga,INTENCION_PARTIDO,Total de entrevistados,,PT,1.6,600,4.3,Massive Caller,39,PONDERADO,Serie histórica sin etiqueta numérica en la fuente
2025-10-12,Jalisco,14097,Tlajomulco de Zúñiga,INTENCION_PARTIDO,Total de entrevistados,,PT,2.3,600,4.3,Massive Caller,39,PONDERADO,Serie histórica sin etiqueta numérica en la fuente
2025-11-12,Jalisco,14097,Tlajomulco de Zúñiga,INTENCION_PARTIDO,Total de entrevistados,,PT,3.5,600,4.3,Massive Caller,39,PONDERADO,Serie histórica sin etiqueta numérica en la fuente
2025-12-12,Jalisco,14097,Tlajomulco de Zúñiga,INTENCION_PARTIDO,Total de entrevistados,,PT,3.0,600,4.3,Massive Caller,39,PONDERADO,Serie histórica sin etiqueta numérica en la fuente
2026-01-12,Jalisco,14097,Tlajomulco de Zúñiga,INTENCION_PARTIDO,Total de entrevistados,,PT,3.4,600,4.3,Massive Caller,39,PONDERADO,Serie histórica sin etiqueta numérica en la fuente
2026-02-12,Jalisco,14097,Tlajomulco de Zúñiga,INTENCION_PARTIDO,Total de entrevistados,,PT,3.5,600,4.3,Massive Caller,39,PONDERADO,Serie histórica sin etiqueta numérica en la fuente
2026-03-12,Jalisco,14097,Tlajomulco de Zúñiga,INTENCION_PARTIDO,Total de entrevistados,,PT,2.3,600,4.3,Massive Caller,39,PONDERADO,Serie histórica sin etiqueta numérica en la fuente
2026-04-12,Jalisco,14097,Tlajomulco de Zúñiga,INTENCION_PARTIDO,Total de entrevistados,,PT,2.6,600,4.3,Massive Caller,39,PONDERADO,Serie histórica sin etiqueta numérica en la fuente
2026-05-12,Jalisco,14097,Tlajomulco de Zúñiga,INTENCION_PARTIDO,Total de entrevistados,,PT,3.2,600,4.3,Massive Caller,39,PONDERADO,Serie histórica sin etiqueta numérica en la fuente
2026-06-12,Jalisco,14097,Tlajomulco de Zúñiga,INTENCION_PARTIDO,Total de entrevistados,,PT,3.6,600,4.3,Massive Caller,39,PONDERADO,Serie histórica sin etiqueta numérica en la fuente
2026-07-12,Jalisco,14097,Tlajomulco de Zúñiga,INTENCION_PARTIDO,Total de entrevistados,,PT,4.4,600,4.3,Massive Caller,39,PONDERADO,Serie histórica sin etiqueta numérica en la fuente
2026-08-12,Jalisco,14097,Tlajomulco de Zúñiga,INTENCION_PARTIDO,Total de entrevistados,,PT,3.1,600,4.3,Massive Caller,39,LITERAL,
2025-07-12,Jalisco,14097,Tlajomulco de Zúñiga,INTENCION_PARTIDO,Total de entrevistados,,PVEM,3.0,600,4.3,Massive Caller,39,PONDERADO,Serie histórica sin etiqueta numérica en la fuente
2025-08-12,Jalisco,14097,Tlajomulco de Zúñiga,INTENCION_PARTIDO,Total de entrevistados,,PVEM,1.6,600,4.3,Massive Caller,39,PONDERADO,Serie histórica sin etiqueta numérica en la fuente
2025-09-12,Jalisco,14097,Tlajomulco de Zúñiga,INTENCION_PARTIDO,Total de entrevistados,,PVEM,1.8,600,4.3,Massive Caller,39,PONDERADO,Marcador ocluido. Cerrado por residual: 100 - 98.2 = 1.8. Única serie faltante de la ola.
2025-10-12,Jalisco,14097,Tlajomulco de Zúñiga,INTENCION_PARTIDO,Total de entrevistados,,PVEM,2.2,600,4.3,Massive Caller,39,PONDERADO,Marcador ocluido. Cerrado por residual: 100 - 97.8 = 2.2. Única serie faltante de la ola.
2025-11-12,Jalisco,14097,Tlajomulco de Zúñiga,INTENCION_PARTIDO,Total de entrevistados,,PVEM,1.5,600,4.3,Massive Caller,39,PONDERADO,Serie histórica sin etiqueta numérica en la fuente
2025-12-12,Jalisco,14097,Tlajomulco de Zúñiga,INTENCION_PARTIDO,Total de entrevistados,,PVEM,3.0,600,4.3,Massive Caller,39,PONDERADO,Cruce con PT; lectura por ampliación (y=616.7)
2026-01-12,Jalisco,14097,Tlajomulco de Zúñiga,INTENCION_PARTIDO,Total de entrevistados,,PVEM,2.0,600,4.3,Massive Caller,39,PONDERADO,Serie histórica sin etiqueta numérica en la fuente
2026-02-12,Jalisco,14097,Tlajomulco de Zúñiga,INTENCION_PARTIDO,Total de entrevistados,,PVEM,1.7,600,4.3,Massive Caller,39,PONDERADO,Serie histórica sin etiqueta numérica en la fuente
2026-03-12,Jalisco,14097,Tlajomulco de Zúñiga,INTENCION_PARTIDO,Total de entrevistados,,PVEM,3.0,600,4.3,Massive Caller,39,PONDERADO,Serie histórica sin etiqueta numérica en la fuente
2026-04-12,Jalisco,14097,Tlajomulco de Zúñiga,INTENCION_PARTIDO,Total de entrevistados,,PVEM,3.2,600,4.3,Massive Caller,39,PONDERADO,Serie histórica sin etiqueta numérica en la fuente
2026-05-12,Jalisco,14097,Tlajomulco de Zúñiga,INTENCION_PARTIDO,Total de entrevistados,,PVEM,2.5,600,4.3,Massive Caller,39,PONDERADO,Serie histórica sin etiqueta numérica en la fuente
2026-06-12,Jalisco,14097,Tlajomulco de Zúñiga,INTENCION_PARTIDO,Total de entrevistados,,PVEM,2.3,600,4.3,Massive Caller,39,PONDERADO,Serie histórica sin etiqueta numérica en la fuente
2026-07-12,Jalisco,14097,Tlajomulco de Zúñiga,INTENCION_PARTIDO,Total de entrevistados,,PVEM,2.1,600,4.3,Massive Caller,39,PONDERADO,Serie histórica sin etiqueta numérica en la fuente
2026-08-12,Jalisco,14097,Tlajomulco de Zúñiga,INTENCION_PARTIDO,Total de entrevistados,,PVEM,1.7,600,4.3,Massive Caller,39,LITERAL,
2025-09-12,Jalisco,14097,Tlajomulco de Zúñiga,PRECANDIDATO,Condicional: declarantes del partido,PAN,SALVADOR GÓMEZ,12.5,600,4.3,Massive Caller,41,PONDERADO,Serie histórica sin etiqueta numérica en la fuente
2025-10-12,Jalisco,14097,Tlajomulco de Zúñiga,PRECANDIDATO,Condicional: declarantes del partido,PAN,SALVADOR GÓMEZ,14.3,600,4.3,Massive Caller,41,PONDERADO,Serie histórica sin etiqueta numérica en la fuente
2025-11-12,Jalisco,14097,Tlajomulco de Zúñiga,PRECANDIDATO,Condicional: declarantes del partido,PAN,SALVADOR GÓMEZ,17.5,600,4.3,Massive Caller,41,PONDERADO,Serie histórica sin etiqueta numérica en la fuente
2025-12-12,Jalisco,14097,Tlajomulco de Zúñiga,PRECANDIDATO,Condicional: declarantes del partido,PAN,SALVADOR GÓMEZ,18.4,600,4.3,Massive Caller,41,PONDERADO,Serie histórica sin etiqueta numérica en la fuente
2026-01-12,Jalisco,14097,Tlajomulco de Zúñiga,PRECANDIDATO,Condicional: declarantes del partido,PAN,SALVADOR GÓMEZ,16.7,600,4.3,Massive Caller,41,PONDERADO,Serie histórica sin etiqueta numérica en la fuente
2026-02-12,Jalisco,14097,Tlajomulco de Zúñiga,PRECANDIDATO,Condicional: declarantes del partido,PAN,SALVADOR GÓMEZ,19.7,600,4.3,Massive Caller,41,PONDERADO,Serie histórica sin etiqueta numérica en la fuente
2026-03-12,Jalisco,14097,Tlajomulco de Zúñiga,PRECANDIDATO,Condicional: declarantes del partido,PAN,SALVADOR GÓMEZ,20.5,600,4.3,Massive Caller,41,PONDERADO,Serie histórica sin etiqueta numérica en la fuente
2026-04-12,Jalisco,14097,Tlajomulco de Zúñiga,PRECANDIDATO,Condicional: declarantes del partido,PAN,SALVADOR GÓMEZ,22.9,600,4.3,Massive Caller,41,PONDERADO,Serie histórica sin etiqueta numérica en la fuente
2026-05-12,Jalisco,14097,Tlajomulco de Zúñiga,PRECANDIDATO,Condicional: declarantes del partido,PAN,SALVADOR GÓMEZ,25.4,600,4.3,Massive Caller,41,PONDERADO,Serie histórica sin etiqueta numérica en la fuente
2026-06-12,Jalisco,14097,Tlajomulco de Zúñiga,PRECANDIDATO,Condicional: declarantes del partido,PAN,SALVADOR GÓMEZ,28.3,600,4.3,Massive Caller,41,PONDERADO,Serie histórica sin etiqueta numérica en la fuente
2026-07-12,Jalisco,14097,Tlajomulco de Zúñiga,PRECANDIDATO,Condicional: declarantes del partido,PAN,SALVADOR GÓMEZ,26.9,600,4.3,Massive Caller,41,PONDERADO,Serie histórica sin etiqueta numérica en la fuente
2026-08-12,Jalisco,14097,Tlajomulco de Zúñiga,PRECANDIDATO,Condicional: declarantes del partido,PAN,SALVADOR GÓMEZ,28.4,600,4.3,Massive Caller,41,LITERAL,
2025-09-12,Jalisco,14097,Tlajomulco de Zúñiga,PRECANDIDATO,Condicional: declarantes del partido,PAN,OTRO,,600,4.3,Massive Caller,41,AUSENTE,Marcador ocluido; no resuelto automáticamente
2025-10-12,Jalisco,14097,Tlajomulco de Zúñiga,PRECANDIDATO,Condicional: declarantes del partido,PAN,OTRO,,600,4.3,Massive Caller,41,AUSENTE,Marcador ocluido; no resuelto automáticamente
2025-11-12,Jalisco,14097,Tlajomulco de Zúñiga,PRECANDIDATO,Condicional: declarantes del partido,PAN,OTRO,,600,4.3,Massive Caller,41,AUSENTE,Marcador ocluido; no resuelto automáticamente
2025-12-12,Jalisco,14097,Tlajomulco de Zúñiga,PRECANDIDATO,Condicional: declarantes del partido,PAN,OTRO,,600,4.3,Massive Caller,41,AUSENTE,Marcador ocluido; no resuelto automáticamente
2026-01-12,Jalisco,14097,Tlajomulco de Zúñiga,PRECANDIDATO,Condicional: declarantes del partido,PAN,OTRO,,600,4.3,Massive Caller,41,AUSENTE,Marcador ocluido; no resuelto automáticamente
2026-02-12,Jalisco,14097,Tlajomulco de Zúñiga,PRECANDIDATO,Condicional: declarantes del partido,PAN,OTRO,,600,4.3,Massive Caller,41,AUSENTE,Marcador ocluido; no resuelto automáticamente
2026-03-12,Jalisco,14097,Tlajomulco de Zúñiga,PRECANDIDATO,Condicional: declarantes del partido,PAN,OTRO,25.8,600,4.3,Massive Caller,41,PONDERADO,Serie histórica sin etiqueta numérica en la fuente
2026-04-12,Jalisco,14097,Tlajomulco de Zúñiga,PRECANDIDATO,Condicional: declarantes del partido,PAN,OTRO,24.0,600,4.3,Massive Caller,41,PONDERADO,Serie histórica sin etiqueta numérica en la fuente
2026-05-12,Jalisco,14097,Tlajomulco de Zúñiga,PRECANDIDATO,Condicional: declarantes del partido,PAN,OTRO,23.2,600,4.3,Massive Caller,41,PONDERADO,Serie histórica sin etiqueta numérica en la fuente
2026-06-12,Jalisco,14097,Tlajomulco de Zúñiga,PRECANDIDATO,Condicional: declarantes del partido,PAN,OTRO,27.3,600,4.3,Massive Caller,41,PONDERADO,Serie histórica sin etiqueta numérica en la fuente
2026-07-12,Jalisco,14097,Tlajomulco de Zúñiga,PRECANDIDATO,Condicional: declarantes del partido,PAN,OTRO,29.7,600,4.3,Massive Caller,41,PONDERADO,Serie histórica sin etiqueta numérica en la fuente
2026-08-12,Jalisco,14097,Tlajomulco de Zúñiga,PRECANDIDATO,Condicional: declarantes del partido,PAN,OTRO,26.9,600,4.3,Massive Caller,41,LITERAL,
2025-09-12,Jalisco,14097,Tlajomulco de Zúñiga,PRECANDIDATO,Condicional: declarantes del partido,PAN,AÚN NO DECIDE,33.3,600,4.3,Massive Caller,41,PONDERADO,Serie histórica sin etiqueta numérica en la fuente
2025-10-12,Jalisco,14097,Tlajomulco de Zúñiga,PRECANDIDATO,Condicional: declarantes del partido,PAN,AÚN NO DECIDE,32.1,600,4.3,Massive Caller,41,PONDERADO,Serie histórica sin etiqueta numérica en la fuente
2025-11-12,Jalisco,14097,Tlajomulco de Zúñiga,PRECANDIDATO,Condicional: declarantes del partido,PAN,AÚN NO DECIDE,29.4,600,4.3,Massive Caller,41,PONDERADO,Serie histórica sin etiqueta numérica en la fuente
2025-12-12,Jalisco,14097,Tlajomulco de Zúñiga,PRECANDIDATO,Condicional: declarantes del partido,PAN,AÚN NO DECIDE,26.3,600,4.3,Massive Caller,41,PONDERADO,Serie histórica sin etiqueta numérica en la fuente
2026-01-12,Jalisco,14097,Tlajomulco de Zúñiga,PRECANDIDATO,Condicional: declarantes del partido,PAN,AÚN NO DECIDE,27.8,600,4.3,Massive Caller,41,PONDERADO,Serie histórica sin etiqueta numérica en la fuente
2026-02-12,Jalisco,14097,Tlajomulco de Zúñiga,PRECANDIDATO,Condicional: declarantes del partido,PAN,AÚN NO DECIDE,23.9,600,4.3,Massive Caller,41,PONDERADO,Serie histórica sin etiqueta numérica en la fuente
2026-03-12,Jalisco,14097,Tlajomulco de Zúñiga,PRECANDIDATO,Condicional: declarantes del partido,PAN,AÚN NO DECIDE,19.3,600,4.3,Massive Caller,41,PONDERADO,Serie histórica sin etiqueta numérica en la fuente
2026-04-12,Jalisco,14097,Tlajomulco de Zúñiga,PRECANDIDATO,Condicional: declarantes del partido,PAN,AÚN NO DECIDE,16.8,600,4.3,Massive Caller,41,PONDERADO,Serie histórica sin etiqueta numérica en la fuente
2026-05-12,Jalisco,14097,Tlajomulco de Zúñiga,PRECANDIDATO,Condicional: declarantes del partido,PAN,AÚN NO DECIDE,,600,4.3,Massive Caller,41,AUSENTE,Marcador ocluido; no resuelto automáticamente
2026-06-12,Jalisco,14097,Tlajomulco de Zúñiga,PRECANDIDATO,Condicional: declarantes del partido,PAN,AÚN NO DECIDE,25.2,600,4.3,Massive Caller,41,PONDERADO,Serie histórica sin etiqueta numérica en la fuente
2026-07-12,Jalisco,14097,Tlajomulco de Zúñiga,PRECANDIDATO,Condicional: declarantes del partido,PAN,AÚN NO DECIDE,26.1,600,4.3,Massive Caller,41,PONDERADO,Serie histórica sin etiqueta numérica en la fuente
2026-08-12,Jalisco,14097,Tlajomulco de Zúñiga,PRECANDIDATO,Condicional: declarantes del partido,PAN,AÚN NO DECIDE,24.6,600,4.3,Massive Caller,41,LITERAL,
2025-09-12,Jalisco,14097,Tlajomulco de Zúñiga,PRECANDIDATO,Condicional: declarantes del partido,PAN,MARÍA ELENA RIVERA ESTRADA,8.4,600,4.3,Massive Caller,41,PONDERADO,Serie histórica sin etiqueta numérica en la fuente
2025-10-12,Jalisco,14097,Tlajomulco de Zúñiga,PRECANDIDATO,Condicional: declarantes del partido,PAN,MARÍA ELENA RIVERA ESTRADA,10.6,600,4.3,Massive Caller,41,PONDERADO,Serie histórica sin etiqueta numérica en la fuente
2025-11-12,Jalisco,14097,Tlajomulco de Zúñiga,PRECANDIDATO,Condicional: declarantes del partido,PAN,MARÍA ELENA RIVERA ESTRADA,11.7,600,4.3,Massive Caller,41,PONDERADO,Serie histórica sin etiqueta numérica en la fuente
2025-12-12,Jalisco,14097,Tlajomulco de Zúñiga,PRECANDIDATO,Condicional: declarantes del partido,PAN,MARÍA ELENA RIVERA ESTRADA,13.2,600,4.3,Massive Caller,41,PONDERADO,Serie histórica sin etiqueta numérica en la fuente
2026-01-12,Jalisco,14097,Tlajomulco de Zúñiga,PRECANDIDATO,Condicional: declarantes del partido,PAN,MARÍA ELENA RIVERA ESTRADA,11.1,600,4.3,Massive Caller,41,PONDERADO,Serie histórica sin etiqueta numérica en la fuente
2026-02-12,Jalisco,14097,Tlajomulco de Zúñiga,PRECANDIDATO,Condicional: declarantes del partido,PAN,MARÍA ELENA RIVERA ESTRADA,14.6,600,4.3,Massive Caller,41,PONDERADO,Serie histórica sin etiqueta numérica en la fuente
2026-03-12,Jalisco,14097,Tlajomulco de Zúñiga,PRECANDIDATO,Condicional: declarantes del partido,PAN,MARÍA ELENA RIVERA ESTRADA,17.3,600,4.3,Massive Caller,41,PONDERADO,Serie histórica sin etiqueta numérica en la fuente
2026-04-12,Jalisco,14097,Tlajomulco de Zúñiga,PRECANDIDATO,Condicional: declarantes del partido,PAN,MARÍA ELENA RIVERA ESTRADA,20.5,600,4.3,Massive Caller,41,PONDERADO,Serie histórica sin etiqueta numérica en la fuente
2026-05-12,Jalisco,14097,Tlajomulco de Zúñiga,PRECANDIDATO,Condicional: declarantes del partido,PAN,MARÍA ELENA RIVERA ESTRADA,18.8,600,4.3,Massive Caller,41,PONDERADO,Serie histórica sin etiqueta numérica en la fuente
2026-06-12,Jalisco,14097,Tlajomulco de Zúñiga,PRECANDIDATO,Condicional: declarantes del partido,PAN,MARÍA ELENA RIVERA ESTRADA,19.2,600,4.3,Massive Caller,41,PONDERADO,Serie histórica sin etiqueta numérica en la fuente
2026-07-12,Jalisco,14097,Tlajomulco de Zúñiga,PRECANDIDATO,Condicional: declarantes del partido,PAN,MARÍA ELENA RIVERA ESTRADA,17.3,600,4.3,Massive Caller,41,PONDERADO,Serie histórica sin etiqueta numérica en la fuente
2026-08-12,Jalisco,14097,Tlajomulco de Zúñiga,PRECANDIDATO,Condicional: declarantes del partido,PAN,MARÍA ELENA RIVERA ESTRADA,20.1,600,4.3,Massive Caller,41,LITERAL,
2025-09-12,Jalisco,14097,Tlajomulco de Zúñiga,PRECANDIDATO,Condicional: declarantes del partido,PRI,MARCOS ROSALÍO TORRES,,600,4.3,Massive Caller,43,AUSENTE,Marcador ocluido; no resuelto automáticamente
2025-10-12,Jalisco,14097,Tlajomulco de Zúñiga,PRECANDIDATO,Condicional: declarantes del partido,PRI,MARCOS ROSALÍO TORRES,28.6,600,4.3,Massive Caller,43,PONDERADO,Serie histórica sin etiqueta numérica en la fuente
2025-11-12,Jalisco,14097,Tlajomulco de Zúñiga,PRECANDIDATO,Condicional: declarantes del partido,PRI,MARCOS ROSALÍO TORRES,27.5,600,4.3,Massive Caller,43,PONDERADO,Serie histórica sin etiqueta numérica en la fuente
2025-12-12,Jalisco,14097,Tlajomulco de Zúñiga,PRECANDIDATO,Condicional: declarantes del partido,PRI,MARCOS ROSALÍO TORRES,28.6,600,4.3,Massive Caller,43,PONDERADO,Serie histórica sin etiqueta numérica en la fuente
2026-01-12,Jalisco,14097,Tlajomulco de Zúñiga,PRECANDIDATO,Condicional: declarantes del partido,PRI,MARCOS ROSALÍO TORRES,30.0,600,4.3,Massive Caller,43,PONDERADO,Serie histórica sin etiqueta numérica en la fuente
2026-02-12,Jalisco,14097,Tlajomulco de Zúñiga,PRECANDIDATO,Condicional: declarantes del partido,PRI,MARCOS ROSALÍO TORRES,33.9,600,4.3,Massive Caller,43,PONDERADO,Serie histórica sin etiqueta numérica en la fuente
2026-03-12,Jalisco,14097,Tlajomulco de Zúñiga,PRECANDIDATO,Condicional: declarantes del partido,PRI,MARCOS ROSALÍO TORRES,36.8,600,4.3,Massive Caller,43,PONDERADO,Serie histórica sin etiqueta numérica en la fuente
2026-04-12,Jalisco,14097,Tlajomulco de Zúñiga,PRECANDIDATO,Condicional: declarantes del partido,PRI,MARCOS ROSALÍO TORRES,35.3,600,4.3,Massive Caller,43,PONDERADO,Serie histórica sin etiqueta numérica en la fuente
2026-05-12,Jalisco,14097,Tlajomulco de Zúñiga,PRECANDIDATO,Condicional: declarantes del partido,PRI,MARCOS ROSALÍO TORRES,33.3,600,4.3,Massive Caller,43,PONDERADO,Serie histórica sin etiqueta numérica en la fuente
2026-06-12,Jalisco,14097,Tlajomulco de Zúñiga,PRECANDIDATO,Condicional: declarantes del partido,PRI,MARCOS ROSALÍO TORRES,36.5,600,4.3,Massive Caller,43,PONDERADO,Serie histórica sin etiqueta numérica en la fuente
2026-07-12,Jalisco,14097,Tlajomulco de Zúñiga,PRECANDIDATO,Condicional: declarantes del partido,PRI,MARCOS ROSALÍO TORRES,35.9,600,4.3,Massive Caller,43,PONDERADO,Serie histórica sin etiqueta numérica en la fuente
2026-08-12,Jalisco,14097,Tlajomulco de Zúñiga,PRECANDIDATO,Condicional: declarantes del partido,PRI,MARCOS ROSALÍO TORRES,38.3,600,4.3,Massive Caller,43,LITERAL,
2025-09-12,Jalisco,14097,Tlajomulco de Zúñiga,PRECANDIDATO,Condicional: declarantes del partido,PRI,OTRO,45.5,600,4.3,Massive Caller,43,PONDERADO,Serie histórica sin etiqueta numérica en la fuente
2025-10-12,Jalisco,14097,Tlajomulco de Zúñiga,PRECANDIDATO,Condicional: declarantes del partido,PRI,OTRO,44.0,600,4.3,Massive Caller,43,PONDERADO,Serie histórica sin etiqueta numérica en la fuente
2025-11-12,Jalisco,14097,Tlajomulco de Zúñiga,PRECANDIDATO,Condicional: declarantes del partido,PRI,OTRO,45.6,600,4.3,Massive Caller,43,PONDERADO,Serie histórica sin etiqueta numérica en la fuente
2025-12-12,Jalisco,14097,Tlajomulco de Zúñiga,PRECANDIDATO,Condicional: declarantes del partido,PRI,OTRO,46.4,600,4.3,Massive Caller,43,PONDERADO,Serie histórica sin etiqueta numérica en la fuente
2026-01-12,Jalisco,14097,Tlajomulco de Zúñiga,PRECANDIDATO,Condicional: declarantes del partido,PRI,OTRO,43.4,600,4.3,Massive Caller,43,PONDERADO,Serie histórica sin etiqueta numérica en la fuente
2026-02-12,Jalisco,14097,Tlajomulco de Zúñiga,PRECANDIDATO,Condicional: declarantes del partido,PRI,OTRO,41.2,600,4.3,Massive Caller,43,PONDERADO,Serie histórica sin etiqueta numérica en la fuente
2026-03-12,Jalisco,14097,Tlajomulco de Zúñiga,PRECANDIDATO,Condicional: declarantes del partido,PRI,OTRO,38.6,600,4.3,Massive Caller,43,PONDERADO,Serie histórica sin etiqueta numérica en la fuente
2026-04-12,Jalisco,14097,Tlajomulco de Zúñiga,PRECANDIDATO,Condicional: declarantes del partido,PRI,OTRO,37.3,600,4.3,Massive Caller,43,PONDERADO,Serie histórica sin etiqueta numérica en la fuente
2026-05-12,Jalisco,14097,Tlajomulco de Zúñiga,PRECANDIDATO,Condicional: declarantes del partido,PRI,OTRO,38.1,600,4.3,Massive Caller,43,PONDERADO,Serie histórica sin etiqueta numérica en la fuente
2026-06-12,Jalisco,14097,Tlajomulco de Zúñiga,PRECANDIDATO,Condicional: declarantes del partido,PRI,OTRO,35.5,600,4.3,Massive Caller,43,PONDERADO,Serie histórica sin etiqueta numérica en la fuente
2026-07-12,Jalisco,14097,Tlajomulco de Zúñiga,PRECANDIDATO,Condicional: declarantes del partido,PRI,OTRO,37.5,600,4.3,Massive Caller,43,PONDERADO,Serie histórica sin etiqueta numérica en la fuente
2026-08-12,Jalisco,14097,Tlajomulco de Zúñiga,PRECANDIDATO,Condicional: declarantes del partido,PRI,OTRO,34.2,600,4.3,Massive Caller,43,LITERAL,
2025-09-12,Jalisco,14097,Tlajomulco de Zúñiga,PRECANDIDATO,Condicional: declarantes del partido,PRI,AÚN NO DECIDE,27.3,600,4.3,Massive Caller,43,PONDERADO,Serie histórica sin etiqueta numérica en la fuente
2025-10-12,Jalisco,14097,Tlajomulco de Zúñiga,PRECANDIDATO,Condicional: declarantes del partido,PRI,AÚN NO DECIDE,27.5,600,4.3,Massive Caller,43,PONDERADO,Serie histórica sin etiqueta numérica en la fuente
2025-11-12,Jalisco,14097,Tlajomulco de Zúñiga,PRECANDIDATO,Condicional: declarantes del partido,PRI,AÚN NO DECIDE,27.1,600,4.3,Massive Caller,43,PONDERADO,Serie histórica sin etiqueta numérica en la fuente
2025-12-12,Jalisco,14097,Tlajomulco de Zúñiga,PRECANDIDATO,Condicional: declarantes del partido,PRI,AÚN NO DECIDE,25.0,600,4.3,Massive Caller,43,PONDERADO,Serie histórica sin etiqueta numérica en la fuente
2026-01-12,Jalisco,14097,Tlajomulco de Zúñiga,PRECANDIDATO,Condicional: declarantes del partido,PRI,AÚN NO DECIDE,26.7,600,4.3,Massive Caller,43,PONDERADO,Serie histórica sin etiqueta numérica en la fuente
2026-02-12,Jalisco,14097,Tlajomulco de Zúñiga,PRECANDIDATO,Condicional: declarantes del partido,PRI,AÚN NO DECIDE,25.0,600,4.3,Massive Caller,43,PONDERADO,Serie histórica sin etiqueta numérica en la fuente
2026-03-12,Jalisco,14097,Tlajomulco de Zúñiga,PRECANDIDATO,Condicional: declarantes del partido,PRI,AÚN NO DECIDE,24.6,600,4.3,Massive Caller,43,PONDERADO,Serie histórica sin etiqueta numérica en la fuente
2026-04-12,Jalisco,14097,Tlajomulco de Zúñiga,PRECANDIDATO,Condicional: declarantes del partido,PRI,AÚN NO DECIDE,27.5,600,4.3,Massive Caller,43,PONDERADO,Serie histórica sin etiqueta numérica en la fuente
2026-05-12,Jalisco,14097,Tlajomulco de Zúñiga,PRECANDIDATO,Condicional: declarantes del partido,PRI,AÚN NO DECIDE,28.6,600,4.3,Massive Caller,43,PONDERADO,Serie histórica sin etiqueta numérica en la fuente
2026-06-12,Jalisco,14097,Tlajomulco de Zúñiga,PRECANDIDATO,Condicional: declarantes del partido,PRI,AÚN NO DECIDE,28.1,600,4.3,Massive Caller,43,PONDERADO,Serie histórica sin etiqueta numérica en la fuente
2026-07-12,Jalisco,14097,Tlajomulco de Zúñiga,PRECANDIDATO,Condicional: declarantes del partido,PRI,AÚN NO DECIDE,26.7,600,4.3,Massive Caller,43,PONDERADO,Serie histórica sin etiqueta numérica en la fuente
2026-08-12,Jalisco,14097,Tlajomulco de Zúñiga,PRECANDIDATO,Condicional: declarantes del partido,PRI,AÚN NO DECIDE,27.5,600,4.3,Massive Caller,43,LITERAL,
2025-09-12,Jalisco,14097,Tlajomulco de Zúñiga,PRECANDIDATO,Condicional: declarantes del partido,MORENA,"LOURDES ""LULÚ"" BARRERA RAZO",22.7,600,4.3,Massive Caller,45,PONDERADO,Serie histórica sin etiqueta numérica en la fuente
2025-10-12,Jalisco,14097,Tlajomulco de Zúñiga,PRECANDIDATO,Condicional: declarantes del partido,MORENA,"LOURDES ""LULÚ"" BARRERA RAZO",24.3,600,4.3,Massive Caller,45,PONDERADO,Serie histórica sin etiqueta numérica en la fuente
2025-11-12,Jalisco,14097,Tlajomulco de Zúñiga,PRECANDIDATO,Condicional: declarantes del partido,MORENA,"LOURDES ""LULÚ"" BARRERA RAZO",20.8,600,4.3,Massive Caller,45,PONDERADO,Serie superpuesta con otra del mismo color en esta ola
2025-12-12,Jalisco,14097,Tlajomulco de Zúñiga,PRECANDIDATO,Condicional: declarantes del partido,MORENA,"LOURDES ""LULÚ"" BARRERA RAZO",23.9,600,4.3,Massive Caller,45,PONDERADO,Serie histórica sin etiqueta numérica en la fuente
2026-01-12,Jalisco,14097,Tlajomulco de Zúñiga,PRECANDIDATO,Condicional: declarantes del partido,MORENA,"LOURDES ""LULÚ"" BARRERA RAZO",23.0,600,4.3,Massive Caller,45,PONDERADO,Serie histórica sin etiqueta numérica en la fuente
2026-02-12,Jalisco,14097,Tlajomulco de Zúñiga,PRECANDIDATO,Condicional: declarantes del partido,MORENA,"LOURDES ""LULÚ"" BARRERA RAZO",25.2,600,4.3,Massive Caller,45,PONDERADO,Serie histórica sin etiqueta numérica en la fuente
2026-03-12,Jalisco,14097,Tlajomulco de Zúñiga,PRECANDIDATO,Condicional: declarantes del partido,MORENA,"LOURDES ""LULÚ"" BARRERA RAZO",20.4,600,4.3,Massive Caller,45,PONDERADO,Serie histórica sin etiqueta numérica en la fuente
2026-04-12,Jalisco,14097,Tlajomulco de Zúñiga,PRECANDIDATO,Condicional: declarantes del partido,MORENA,"LOURDES ""LULÚ"" BARRERA RAZO",18.5,600,4.3,Massive Caller,45,PONDERADO,Serie histórica sin etiqueta numérica en la fuente
2026-05-12,Jalisco,14097,Tlajomulco de Zúñiga,PRECANDIDATO,Condicional: declarantes del partido,MORENA,"LOURDES ""LULÚ"" BARRERA RAZO",20.8,600,4.3,Massive Caller,45,PONDERADO,Serie histórica sin etiqueta numérica en la fuente
2026-06-12,Jalisco,14097,Tlajomulco de Zúñiga,PRECANDIDATO,Condicional: declarantes del partido,MORENA,"LOURDES ""LULÚ"" BARRERA RAZO",19.2,600,4.3,Massive Caller,45,PONDERADO,Serie histórica sin etiqueta numérica en la fuente
2026-07-12,Jalisco,14097,Tlajomulco de Zúñiga,PRECANDIDATO,Condicional: declarantes del partido,MORENA,"LOURDES ""LULÚ"" BARRERA RAZO",18.2,600,4.3,Massive Caller,45,PONDERADO,Serie superpuesta con otra del mismo color en esta ola
2026-08-12,Jalisco,14097,Tlajomulco de Zúñiga,PRECANDIDATO,Condicional: declarantes del partido,MORENA,"LOURDES ""LULÚ"" BARRERA RAZO",19.7,600,4.3,Massive Caller,45,LITERAL,
2025-09-12,Jalisco,14097,Tlajomulco de Zúñiga,PRECANDIDATO,Condicional: declarantes del partido,MORENA,MARCELA MICHEL LÓPEZ,20.6,600,4.3,Massive Caller,45,PONDERADO,Serie histórica sin etiqueta numérica en la fuente
2025-10-12,Jalisco,14097,Tlajomulco de Zúñiga,PRECANDIDATO,Condicional: declarantes del partido,MORENA,MARCELA MICHEL LÓPEZ,18.3,600,4.3,Massive Caller,45,PONDERADO,Serie superpuesta con otra del mismo color en esta ola
2025-11-12,Jalisco,14097,Tlajomulco de Zúñiga,PRECANDIDATO,Condicional: declarantes del partido,MORENA,MARCELA MICHEL LÓPEZ,20.8,600,4.3,Massive Caller,45,PONDERADO,Serie histórica sin etiqueta numérica en la fuente
2025-12-12,Jalisco,14097,Tlajomulco de Zúñiga,PRECANDIDATO,Condicional: declarantes del partido,MORENA,MARCELA MICHEL LÓPEZ,20.9,600,4.3,Massive Caller,45,PONDERADO,Serie histórica sin etiqueta numérica en la fuente
2026-01-12,Jalisco,14097,Tlajomulco de Zúñiga,PRECANDIDATO,Condicional: declarantes del partido,MORENA,MARCELA MICHEL LÓPEZ,20.0,600,4.3,Massive Caller,45,PONDERADO,Serie histórica sin etiqueta numérica en la fuente
2026-02-12,Jalisco,14097,Tlajomulco de Zúñiga,PRECANDIDATO,Condicional: declarantes del partido,MORENA,MARCELA MICHEL LÓPEZ,18.3,600,4.3,Massive Caller,45,PONDERADO,Serie superpuesta con otra del mismo color en esta ola
2026-03-12,Jalisco,14097,Tlajomulco de Zúñiga,PRECANDIDATO,Condicional: declarantes del partido,MORENA,MARCELA MICHEL LÓPEZ,20.4,600,4.3,Massive Caller,45,PONDERADO,Serie superpuesta con otra del mismo color en esta ola
2026-04-12,Jalisco,14097,Tlajomulco de Zúñiga,PRECANDIDATO,Condicional: declarantes del partido,MORENA,MARCELA MICHEL LÓPEZ,18.5,600,4.3,Massive Caller,45,PONDERADO,Serie superpuesta con otra del mismo color en esta ola
2026-05-12,Jalisco,14097,Tlajomulco de Zúñiga,PRECANDIDATO,Condicional: declarantes del partido,MORENA,MARCELA MICHEL LÓPEZ,20.8,600,4.3,Massive Caller,45,PONDERADO,Serie superpuesta con otra del mismo color en esta ola
2026-06-12,Jalisco,14097,Tlajomulco de Zúñiga,PRECANDIDATO,Condicional: declarantes del partido,MORENA,MARCELA MICHEL LÓPEZ,18.0,600,4.3,Massive Caller,45,PONDERADO,Serie histórica sin etiqueta numérica en la fuente
2026-07-12,Jalisco,14097,Tlajomulco de Zúñiga,PRECANDIDATO,Condicional: declarantes del partido,MORENA,MARCELA MICHEL LÓPEZ,18.2,600,4.3,Massive Caller,45,PONDERADO,Serie histórica sin etiqueta numérica en la fuente
2026-08-12,Jalisco,14097,Tlajomulco de Zúñiga,PRECANDIDATO,Condicional: declarantes del partido,MORENA,MARCELA MICHEL LÓPEZ,18.2,600,4.3,Massive Caller,45,LITERAL,
2025-09-12,Jalisco,14097,Tlajomulco de Zúñiga,PRECANDIDATO,Condicional: declarantes del partido,MORENA,TONY ZAPIÉN,20.6,600,4.3,Massive Caller,45,PONDERADO,Serie superpuesta con otra del mismo color en esta ola
2025-10-12,Jalisco,14097,Tlajomulco de Zúñiga,PRECANDIDATO,Condicional: declarantes del partido,MORENA,TONY ZAPIÉN,18.3,600,4.3,Massive Caller,45,PONDERADO,Serie histórica sin etiqueta numérica en la fuente
2025-11-12,Jalisco,14097,Tlajomulco de Zúñiga,PRECANDIDATO,Condicional: declarantes del partido,MORENA,TONY ZAPIÉN,18.6,600,4.3,Massive Caller,45,PONDERADO,Serie histórica sin etiqueta numérica en la fuente
2025-12-12,Jalisco,14097,Tlajomulco de Zúñiga,PRECANDIDATO,Condicional: declarantes del partido,MORENA,TONY ZAPIÉN,20.9,600,4.3,Massive Caller,45,PONDERADO,Serie superpuesta con otra del mismo color en esta ola
2026-01-12,Jalisco,14097,Tlajomulco de Zúñiga,PRECANDIDATO,Condicional: declarantes del partido,MORENA,TONY ZAPIÉN,20.0,600,4.3,Massive Caller,45,PONDERADO,Serie superpuesta con otra del mismo color en esta ola
2026-02-12,Jalisco,14097,Tlajomulco de Zúñiga,PRECANDIDATO,Condicional: declarantes del partido,MORENA,TONY ZAPIÉN,18.3,600,4.3,Massive Caller,45,PONDERADO,Serie histórica sin etiqueta numérica en la fuente
2026-03-12,Jalisco,14097,Tlajomulco de Zúñiga,PRECANDIDATO,Condicional: declarantes del partido,MORENA,TONY ZAPIÉN,16.5,600,4.3,Massive Caller,45,PONDERADO,Serie histórica sin etiqueta numérica en la fuente
2026-04-12,Jalisco,14097,Tlajomulco de Zúñiga,PRECANDIDATO,Condicional: declarantes del partido,MORENA,TONY ZAPIÉN,17.5,600,4.3,Massive Caller,45,PONDERADO,Serie histórica sin etiqueta numérica en la fuente
2026-05-12,Jalisco,14097,Tlajomulco de Zúñiga,PRECANDIDATO,Condicional: declarantes del partido,MORENA,TONY ZAPIÉN,20.8,600,4.3,Massive Caller,45,PONDERADO,Serie superpuesta con otra del mismo color en esta ola
2026-06-12,Jalisco,14097,Tlajomulco de Zúñiga,PRECANDIDATO,Condicional: declarantes del partido,MORENA,TONY ZAPIÉN,18.0,600,4.3,Massive Caller,45,PONDERADO,Serie superpuesta con otra del mismo color en esta ola
2026-07-12,Jalisco,14097,Tlajomulco de Zúñiga,PRECANDIDATO,Condicional: declarantes del partido,MORENA,TONY ZAPIÉN,16.9,600,4.3,Massive Caller,45,PONDERADO,Serie histórica sin etiqueta numérica en la fuente
2026-08-12,Jalisco,14097,Tlajomulco de Zúñiga,PRECANDIDATO,Condicional: declarantes del partido,MORENA,TONY ZAPIÉN,15.5,600,4.3,Massive Caller,45,LITERAL,
2025-09-12,Jalisco,14097,Tlajomulco de Zúñiga,PRECANDIDATO,Condicional: declarantes del partido,MORENA,MARISOL PALACIOS RAMÍREZ,20.6,600,4.3,Massive Caller,45,PONDERADO,Serie superpuesta con otra del mismo color en esta ola
2025-10-12,Jalisco,14097,Tlajomulco de Zúñiga,PRECANDIDATO,Condicional: declarantes del partido,MORENA,MARISOL PALACIOS RAMÍREZ,18.3,600,4.3,Massive Caller,45,PONDERADO,Serie superpuesta con otra del mismo color en esta ola
2025-11-12,Jalisco,14097,Tlajomulco de Zúñiga,PRECANDIDATO,Condicional: declarantes del partido,MORENA,MARISOL PALACIOS RAMÍREZ,20.8,600,4.3,Massive Caller,45,PONDERADO,Serie superpuesta con otra del mismo color en esta ola
2025-12-12,Jalisco,14097,Tlajomulco de Zúñiga,PRECANDIDATO,Condicional: declarantes del partido,MORENA,MARISOL PALACIOS RAMÍREZ,20.9,600,4.3,Massive Caller,45,PONDERADO,Serie superpuesta con otra del mismo color en esta ola
2026-01-12,Jalisco,14097,Tlajomulco de Zúñiga,PRECANDIDATO,Condicional: declarantes del partido,MORENA,MARISOL PALACIOS RAMÍREZ,20.0,600,4.3,Massive Caller,45,PONDERADO,Serie superpuesta con otra del mismo color en esta ola
2026-02-12,Jalisco,14097,Tlajomulco de Zúñiga,PRECANDIDATO,Condicional: declarantes del partido,MORENA,MARISOL PALACIOS RAMÍREZ,18.3,600,4.3,Massive Caller,45,PONDERADO,Serie superpuesta con otra del mismo color en esta ola
2026-03-12,Jalisco,14097,Tlajomulco de Zúñiga,PRECANDIDATO,Condicional: declarantes del partido,MORENA,MARISOL PALACIOS RAMÍREZ,12.5,600,4.3,Massive Caller,45,PONDERADO,Serie histórica sin etiqueta numérica en la fuente
2026-04-12,Jalisco,14097,Tlajomulco de Zúñiga,PRECANDIDATO,Condicional: declarantes del partido,MORENA,MARISOL PALACIOS RAMÍREZ,12.7,600,4.3,Massive Caller,45,PONDERADO,Serie histórica sin etiqueta numérica en la fuente
2026-05-12,Jalisco,14097,Tlajomulco de Zúñiga,PRECANDIDATO,Condicional: declarantes del partido,MORENA,MARISOL PALACIOS RAMÍREZ,14.8,600,4.3,Massive Caller,45,PONDERADO,Serie histórica sin etiqueta numérica en la fuente
2026-06-12,Jalisco,14097,Tlajomulco de Zúñiga,PRECANDIDATO,Condicional: declarantes del partido,MORENA,MARISOL PALACIOS RAMÍREZ,15.6,600,4.3,Massive Caller,45,PONDERADO,Serie histórica sin etiqueta numérica en la fuente
2026-07-12,Jalisco,14097,Tlajomulco de Zúñiga,PRECANDIDATO,Condicional: declarantes del partido,MORENA,MARISOL PALACIOS RAMÍREZ,14.3,600,4.3,Massive Caller,45,PONDERADO,Serie histórica sin etiqueta numérica en la fuente
2026-08-12,Jalisco,14097,Tlajomulco de Zúñiga,PRECANDIDATO,Condicional: declarantes del partido,MORENA,MARISOL PALACIOS RAMÍREZ,12.7,600,4.3,Massive Caller,45,LITERAL,
2025-09-12,Jalisco,14097,Tlajomulco de Zúñiga,PRECANDIDATO,Condicional: declarantes del partido,MORENA,ALBERTO MARTÍNEZ GUTIÉRREZ,20.6,600,4.3,Massive Caller,45,PONDERADO,Serie superpuesta con otra del mismo color en esta ola
2025-10-12,Jalisco,14097,Tlajomulco de Zúñiga,PRECANDIDATO,Condicional: declarantes del partido,MORENA,ALBERTO MARTÍNEZ GUTIÉRREZ,18.3,600,4.3,Massive Caller,45,PONDERADO,Serie superpuesta con otra del mismo color en esta ola
2025-11-12,Jalisco,14097,Tlajomulco de Zúñiga,PRECANDIDATO,Condicional: declarantes del partido,MORENA,ALBERTO MARTÍNEZ GUTIÉRREZ,20.8,600,4.3,Massive Caller,45,PONDERADO,Serie superpuesta con otra del mismo color en esta ola
2025-12-12,Jalisco,14097,Tlajomulco de Zúñiga,PRECANDIDATO,Condicional: declarantes del partido,MORENA,ALBERTO MARTÍNEZ GUTIÉRREZ,20.9,600,4.3,Massive Caller,45,PONDERADO,Serie superpuesta con otra del mismo color en esta ola
2026-01-12,Jalisco,14097,Tlajomulco de Zúñiga,PRECANDIDATO,Condicional: declarantes del partido,MORENA,ALBERTO MARTÍNEZ GUTIÉRREZ,20.0,600,4.3,Massive Caller,45,PONDERADO,Serie superpuesta con otra del mismo color en esta ola
2026-02-12,Jalisco,14097,Tlajomulco de Zúñiga,PRECANDIDATO,Condicional: declarantes del partido,MORENA,ALBERTO MARTÍNEZ GUTIÉRREZ,18.3,600,4.3,Massive Caller,45,PONDERADO,Serie superpuesta con otra del mismo color en esta ola
2026-03-12,Jalisco,14097,Tlajomulco de Zúñiga,PRECANDIDATO,Condicional: declarantes del partido,MORENA,ALBERTO MARTÍNEZ GUTIÉRREZ,11.6,600,4.3,Massive Caller,45,PONDERADO,Serie superpuesta con otra del mismo color en esta ola
2026-04-12,Jalisco,14097,Tlajomulco de Zúñiga,PRECANDIDATO,Condicional: declarantes del partido,MORENA,ALBERTO MARTÍNEZ GUTIÉRREZ,9.5,600,4.3,Massive Caller,45,PONDERADO,Serie histórica sin etiqueta numérica en la fuente
2026-05-12,Jalisco,14097,Tlajomulco de Zúñiga,PRECANDIDATO,Condicional: declarantes del partido,MORENA,ALBERTO MARTÍNEZ GUTIÉRREZ,12.2,600,4.3,Massive Caller,45,PONDERADO,Serie histórica sin etiqueta numérica en la fuente
2026-06-12,Jalisco,14097,Tlajomulco de Zúñiga,PRECANDIDATO,Condicional: declarantes del partido,MORENA,ALBERTO MARTÍNEZ GUTIÉRREZ,11.3,600,4.3,Massive Caller,45,PONDERADO,Serie histórica sin etiqueta numérica en la fuente
2026-07-12,Jalisco,14097,Tlajomulco de Zúñiga,PRECANDIDATO,Condicional: declarantes del partido,MORENA,ALBERTO MARTÍNEZ GUTIÉRREZ,11.3,600,4.3,Massive Caller,45,PONDERADO,Serie histórica sin etiqueta numérica en la fuente
2026-08-12,Jalisco,14097,Tlajomulco de Zúñiga,PRECANDIDATO,Condicional: declarantes del partido,MORENA,ALBERTO MARTÍNEZ GUTIÉRREZ,11.4,600,4.3,Massive Caller,45,LITERAL,
2025-09-12,Jalisco,14097,Tlajomulco de Zúñiga,PRECANDIDATO,Condicional: declarantes del partido,MORENA,AÚN NO DECIDE,29.2,600,4.3,Massive Caller,45,PONDERADO,Serie histórica sin etiqueta numérica en la fuente
2025-10-12,Jalisco,14097,Tlajomulco de Zúñiga,PRECANDIDATO,Condicional: declarantes del partido,MORENA,AÚN NO DECIDE,28.0,600,4.3,Massive Caller,45,PONDERADO,Serie histórica sin etiqueta numérica en la fuente
2025-11-12,Jalisco,14097,Tlajomulco de Zúñiga,PRECANDIDATO,Condicional: declarantes del partido,MORENA,AÚN NO DECIDE,29.2,600,4.3,Massive Caller,45,PONDERADO,Serie histórica sin etiqueta numérica en la fuente
2025-12-12,Jalisco,14097,Tlajomulco de Zúñiga,PRECANDIDATO,Condicional: declarantes del partido,MORENA,AÚN NO DECIDE,26.3,600,4.3,Massive Caller,45,PONDERADO,Serie histórica sin etiqueta numérica en la fuente
2026-01-12,Jalisco,14097,Tlajomulco de Zúñiga,PRECANDIDATO,Condicional: declarantes del partido,MORENA,AÚN NO DECIDE,26.9,600,4.3,Massive Caller,45,PONDERADO,Serie histórica sin etiqueta numérica en la fuente
2026-02-12,Jalisco,14097,Tlajomulco de Zúñiga,PRECANDIDATO,Condicional: declarantes del partido,MORENA,AÚN NO DECIDE,23.0,600,4.3,Massive Caller,45,PONDERADO,Serie histórica sin etiqueta numérica en la fuente
2026-03-12,Jalisco,14097,Tlajomulco de Zúñiga,PRECANDIDATO,Condicional: declarantes del partido,MORENA,AÚN NO DECIDE,14.5,600,4.3,Massive Caller,45,PONDERADO,Serie histórica sin etiqueta numérica en la fuente
2026-04-12,Jalisco,14097,Tlajomulco de Zúñiga,PRECANDIDATO,Condicional: declarantes del partido,MORENA,AÚN NO DECIDE,13.3,600,4.3,Massive Caller,45,PONDERADO,Serie histórica sin etiqueta numérica en la fuente
2026-05-12,Jalisco,14097,Tlajomulco de Zúñiga,PRECANDIDATO,Condicional: declarantes del partido,MORENA,AÚN NO DECIDE,11.3,600,4.3,Massive Caller,45,PONDERADO,Serie histórica sin etiqueta numérica en la fuente
2026-06-12,Jalisco,14097,Tlajomulco de Zúñiga,PRECANDIDATO,Condicional: declarantes del partido,MORENA,AÚN NO DECIDE,13.7,600,4.3,Massive Caller,45,PONDERADO,Serie histórica sin etiqueta numérica en la fuente
2026-07-12,Jalisco,14097,Tlajomulco de Zúñiga,PRECANDIDATO,Condicional: declarantes del partido,MORENA,AÚN NO DECIDE,7.8,600,4.3,Massive Caller,45,PONDERADO,Serie histórica sin etiqueta numérica en la fuente
2026-08-12,Jalisco,14097,Tlajomulco de Zúñiga,PRECANDIDATO,Condicional: declarantes del partido,MORENA,AÚN NO DECIDE,10.5,600,4.3,Massive Caller,45,LITERAL,
2025-09-12,Jalisco,14097,Tlajomulco de Zúñiga,PRECANDIDATO,Condicional: declarantes del partido,MORENA,MARIANA CASILLAS GUERRERO,20.6,600,4.3,Massive Caller,45,PONDERADO,Serie superpuesta con otra del mismo color en esta ola
2025-10-12,Jalisco,14097,Tlajomulco de Zúñiga,PRECANDIDATO,Condicional: declarantes del partido,MORENA,MARIANA CASILLAS GUERRERO,18.3,600,4.3,Massive Caller,45,PONDERADO,Serie superpuesta con otra del mismo color en esta ola
2025-11-12,Jalisco,14097,Tlajomulco de Zúñiga,PRECANDIDATO,Condicional: declarantes del partido,MORENA,MARIANA CASILLAS GUERRERO,20.8,600,4.3,Massive Caller,45,PONDERADO,Serie superpuesta con otra del mismo color en esta ola
2025-12-12,Jalisco,14097,Tlajomulco de Zúñiga,PRECANDIDATO,Condicional: declarantes del partido,MORENA,MARIANA CASILLAS GUERRERO,20.9,600,4.3,Massive Caller,45,PONDERADO,Serie superpuesta con otra del mismo color en esta ola
2026-01-12,Jalisco,14097,Tlajomulco de Zúñiga,PRECANDIDATO,Condicional: declarantes del partido,MORENA,MARIANA CASILLAS GUERRERO,20.0,600,4.3,Massive Caller,45,PONDERADO,Serie superpuesta con otra del mismo color en esta ola
2026-02-12,Jalisco,14097,Tlajomulco de Zúñiga,PRECANDIDATO,Condicional: declarantes del partido,MORENA,MARIANA CASILLAS GUERRERO,18.3,600,4.3,Massive Caller,45,PONDERADO,Serie superpuesta con otra del mismo color en esta ola
2026-03-12,Jalisco,14097,Tlajomulco de Zúñiga,PRECANDIDATO,Condicional: declarantes del partido,MORENA,MARIANA CASILLAS GUERRERO,11.6,600,4.3,Massive Caller,45,PONDERADO,Serie histórica sin etiqueta numérica en la fuente
2026-04-12,Jalisco,14097,Tlajomulco de Zúñiga,PRECANDIDATO,Condicional: declarantes del partido,MORENA,MARIANA CASILLAS GUERRERO,11.3,600,4.3,Massive Caller,45,PONDERADO,Serie histórica sin etiqueta numérica en la fuente
2026-05-12,Jalisco,14097,Tlajomulco de Zúñiga,PRECANDIDATO,Condicional: declarantes del partido,MORENA,MARIANA CASILLAS GUERRERO,12.2,600,4.3,Massive Caller,45,PONDERADO,Serie superpuesta con otra del mismo color en esta ola
2026-06-12,Jalisco,14097,Tlajomulco de Zúñiga,PRECANDIDATO,Condicional: declarantes del partido,MORENA,MARIANA CASILLAS GUERRERO,9.0,600,4.3,Massive Caller,45,PONDERADO,Serie histórica sin etiqueta numérica en la fuente
2026-07-12,Jalisco,14097,Tlajomulco de Zúñiga,PRECANDIDATO,Condicional: declarantes del partido,MORENA,MARIANA CASILLAS GUERRERO,7.2,600,4.3,Massive Caller,45,PONDERADO,Serie histórica sin etiqueta numérica en la fuente
2026-08-12,Jalisco,14097,Tlajomulco de Zúñiga,PRECANDIDATO,Condicional: declarantes del partido,MORENA,MARIANA CASILLAS GUERRERO,8.5,600,4.3,Massive Caller,45,LITERAL,
2025-09-12,Jalisco,14097,Tlajomulco de Zúñiga,PRECANDIDATO,Condicional: declarantes del partido,MORENA,OTRO,27.3,600,4.3,Massive Caller,45,PONDERADO,Serie histórica sin etiqueta numérica en la fuente
2025-10-12,Jalisco,14097,Tlajomulco de Zúñiga,PRECANDIDATO,Condicional: declarantes del partido,MORENA,OTRO,29.2,600,4.3,Massive Caller,45,PONDERADO,Serie histórica sin etiqueta numérica en la fuente
2025-11-12,Jalisco,14097,Tlajomulco de Zúñiga,PRECANDIDATO,Condicional: declarantes del partido,MORENA,OTRO,31.2,600,4.3,Massive Caller,45,PONDERADO,Serie histórica sin etiqueta numérica en la fuente
2025-12-12,Jalisco,14097,Tlajomulco de Zúñiga,PRECANDIDATO,Condicional: declarantes del partido,MORENA,OTRO,28.6,600,4.3,Massive Caller,45,PONDERADO,Serie histórica sin etiqueta numérica en la fuente
2026-01-12,Jalisco,14097,Tlajomulco de Zúñiga,PRECANDIDATO,Condicional: declarantes del partido,MORENA,OTRO,29.9,600,4.3,Massive Caller,45,PONDERADO,Serie histórica sin etiqueta numérica en la fuente
2026-02-12,Jalisco,14097,Tlajomulco de Zúñiga,PRECANDIDATO,Condicional: declarantes del partido,MORENA,OTRO,33.2,600,4.3,Massive Caller,45,PONDERADO,Serie histórica sin etiqueta numérica en la fuente
2026-03-12,Jalisco,14097,Tlajomulco de Zúñiga,PRECANDIDATO,Condicional: declarantes del partido,MORENA,OTRO,24.3,600,4.3,Massive Caller,45,PONDERADO,Serie histórica sin etiqueta numérica en la fuente
2026-04-12,Jalisco,14097,Tlajomulco de Zúñiga,PRECANDIDATO,Condicional: declarantes del partido,MORENA,OTRO,16.6,600,4.3,Massive Caller,45,PONDERADO,Serie histórica sin etiqueta numérica en la fuente
2026-05-12,Jalisco,14097,Tlajomulco de Zúñiga,PRECANDIDATO,Condicional: declarantes del partido,MORENA,OTRO,13.1,600,4.3,Massive Caller,45,PONDERADO,Serie histórica sin etiqueta numérica en la fuente
2026-06-12,Jalisco,14097,Tlajomulco de Zúñiga,PRECANDIDATO,Condicional: declarantes del partido,MORENA,OTRO,12.5,600,4.3,Massive Caller,45,PONDERADO,Serie histórica sin etiqueta numérica en la fuente
2026-07-12,Jalisco,14097,Tlajomulco de Zúñiga,PRECANDIDATO,Condicional: declarantes del partido,MORENA,OTRO,5.4,600,4.3,Massive Caller,45,PONDERADO,Serie histórica sin etiqueta numérica en la fuente
2026-08-12,Jalisco,14097,Tlajomulco de Zúñiga,PRECANDIDATO,Condicional: declarantes del partido,MORENA,OTRO,3.5,600,4.3,Massive Caller,45,LITERAL,
2025-09-12,Jalisco,14097,Tlajomulco de Zúñiga,PRECANDIDATO,Condicional: declarantes del partido,MC,GERARDO QUIRINO VELÁZQUEZ CHÁVEZ,51.6,600,4.3,Massive Caller,47,PONDERADO,Serie histórica sin etiqueta numérica en la fuente
2025-10-12,Jalisco,14097,Tlajomulco de Zúñiga,PRECANDIDATO,Condicional: declarantes del partido,MC,GERARDO QUIRINO VELÁZQUEZ CHÁVEZ,50.8,600,4.3,Massive Caller,47,PONDERADO,Serie histórica sin etiqueta numérica en la fuente
2025-11-12,Jalisco,14097,Tlajomulco de Zúñiga,PRECANDIDATO,Condicional: declarantes del partido,MC,GERARDO QUIRINO VELÁZQUEZ CHÁVEZ,53.9,600,4.3,Massive Caller,47,PONDERADO,Serie histórica sin etiqueta numérica en la fuente
2025-12-12,Jalisco,14097,Tlajomulco de Zúñiga,PRECANDIDATO,Condicional: declarantes del partido,MC,GERARDO QUIRINO VELÁZQUEZ CHÁVEZ,52.4,600,4.3,Massive Caller,47,PONDERADO,Serie histórica sin etiqueta numérica en la fuente
2026-01-12,Jalisco,14097,Tlajomulco de Zúñiga,PRECANDIDATO,Condicional: declarantes del partido,MC,GERARDO QUIRINO VELÁZQUEZ CHÁVEZ,53.5,600,4.3,Massive Caller,47,PONDERADO,Serie histórica sin etiqueta numérica en la fuente
2026-02-12,Jalisco,14097,Tlajomulco de Zúñiga,PRECANDIDATO,Condicional: declarantes del partido,MC,GERARDO QUIRINO VELÁZQUEZ CHÁVEZ,56.7,600,4.3,Massive Caller,47,PONDERADO,Serie histórica sin etiqueta numérica en la fuente
2026-03-12,Jalisco,14097,Tlajomulco de Zúñiga,PRECANDIDATO,Condicional: declarantes del partido,MC,GERARDO QUIRINO VELÁZQUEZ CHÁVEZ,59.8,600,4.3,Massive Caller,47,PONDERADO,Serie histórica sin etiqueta numérica en la fuente
2026-04-12,Jalisco,14097,Tlajomulco de Zúñiga,PRECANDIDATO,Condicional: declarantes del partido,MC,GERARDO QUIRINO VELÁZQUEZ CHÁVEZ,62.8,600,4.3,Massive Caller,47,PONDERADO,Serie histórica sin etiqueta numérica en la fuente
2026-05-12,Jalisco,14097,Tlajomulco de Zúñiga,PRECANDIDATO,Condicional: declarantes del partido,MC,GERARDO QUIRINO VELÁZQUEZ CHÁVEZ,64.3,600,4.3,Massive Caller,47,PONDERADO,Serie histórica sin etiqueta numérica en la fuente
2026-06-12,Jalisco,14097,Tlajomulco de Zúñiga,PRECANDIDATO,Condicional: declarantes del partido,MC,GERARDO QUIRINO VELÁZQUEZ CHÁVEZ,61.3,600,4.3,Massive Caller,47,PONDERADO,Serie histórica sin etiqueta numérica en la fuente
2026-07-12,Jalisco,14097,Tlajomulco de Zúñiga,PRECANDIDATO,Condicional: declarantes del partido,MC,GERARDO QUIRINO VELÁZQUEZ CHÁVEZ,59.8,600,4.3,Massive Caller,47,PONDERADO,Serie histórica sin etiqueta numérica en la fuente
2026-08-12,Jalisco,14097,Tlajomulco de Zúñiga,PRECANDIDATO,Condicional: declarantes del partido,MC,GERARDO QUIRINO VELÁZQUEZ CHÁVEZ,62.2,600,4.3,Massive Caller,47,LITERAL,
2025-09-12,Jalisco,14097,Tlajomulco de Zúñiga,PRECANDIDATO,Condicional: declarantes del partido,MC,AÚN NO DECIDE,12.5,600,4.3,Massive Caller,47,PONDERADO,Serie histórica sin etiqueta numérica en la fuente
2025-10-12,Jalisco,14097,Tlajomulco de Zúñiga,PRECANDIDATO,Condicional: declarantes del partido,MC,AÚN NO DECIDE,14.3,600,4.3,Massive Caller,47,PONDERADO,Serie histórica sin etiqueta numérica en la fuente
2025-11-12,Jalisco,14097,Tlajomulco de Zúñiga,PRECANDIDATO,Condicional: declarantes del partido,MC,AÚN NO DECIDE,12.8,600,4.3,Massive Caller,47,PONDERADO,Serie histórica sin etiqueta numérica en la fuente
2025-12-12,Jalisco,14097,Tlajomulco de Zúñiga,PRECANDIDATO,Condicional: declarantes del partido,MC,AÚN NO DECIDE,13.5,600,4.3,Massive Caller,47,PONDERADO,Serie histórica sin etiqueta numérica en la fuente
2026-01-12,Jalisco,14097,Tlajomulco de Zúñiga,PRECANDIDATO,Condicional: declarantes del partido,MC,AÚN NO DECIDE,12.4,600,4.3,Massive Caller,47,PONDERADO,Serie histórica sin etiqueta numérica en la fuente
2026-02-12,Jalisco,14097,Tlajomulco de Zúñiga,PRECANDIDATO,Condicional: declarantes del partido,MC,AÚN NO DECIDE,14.5,600,4.3,Massive Caller,47,PONDERADO,Serie histórica sin etiqueta numérica en la fuente
2026-03-12,Jalisco,14097,Tlajomulco de Zúñiga,PRECANDIDATO,Condicional: declarantes del partido,MC,AÚN NO DECIDE,12.3,600,4.3,Massive Caller,47,PONDERADO,Serie histórica sin etiqueta numérica en la fuente
2026-04-12,Jalisco,14097,Tlajomulco de Zúñiga,PRECANDIDATO,Condicional: declarantes del partido,MC,AÚN NO DECIDE,11.1,600,4.3,Massive Caller,47,PONDERADO,Serie histórica sin etiqueta numérica en la fuente
2026-05-12,Jalisco,14097,Tlajomulco de Zúñiga,PRECANDIDATO,Condicional: declarantes del partido,MC,AÚN NO DECIDE,13.6,600,4.3,Massive Caller,47,PONDERADO,Serie histórica sin etiqueta numérica en la fuente
2026-06-12,Jalisco,14097,Tlajomulco de Zúñiga,PRECANDIDATO,Condicional: declarantes del partido,MC,AÚN NO DECIDE,11.3,600,4.3,Massive Caller,47,PONDERADO,Serie histórica sin etiqueta numérica en la fuente
2026-07-12,Jalisco,14097,Tlajomulco de Zúñiga,PRECANDIDATO,Condicional: declarantes del partido,MC,AÚN NO DECIDE,11.6,600,4.3,Massive Caller,47,PONDERADO,Serie histórica sin etiqueta numérica en la fuente
2026-08-12,Jalisco,14097,Tlajomulco de Zúñiga,PRECANDIDATO,Condicional: declarantes del partido,MC,AÚN NO DECIDE,12.7,600,4.3,Massive Caller,47,LITERAL,
2025-09-12,Jalisco,14097,Tlajomulco de Zúñiga,PRECANDIDATO,Condicional: declarantes del partido,MC,OTRO,17.1,600,4.3,Massive Caller,47,PONDERADO,Serie histórica sin etiqueta numérica en la fuente
2025-10-12,Jalisco,14097,Tlajomulco de Zúñiga,PRECANDIDATO,Condicional: declarantes del partido,MC,OTRO,15.9,600,4.3,Massive Caller,47,PONDERADO,Serie histórica sin etiqueta numérica en la fuente
2025-11-12,Jalisco,14097,Tlajomulco de Zúñiga,PRECANDIDATO,Condicional: declarantes del partido,MC,OTRO,15.4,600,4.3,Massive Caller,47,PONDERADO,Serie histórica sin etiqueta numérica en la fuente
2025-12-12,Jalisco,14097,Tlajomulco de Zúñiga,PRECANDIDATO,Condicional: declarantes del partido,MC,OTRO,14.5,600,4.3,Massive Caller,47,PONDERADO,Serie histórica sin etiqueta numérica en la fuente
2026-01-12,Jalisco,14097,Tlajomulco de Zúñiga,PRECANDIDATO,Condicional: declarantes del partido,MC,OTRO,15.8,600,4.3,Massive Caller,47,PONDERADO,Serie histórica sin etiqueta numérica en la fuente
2026-02-12,Jalisco,14097,Tlajomulco de Zúñiga,PRECANDIDATO,Condicional: declarantes del partido,MC,OTRO,12.6,600,4.3,Massive Caller,47,PONDERADO,Serie histórica sin etiqueta numérica en la fuente
2026-03-12,Jalisco,14097,Tlajomulco de Zúñiga,PRECANDIDATO,Condicional: declarantes del partido,MC,OTRO,13.3,600,4.3,Massive Caller,47,PONDERADO,Serie histórica sin etiqueta numérica en la fuente
2026-04-12,Jalisco,14097,Tlajomulco de Zúñiga,PRECANDIDATO,Condicional: declarantes del partido,MC,OTRO,12.6,600,4.3,Massive Caller,47,PONDERADO,Serie histórica sin etiqueta numérica en la fuente
2026-05-12,Jalisco,14097,Tlajomulco de Zúñiga,PRECANDIDATO,Condicional: declarantes del partido,MC,OTRO,11.4,600,4.3,Massive Caller,47,PONDERADO,Serie histórica sin etiqueta numérica en la fuente
2026-06-12,Jalisco,14097,Tlajomulco de Zúñiga,PRECANDIDATO,Condicional: declarantes del partido,MC,OTRO,10.4,600,4.3,Massive Caller,47,PONDERADO,Serie histórica sin etiqueta numérica en la fuente
2026-07-12,Jalisco,14097,Tlajomulco de Zúñiga,PRECANDIDATO,Condicional: declarantes del partido,MC,OTRO,10.8,600,4.3,Massive Caller,47,PONDERADO,Serie histórica sin etiqueta numérica en la fuente
2026-08-12,Jalisco,14097,Tlajomulco de Zúñiga,PRECANDIDATO,Condicional: declarantes del partido,MC,OTRO,11.5,600,4.3,Massive Caller,47,LITERAL,
2025-09-12,Jalisco,14097,Tlajomulco de Zúñiga,PRECANDIDATO,Condicional: declarantes del partido,MC,ADRIANA GABRIELA MEDINA ORTIZ,18.8,600,4.3,Massive Caller,47,PONDERADO,Serie histórica sin etiqueta numérica en la fuente
2025-10-12,Jalisco,14097,Tlajomulco de Zúñiga,PRECANDIDATO,Condicional: declarantes del partido,MC,ADRIANA GABRIELA MEDINA ORTIZ,19.0,600,4.3,Massive Caller,47,PONDERADO,Serie histórica sin etiqueta numérica en la fuente
2025-11-12,Jalisco,14097,Tlajomulco de Zúñiga,PRECANDIDATO,Condicional: declarantes del partido,MC,ADRIANA GABRIELA MEDINA ORTIZ,18.0,600,4.3,Massive Caller,47,PONDERADO,Serie histórica sin etiqueta numérica en la fuente
2025-12-12,Jalisco,14097,Tlajomulco de Zúñiga,PRECANDIDATO,Condicional: declarantes del partido,MC,ADRIANA GABRIELA MEDINA ORTIZ,19.7,600,4.3,Massive Caller,47,PONDERADO,Serie histórica sin etiqueta numérica en la fuente
2026-01-12,Jalisco,14097,Tlajomulco de Zúñiga,PRECANDIDATO,Condicional: declarantes del partido,MC,ADRIANA GABRIELA MEDINA ORTIZ,18.4,600,4.3,Massive Caller,47,PONDERADO,Serie histórica sin etiqueta numérica en la fuente
2026-02-12,Jalisco,14097,Tlajomulco de Zúñiga,PRECANDIDATO,Condicional: declarantes del partido,MC,ADRIANA GABRIELA MEDINA ORTIZ,16.3,600,4.3,Massive Caller,47,PONDERADO,Serie histórica sin etiqueta numérica en la fuente
2026-03-12,Jalisco,14097,Tlajomulco de Zúñiga,PRECANDIDATO,Condicional: declarantes del partido,MC,ADRIANA GABRIELA MEDINA ORTIZ,14.7,600,4.3,Massive Caller,47,PONDERADO,Serie histórica sin etiqueta numérica en la fuente
2026-04-12,Jalisco,14097,Tlajomulco de Zúñiga,PRECANDIDATO,Condicional: declarantes del partido,MC,ADRIANA GABRIELA MEDINA ORTIZ,13.6,600,4.3,Massive Caller,47,PONDERADO,Serie histórica sin etiqueta numérica en la fuente
2026-05-12,Jalisco,14097,Tlajomulco de Zúñiga,PRECANDIDATO,Condicional: declarantes del partido,MC,ADRIANA GABRIELA MEDINA ORTIZ,10.5,600,4.3,Massive Caller,47,PONDERADO,Serie histórica sin etiqueta numérica en la fuente
2026-06-12,Jalisco,14097,Tlajomulco de Zúñiga,PRECANDIDATO,Condicional: declarantes del partido,MC,ADRIANA GABRIELA MEDINA ORTIZ,12.2,600,4.3,Massive Caller,47,PONDERADO,Serie histórica sin etiqueta numérica en la fuente
2026-07-12,Jalisco,14097,Tlajomulco de Zúñiga,PRECANDIDATO,Condicional: declarantes del partido,MC,ADRIANA GABRIELA MEDINA ORTIZ,12.4,600,4.3,Massive Caller,47,PONDERADO,Serie histórica sin etiqueta numérica en la fuente
2026-08-12,Jalisco,14097,Tlajomulco de Zúñiga,PRECANDIDATO,Condicional: declarantes del partido,MC,ADRIANA GABRIELA MEDINA ORTIZ,9.5,600,4.3,Massive Caller,47,LITERAL,
2025-09-12,Jalisco,14097,Tlajomulco de Zúñiga,PRECANDIDATO,Condicional: declarantes del partido,MC,FABIOLA SERRATOS LÓPEZ,18.8,600,4.3,Massive Caller,47,PONDERADO,Serie superpuesta con otra del mismo color en esta ola
2025-10-12,Jalisco,14097,Tlajomulco de Zúñiga,PRECANDIDATO,Condicional: declarantes del partido,MC,FABIOLA SERRATOS LÓPEZ,19.0,600,4.3,Massive Caller,47,PONDERADO,Serie superpuesta con otra del mismo color en esta ola
2025-11-12,Jalisco,14097,Tlajomulco de Zúñiga,PRECANDIDATO,Condicional: declarantes del partido,MC,FABIOLA SERRATOS LÓPEZ,18.0,600,4.3,Massive Caller,47,PONDERADO,Serie superpuesta con otra del mismo color en esta ola
2025-12-12,Jalisco,14097,Tlajomulco de Zúñiga,PRECANDIDATO,Condicional: declarantes del partido,MC,FABIOLA SERRATOS LÓPEZ,19.7,600,4.3,Massive Caller,47,PONDERADO,Serie superpuesta con otra del mismo color en esta ola
2026-01-12,Jalisco,14097,Tlajomulco de Zúñiga,PRECANDIDATO,Condicional: declarantes del partido,MC,FABIOLA SERRATOS LÓPEZ,18.4,600,4.3,Massive Caller,47,PONDERADO,Serie superpuesta con otra del mismo color en esta ola
2026-02-12,Jalisco,14097,Tlajomulco de Zúñiga,PRECANDIDATO,Condicional: declarantes del partido,MC,FABIOLA SERRATOS LÓPEZ,16.3,600,4.3,Massive Caller,47,PONDERADO,Serie superpuesta con otra del mismo color en esta ola
2026-03-12,Jalisco,14097,Tlajomulco de Zúñiga,PRECANDIDATO,Condicional: declarantes del partido,MC,FABIOLA SERRATOS LÓPEZ,14.7,600,4.3,Massive Caller,47,PONDERADO,Serie superpuesta con otra del mismo color en esta ola
2026-04-12,Jalisco,14097,Tlajomulco de Zúñiga,PRECANDIDATO,Condicional: declarantes del partido,MC,FABIOLA SERRATOS LÓPEZ,13.6,600,4.3,Massive Caller,47,PONDERADO,Serie superpuesta con otra del mismo color en esta ola
2026-05-12,Jalisco,14097,Tlajomulco de Zúñiga,PRECANDIDATO,Condicional: declarantes del partido,MC,FABIOLA SERRATOS LÓPEZ,10.5,600,4.3,Massive Caller,47,PONDERADO,Serie superpuesta con otra del mismo color en esta ola
2026-06-12,Jalisco,14097,Tlajomulco de Zúñiga,PRECANDIDATO,Condicional: declarantes del partido,MC,FABIOLA SERRATOS LÓPEZ,4.8,600,4.3,Massive Caller,47,PONDERADO,Serie histórica sin etiqueta numérica en la fuente
2026-07-12,Jalisco,14097,Tlajomulco de Zúñiga,PRECANDIDATO,Condicional: declarantes del partido,MC,FABIOLA SERRATOS LÓPEZ,5.2,600,4.3,Massive Caller,47,PONDERADO,Serie histórica sin etiqueta numérica en la fuente
2026-08-12,Jalisco,14097,Tlajomulco de Zúñiga,PRECANDIDATO,Condicional: declarantes del partido,MC,FABIOLA SERRATOS LÓPEZ,4.1,600,4.3,Massive Caller,47,LITERAL,
2025-08-12,Jalisco,14097,Tlajomulco de Zúñiga,REELECCION,Total de entrevistados,MC,NO,48.7,600,4.3,Massive Caller,49,PONDERADO,Serie histórica sin etiqueta numérica en la fuente
2025-09-12,Jalisco,14097,Tlajomulco de Zúñiga,REELECCION,Total de entrevistados,MC,NO,48.2,600,4.3,Massive Caller,49,PONDERADO,Serie histórica sin etiqueta numérica en la fuente
2025-10-12,Jalisco,14097,Tlajomulco de Zúñiga,REELECCION,Total de entrevistados,MC,NO,50.7,600,4.3,Massive Caller,49,PONDERADO,Serie histórica sin etiqueta numérica en la fuente
2025-11-12,Jalisco,14097,Tlajomulco de Zúñiga,REELECCION,Total de entrevistados,MC,NO,47.7,600,4.3,Massive Caller,49,PONDERADO,Serie histórica sin etiqueta numérica en la fuente
2025-12-12,Jalisco,14097,Tlajomulco de Zúñiga,REELECCION,Total de entrevistados,MC,NO,46.8,600,4.3,Massive Caller,49,PONDERADO,Serie histórica sin etiqueta numérica en la fuente
2026-01-12,Jalisco,14097,Tlajomulco de Zúñiga,REELECCION,Total de entrevistados,MC,NO,49.4,600,4.3,Massive Caller,49,PONDERADO,Serie histórica sin etiqueta numérica en la fuente
2026-02-12,Jalisco,14097,Tlajomulco de Zúñiga,REELECCION,Total de entrevistados,MC,NO,52.5,600,4.3,Massive Caller,49,PONDERADO,Serie histórica sin etiqueta numérica en la fuente
2026-03-12,Jalisco,14097,Tlajomulco de Zúñiga,REELECCION,Total de entrevistados,MC,NO,55.5,600,4.3,Massive Caller,49,PONDERADO,Serie histórica sin etiqueta numérica en la fuente
2026-04-12,Jalisco,14097,Tlajomulco de Zúñiga,REELECCION,Total de entrevistados,MC,NO,57.7,600,4.3,Massive Caller,49,PONDERADO,Serie histórica sin etiqueta numérica en la fuente
2026-05-12,Jalisco,14097,Tlajomulco de Zúñiga,REELECCION,Total de entrevistados,MC,NO,54.5,600,4.3,Massive Caller,49,PONDERADO,Serie histórica sin etiqueta numérica en la fuente
2026-06-12,Jalisco,14097,Tlajomulco de Zúñiga,REELECCION,Total de entrevistados,MC,NO,57.2,600,4.3,Massive Caller,49,PONDERADO,Serie histórica sin etiqueta numérica en la fuente
2026-07-12,Jalisco,14097,Tlajomulco de Zúñiga,REELECCION,Total de entrevistados,MC,NO,57.1,600,4.3,Massive Caller,49,PONDERADO,Serie histórica sin etiqueta numérica en la fuente
2026-08-12,Jalisco,14097,Tlajomulco de Zúñiga,REELECCION,Total de entrevistados,MC,NO,54.9,600,4.3,Massive Caller,49,LITERAL,
2025-08-12,Jalisco,14097,Tlajomulco de Zúñiga,REELECCION,Total de entrevistados,MC,SÍ,51.3,600,4.3,Massive Caller,49,PONDERADO,Serie histórica sin etiqueta numérica en la fuente
2025-09-12,Jalisco,14097,Tlajomulco de Zúñiga,REELECCION,Total de entrevistados,MC,SÍ,51.8,600,4.3,Massive Caller,49,PONDERADO,Serie histórica sin etiqueta numérica en la fuente
2025-10-12,Jalisco,14097,Tlajomulco de Zúñiga,REELECCION,Total de entrevistados,MC,SÍ,49.2,600,4.3,Massive Caller,49,PONDERADO,Serie histórica sin etiqueta numérica en la fuente
2025-11-12,Jalisco,14097,Tlajomulco de Zúñiga,REELECCION,Total de entrevistados,MC,SÍ,52.3,600,4.3,Massive Caller,49,PONDERADO,Serie histórica sin etiqueta numérica en la fuente
2025-12-12,Jalisco,14097,Tlajomulco de Zúñiga,REELECCION,Total de entrevistados,MC,SÍ,53.2,600,4.3,Massive Caller,49,PONDERADO,Serie histórica sin etiqueta numérica en la fuente
2026-01-12,Jalisco,14097,Tlajomulco de Zúñiga,REELECCION,Total de entrevistados,MC,SÍ,50.6,600,4.3,Massive Caller,49,PONDERADO,Serie histórica sin etiqueta numérica en la fuente
2026-02-12,Jalisco,14097,Tlajomulco de Zúñiga,REELECCION,Total de entrevistados,MC,SÍ,47.5,600,4.3,Massive Caller,49,PONDERADO,Serie histórica sin etiqueta numérica en la fuente
2026-03-12,Jalisco,14097,Tlajomulco de Zúñiga,REELECCION,Total de entrevistados,MC,SÍ,44.5,600,4.3,Massive Caller,49,PONDERADO,Serie histórica sin etiqueta numérica en la fuente
2026-04-12,Jalisco,14097,Tlajomulco de Zúñiga,REELECCION,Total de entrevistados,MC,SÍ,42.3,600,4.3,Massive Caller,49,PONDERADO,Serie histórica sin etiqueta numérica en la fuente
2026-05-12,Jalisco,14097,Tlajomulco de Zúñiga,REELECCION,Total de entrevistados,MC,SÍ,45.5,600,4.3,Massive Caller,49,PONDERADO,Serie histórica sin etiqueta numérica en la fuente
2026-06-12,Jalisco,14097,Tlajomulco de Zúñiga,REELECCION,Total de entrevistados,MC,SÍ,42.8,600,4.3,Massive Caller,49,PONDERADO,Serie histórica sin etiqueta numérica en la fuente
2026-07-12,Jalisco,14097,Tlajomulco de Zúñiga,REELECCION,Total de entrevistados,MC,SÍ,42.9,600,4.3,Massive Caller,49,PONDERADO,Serie histórica sin etiqueta numérica en la fuente
2026-08-12,Jalisco,14097,Tlajomulco de Zúñiga,REELECCION,Total de entrevistados,MC,SÍ,45.1,600,4.3,Massive Caller,49,LITERAL,
2025-07-12,Jalisco,14098,San Pedro Tlaquepaque,INTENCION_PARTIDO,Total de entrevistados,,MORENA,40.1,600,4.3,Massive Caller,51,PONDERADO,Serie histórica sin etiqueta numérica en la fuente
2025-08-12,Jalisco,14098,San Pedro Tlaquepaque,INTENCION_PARTIDO,Total de entrevistados,,MORENA,41.7,600,4.3,Massive Caller,51,PONDERADO,Serie histórica sin etiqueta numérica en la fuente
2025-09-12,Jalisco,14098,San Pedro Tlaquepaque,INTENCION_PARTIDO,Total de entrevistados,,MORENA,43.9,600,4.3,Massive Caller,51,PONDERADO,Serie histórica sin etiqueta numérica en la fuente
2025-10-12,Jalisco,14098,San Pedro Tlaquepaque,INTENCION_PARTIDO,Total de entrevistados,,MORENA,43.2,600,4.3,Massive Caller,51,PONDERADO,Serie histórica sin etiqueta numérica en la fuente
2025-11-12,Jalisco,14098,San Pedro Tlaquepaque,INTENCION_PARTIDO,Total de entrevistados,,MORENA,41.4,600,4.3,Massive Caller,51,PONDERADO,Serie histórica sin etiqueta numérica en la fuente
2025-12-12,Jalisco,14098,San Pedro Tlaquepaque,INTENCION_PARTIDO,Total de entrevistados,,MORENA,38.7,600,4.3,Massive Caller,51,PONDERADO,Serie histórica sin etiqueta numérica en la fuente
2026-01-12,Jalisco,14098,San Pedro Tlaquepaque,INTENCION_PARTIDO,Total de entrevistados,,MORENA,40.6,600,4.3,Massive Caller,51,PONDERADO,Serie histórica sin etiqueta numérica en la fuente
2026-02-12,Jalisco,14098,San Pedro Tlaquepaque,INTENCION_PARTIDO,Total de entrevistados,,MORENA,36.9,600,4.3,Massive Caller,51,PONDERADO,Serie histórica sin etiqueta numérica en la fuente
2026-03-12,Jalisco,14098,San Pedro Tlaquepaque,INTENCION_PARTIDO,Total de entrevistados,,MORENA,35.1,600,4.3,Massive Caller,51,PONDERADO,Serie histórica sin etiqueta numérica en la fuente
2026-04-12,Jalisco,14098,San Pedro Tlaquepaque,INTENCION_PARTIDO,Total de entrevistados,,MORENA,34.1,600,4.3,Massive Caller,51,PONDERADO,Serie histórica sin etiqueta numérica en la fuente
2026-05-12,Jalisco,14098,San Pedro Tlaquepaque,INTENCION_PARTIDO,Total de entrevistados,,MORENA,32.8,600,4.3,Massive Caller,51,PONDERADO,Serie histórica sin etiqueta numérica en la fuente
2026-06-12,Jalisco,14098,San Pedro Tlaquepaque,INTENCION_PARTIDO,Total de entrevistados,,MORENA,35.6,600,4.3,Massive Caller,51,PONDERADO,Serie histórica sin etiqueta numérica en la fuente
2026-07-12,Jalisco,14098,San Pedro Tlaquepaque,INTENCION_PARTIDO,Total de entrevistados,,MORENA,33.7,600,4.3,Massive Caller,51,PONDERADO,Serie histórica sin etiqueta numérica en la fuente
2026-08-12,Jalisco,14098,San Pedro Tlaquepaque,INTENCION_PARTIDO,Total de entrevistados,,MORENA,34.8,600,4.3,Massive Caller,51,LITERAL,
2025-07-12,Jalisco,14098,San Pedro Tlaquepaque,INTENCION_PARTIDO,Total de entrevistados,,MC,15.2,600,4.3,Massive Caller,51,PONDERADO,Serie histórica sin etiqueta numérica en la fuente
2025-08-12,Jalisco,14098,San Pedro Tlaquepaque,INTENCION_PARTIDO,Total de entrevistados,,MC,18.6,600,4.3,Massive Caller,51,PONDERADO,Serie histórica sin etiqueta numérica en la fuente
2025-09-12,Jalisco,14098,San Pedro Tlaquepaque,INTENCION_PARTIDO,Total de entrevistados,,MC,16.1,600,4.3,Massive Caller,51,PONDERADO,Serie histórica sin etiqueta numérica en la fuente
2025-10-12,Jalisco,14098,San Pedro Tlaquepaque,INTENCION_PARTIDO,Total de entrevistados,,MC,18.3,600,4.3,Massive Caller,51,PONDERADO,Serie histórica sin etiqueta numérica en la fuente
2025-11-12,Jalisco,14098,San Pedro Tlaquepaque,INTENCION_PARTIDO,Total de entrevistados,,MC,19.7,600,4.3,Massive Caller,51,PONDERADO,Serie histórica sin etiqueta numérica en la fuente
2025-12-12,Jalisco,14098,San Pedro Tlaquepaque,INTENCION_PARTIDO,Total de entrevistados,,MC,22.1,600,4.3,Massive Caller,51,PONDERADO,Serie histórica sin etiqueta numérica en la fuente
2026-01-12,Jalisco,14098,San Pedro Tlaquepaque,INTENCION_PARTIDO,Total de entrevistados,,MC,21.0,600,4.3,Massive Caller,51,PONDERADO,Serie histórica sin etiqueta numérica en la fuente
2026-02-12,Jalisco,14098,San Pedro Tlaquepaque,INTENCION_PARTIDO,Total de entrevistados,,MC,19.4,600,4.3,Massive Caller,51,PONDERADO,Serie histórica sin etiqueta numérica en la fuente
2026-03-12,Jalisco,14098,San Pedro Tlaquepaque,INTENCION_PARTIDO,Total de entrevistados,,MC,18.3,600,4.3,Massive Caller,51,PONDERADO,Serie histórica sin etiqueta numérica en la fuente
2026-04-12,Jalisco,14098,San Pedro Tlaquepaque,INTENCION_PARTIDO,Total de entrevistados,,MC,19.5,600,4.3,Massive Caller,51,PONDERADO,Serie histórica sin etiqueta numérica en la fuente
2026-05-12,Jalisco,14098,San Pedro Tlaquepaque,INTENCION_PARTIDO,Total de entrevistados,,MC,21.3,600,4.3,Massive Caller,51,PONDERADO,Serie histórica sin etiqueta numérica en la fuente
2026-06-12,Jalisco,14098,San Pedro Tlaquepaque,INTENCION_PARTIDO,Total de entrevistados,,MC,18.6,600,4.3,Massive Caller,51,PONDERADO,Serie histórica sin etiqueta numérica en la fuente
2026-07-12,Jalisco,14098,San Pedro Tlaquepaque,INTENCION_PARTIDO,Total de entrevistados,,MC,19.7,600,4.3,Massive Caller,51,PONDERADO,Serie histórica sin etiqueta numérica en la fuente
2026-08-12,Jalisco,14098,San Pedro Tlaquepaque,INTENCION_PARTIDO,Total de entrevistados,,MC,20.6,600,4.3,Massive Caller,51,LITERAL,
2025-07-12,Jalisco,14098,San Pedro Tlaquepaque,INTENCION_PARTIDO,Total de entrevistados,,PAN,17.2,600,4.3,Massive Caller,51,PONDERADO,Serie histórica sin etiqueta numérica en la fuente
2025-08-12,Jalisco,14098,San Pedro Tlaquepaque,INTENCION_PARTIDO,Total de entrevistados,,PAN,16.9,600,4.3,Massive Caller,51,PONDERADO,Serie histórica sin etiqueta numérica en la fuente
2025-09-12,Jalisco,14098,San Pedro Tlaquepaque,INTENCION_PARTIDO,Total de entrevistados,,PAN,16.3,600,4.3,Massive Caller,51,PONDERADO,Marcador ocluido. Cerrado por residual: 100 - 83.7 = 16.3. Única serie faltante de la ola.
2025-10-12,Jalisco,14098,San Pedro Tlaquepaque,INTENCION_PARTIDO,Total de entrevistados,,PAN,13.5,600,4.3,Massive Caller,51,PONDERADO,Serie histórica sin etiqueta numérica en la fuente
2025-11-12,Jalisco,14098,San Pedro Tlaquepaque,INTENCION_PARTIDO,Total de entrevistados,,PAN,14.7,600,4.3,Massive Caller,51,PONDERADO,Serie histórica sin etiqueta numérica en la fuente
2025-12-12,Jalisco,14098,San Pedro Tlaquepaque,INTENCION_PARTIDO,Total de entrevistados,,PAN,15.2,600,4.3,Massive Caller,51,PONDERADO,Serie histórica sin etiqueta numérica en la fuente
2026-01-12,Jalisco,14098,San Pedro Tlaquepaque,INTENCION_PARTIDO,Total de entrevistados,,PAN,14.0,600,4.3,Massive Caller,51,PONDERADO,Serie histórica sin etiqueta numérica en la fuente
2026-02-12,Jalisco,14098,San Pedro Tlaquepaque,INTENCION_PARTIDO,Total de entrevistados,,PAN,12.8,600,4.3,Massive Caller,51,PONDERADO,Serie histórica sin etiqueta numérica en la fuente
2026-03-12,Jalisco,14098,San Pedro Tlaquepaque,INTENCION_PARTIDO,Total de entrevistados,,PAN,15.3,600,4.3,Massive Caller,51,PONDERADO,Serie histórica sin etiqueta numérica en la fuente
2026-04-12,Jalisco,14098,San Pedro Tlaquepaque,INTENCION_PARTIDO,Total de entrevistados,,PAN,14.4,600,4.3,Massive Caller,51,PONDERADO,Serie histórica sin etiqueta numérica en la fuente
2026-05-12,Jalisco,14098,San Pedro Tlaquepaque,INTENCION_PARTIDO,Total de entrevistados,,PAN,16.2,600,4.3,Massive Caller,51,PONDERADO,Serie histórica sin etiqueta numérica en la fuente
2026-06-12,Jalisco,14098,San Pedro Tlaquepaque,INTENCION_PARTIDO,Total de entrevistados,,PAN,17.5,600,4.3,Massive Caller,51,PONDERADO,Serie histórica sin etiqueta numérica en la fuente
2026-07-12,Jalisco,14098,San Pedro Tlaquepaque,INTENCION_PARTIDO,Total de entrevistados,,PAN,18.8,600,4.3,Massive Caller,51,PONDERADO,Serie histórica sin etiqueta numérica en la fuente
2026-08-12,Jalisco,14098,San Pedro Tlaquepaque,INTENCION_PARTIDO,Total de entrevistados,,PAN,16.3,600,4.3,Massive Caller,51,LITERAL,
2025-07-12,Jalisco,14098,San Pedro Tlaquepaque,INTENCION_PARTIDO,Total de entrevistados,,PRI,11.1,600,4.3,Massive Caller,51,PONDERADO,Serie histórica sin etiqueta numérica en la fuente
2025-08-12,Jalisco,14098,San Pedro Tlaquepaque,INTENCION_PARTIDO,Total de entrevistados,,PRI,6.0,600,4.3,Massive Caller,51,PONDERADO,Serie histórica sin etiqueta numérica en la fuente
2025-09-12,Jalisco,14098,San Pedro Tlaquepaque,INTENCION_PARTIDO,Total de entrevistados,,PRI,8.3,600,4.3,Massive Caller,51,PONDERADO,Serie histórica sin etiqueta numérica en la fuente
2025-10-12,Jalisco,14098,San Pedro Tlaquepaque,INTENCION_PARTIDO,Total de entrevistados,,PRI,9.9,600,4.3,Massive Caller,51,PONDERADO,Marcador ocluido. Cerrado por residual: 100 - 90.1 = 9.9. Única serie faltante de la ola.
2025-11-12,Jalisco,14098,San Pedro Tlaquepaque,INTENCION_PARTIDO,Total de entrevistados,,PRI,10.6,600,4.3,Massive Caller,51,PONDERADO,Serie histórica sin etiqueta numérica en la fuente
2025-12-12,Jalisco,14098,San Pedro Tlaquepaque,INTENCION_PARTIDO,Total de entrevistados,,PRI,8.8,600,4.3,Massive Caller,51,PONDERADO,Serie histórica sin etiqueta numérica en la fuente
2026-01-12,Jalisco,14098,San Pedro Tlaquepaque,INTENCION_PARTIDO,Total de entrevistados,,PRI,10.1,600,4.3,Massive Caller,51,PONDERADO,Serie histórica sin etiqueta numérica en la fuente
2026-02-12,Jalisco,14098,San Pedro Tlaquepaque,INTENCION_PARTIDO,Total de entrevistados,,PRI,11.5,600,4.3,Massive Caller,51,PONDERADO,Serie histórica sin etiqueta numérica en la fuente
2026-03-12,Jalisco,14098,San Pedro Tlaquepaque,INTENCION_PARTIDO,Total de entrevistados,,PRI,12.4,600,4.3,Massive Caller,51,PONDERADO,Serie histórica sin etiqueta numérica en la fuente
2026-04-12,Jalisco,14098,San Pedro Tlaquepaque,INTENCION_PARTIDO,Total de entrevistados,,PRI,11.7,600,4.3,Massive Caller,51,PONDERADO,Serie histórica sin etiqueta numérica en la fuente
2026-05-12,Jalisco,14098,San Pedro Tlaquepaque,INTENCION_PARTIDO,Total de entrevistados,,PRI,12.3,600,4.3,Massive Caller,51,PONDERADO,Serie histórica sin etiqueta numérica en la fuente
2026-06-12,Jalisco,14098,San Pedro Tlaquepaque,INTENCION_PARTIDO,Total de entrevistados,,PRI,10.5,600,4.3,Massive Caller,51,PONDERADO,Serie histórica sin etiqueta numérica en la fuente
2026-07-12,Jalisco,14098,San Pedro Tlaquepaque,INTENCION_PARTIDO,Total de entrevistados,,PRI,13.9,600,4.3,Massive Caller,51,PONDERADO,Serie histórica sin etiqueta numérica en la fuente
2026-08-12,Jalisco,14098,San Pedro Tlaquepaque,INTENCION_PARTIDO,Total de entrevistados,,PRI,12.6,600,4.3,Massive Caller,51,LITERAL,
2025-07-12,Jalisco,14098,San Pedro Tlaquepaque,INTENCION_PARTIDO,Total de entrevistados,,AÚN NO DECIDE,11.9,600,4.3,Massive Caller,51,PONDERADO,Serie histórica sin etiqueta numérica en la fuente
2025-08-12,Jalisco,14098,San Pedro Tlaquepaque,INTENCION_PARTIDO,Total de entrevistados,,AÚN NO DECIDE,10.8,600,4.3,Massive Caller,51,PONDERADO,Serie histórica sin etiqueta numérica en la fuente
2025-09-12,Jalisco,14098,San Pedro Tlaquepaque,INTENCION_PARTIDO,Total de entrevistados,,AÚN NO DECIDE,10.5,600,4.3,Massive Caller,51,PONDERADO,Serie histórica sin etiqueta numérica en la fuente
2025-10-12,Jalisco,14098,San Pedro Tlaquepaque,INTENCION_PARTIDO,Total de entrevistados,,AÚN NO DECIDE,10.2,600,4.3,Massive Caller,51,PONDERADO,Serie histórica sin etiqueta numérica en la fuente
2025-11-12,Jalisco,14098,San Pedro Tlaquepaque,INTENCION_PARTIDO,Total de entrevistados,,AÚN NO DECIDE,11.4,600,4.3,Massive Caller,51,PONDERADO,Serie histórica sin etiqueta numérica en la fuente
2025-12-12,Jalisco,14098,San Pedro Tlaquepaque,INTENCION_PARTIDO,Total de entrevistados,,AÚN NO DECIDE,11.8,600,4.3,Massive Caller,51,PONDERADO,Serie histórica sin etiqueta numérica en la fuente
2026-01-12,Jalisco,14098,San Pedro Tlaquepaque,INTENCION_PARTIDO,Total de entrevistados,,AÚN NO DECIDE,10.9,600,4.3,Massive Caller,51,PONDERADO,Serie histórica sin etiqueta numérica en la fuente
2026-02-12,Jalisco,14098,San Pedro Tlaquepaque,INTENCION_PARTIDO,Total de entrevistados,,AÚN NO DECIDE,14.4,600,4.3,Massive Caller,51,PONDERADO,Serie histórica sin etiqueta numérica en la fuente
2026-03-12,Jalisco,14098,San Pedro Tlaquepaque,INTENCION_PARTIDO,Total de entrevistados,,AÚN NO DECIDE,16.3,600,4.3,Massive Caller,51,PONDERADO,Serie histórica sin etiqueta numérica en la fuente
2026-04-12,Jalisco,14098,San Pedro Tlaquepaque,INTENCION_PARTIDO,Total de entrevistados,,AÚN NO DECIDE,16.8,600,4.3,Massive Caller,51,PONDERADO,Serie histórica sin etiqueta numérica en la fuente
2026-05-12,Jalisco,14098,San Pedro Tlaquepaque,INTENCION_PARTIDO,Total de entrevistados,,AÚN NO DECIDE,13.5,600,4.3,Massive Caller,51,PONDERADO,Serie histórica sin etiqueta numérica en la fuente
2026-06-12,Jalisco,14098,San Pedro Tlaquepaque,INTENCION_PARTIDO,Total de entrevistados,,AÚN NO DECIDE,12.5,600,4.3,Massive Caller,51,PONDERADO,Serie histórica sin etiqueta numérica en la fuente
2026-07-12,Jalisco,14098,San Pedro Tlaquepaque,INTENCION_PARTIDO,Total de entrevistados,,AÚN NO DECIDE,10.8,600,4.3,Massive Caller,51,PONDERADO,Serie histórica sin etiqueta numérica en la fuente
2026-08-12,Jalisco,14098,San Pedro Tlaquepaque,INTENCION_PARTIDO,Total de entrevistados,,AÚN NO DECIDE,11.9,600,4.3,Massive Caller,51,LITERAL,
2025-07-12,Jalisco,14098,San Pedro Tlaquepaque,INTENCION_PARTIDO,Total de entrevistados,,PT,2.0,600,4.3,Massive Caller,51,PONDERADO,Serie histórica sin etiqueta numérica en la fuente
2025-08-12,Jalisco,14098,San Pedro Tlaquepaque,INTENCION_PARTIDO,Total de entrevistados,,PT,4.7,600,4.3,Massive Caller,51,PONDERADO,Serie histórica sin etiqueta numérica en la fuente
2025-09-12,Jalisco,14098,San Pedro Tlaquepaque,INTENCION_PARTIDO,Total de entrevistados,,PT,2.0,600,4.3,Massive Caller,51,PONDERADO,Serie histórica sin etiqueta numérica en la fuente
2025-10-12,Jalisco,14098,San Pedro Tlaquepaque,INTENCION_PARTIDO,Total de entrevistados,,PT,3.6,600,4.3,Massive Caller,51,PONDERADO,Serie histórica sin etiqueta numérica en la fuente
2025-11-12,Jalisco,14098,San Pedro Tlaquepaque,INTENCION_PARTIDO,Total de entrevistados,,PT,1.3,600,4.3,Massive Caller,51,PONDERADO,Serie histórica sin etiqueta numérica en la fuente
2025-12-12,Jalisco,14098,San Pedro Tlaquepaque,INTENCION_PARTIDO,Total de entrevistados,,PT,2.2,600,4.3,Massive Caller,51,PONDERADO,Serie histórica sin etiqueta numérica en la fuente
2026-01-12,Jalisco,14098,San Pedro Tlaquepaque,INTENCION_PARTIDO,Total de entrevistados,,PT,1.6,600,4.3,Massive Caller,51,PONDERADO,Serie histórica sin etiqueta numérica en la fuente
2026-02-12,Jalisco,14098,San Pedro Tlaquepaque,INTENCION_PARTIDO,Total de entrevistados,,PT,2.2,600,4.3,Massive Caller,51,PONDERADO,Serie histórica sin etiqueta numérica en la fuente
2026-03-12,Jalisco,14098,San Pedro Tlaquepaque,INTENCION_PARTIDO,Total de entrevistados,,PT,1.9,600,4.3,Massive Caller,51,PONDERADO,Serie histórica sin etiqueta numérica en la fuente
2026-04-12,Jalisco,14098,San Pedro Tlaquepaque,INTENCION_PARTIDO,Total de entrevistados,,PT,2.4,600,4.3,Massive Caller,51,PONDERADO,Serie histórica sin etiqueta numérica en la fuente
2026-05-12,Jalisco,14098,San Pedro Tlaquepaque,INTENCION_PARTIDO,Total de entrevistados,,PT,1.3,600,4.3,Massive Caller,51,PONDERADO,Serie histórica sin etiqueta numérica en la fuente
2026-06-12,Jalisco,14098,San Pedro Tlaquepaque,INTENCION_PARTIDO,Total de entrevistados,,PT,2.3,600,4.3,Massive Caller,51,PONDERADO,Serie histórica sin etiqueta numérica en la fuente
2026-07-12,Jalisco,14098,San Pedro Tlaquepaque,INTENCION_PARTIDO,Total de entrevistados,,PT,1.9,600,4.3,Massive Caller,51,PONDERADO,Serie histórica sin etiqueta numérica en la fuente
2026-08-12,Jalisco,14098,San Pedro Tlaquepaque,INTENCION_PARTIDO,Total de entrevistados,,PT,2.2,600,4.3,Massive Caller,51,LITERAL,
2025-07-12,Jalisco,14098,San Pedro Tlaquepaque,INTENCION_PARTIDO,Total de entrevistados,,PVEM,2.5,600,4.3,Massive Caller,51,PONDERADO,Marcador ocluido. Cerrado por residual: 100 - 97.5 = 2.5. Única serie faltante de la ola.
2025-08-12,Jalisco,14098,San Pedro Tlaquepaque,INTENCION_PARTIDO,Total de entrevistados,,PVEM,1.5,600,4.3,Massive Caller,51,PONDERADO,Serie histórica sin etiqueta numérica en la fuente
2025-09-12,Jalisco,14098,San Pedro Tlaquepaque,INTENCION_PARTIDO,Total de entrevistados,,PVEM,2.9,600,4.3,Massive Caller,51,PONDERADO,Serie histórica sin etiqueta numérica en la fuente
2025-10-12,Jalisco,14098,San Pedro Tlaquepaque,INTENCION_PARTIDO,Total de entrevistados,,PVEM,1.3,600,4.3,Massive Caller,51,PONDERADO,Serie histórica sin etiqueta numérica en la fuente
2025-11-12,Jalisco,14098,San Pedro Tlaquepaque,INTENCION_PARTIDO,Total de entrevistados,,PVEM,0.8,600,4.3,Massive Caller,51,PONDERADO,Serie histórica sin etiqueta numérica en la fuente
2025-12-12,Jalisco,14098,San Pedro Tlaquepaque,INTENCION_PARTIDO,Total de entrevistados,,PVEM,1.3,600,4.3,Massive Caller,51,PONDERADO,Serie histórica sin etiqueta numérica en la fuente
2026-01-12,Jalisco,14098,San Pedro Tlaquepaque,INTENCION_PARTIDO,Total de entrevistados,,PVEM,1.8,600,4.3,Massive Caller,51,PONDERADO,Marcador ocluido. Cerrado por residual: 100 - 98.2 = 1.8. Única serie faltante de la ola.
2026-02-12,Jalisco,14098,San Pedro Tlaquepaque,INTENCION_PARTIDO,Total de entrevistados,,PVEM,3.0,600,4.3,Massive Caller,51,PONDERADO,Serie histórica sin etiqueta numérica en la fuente
2026-03-12,Jalisco,14098,San Pedro Tlaquepaque,INTENCION_PARTIDO,Total de entrevistados,,PVEM,0.8,600,4.3,Massive Caller,51,PONDERADO,Serie histórica sin etiqueta numérica en la fuente
2026-04-12,Jalisco,14098,San Pedro Tlaquepaque,INTENCION_PARTIDO,Total de entrevistados,,PVEM,1.3,600,4.3,Massive Caller,51,PONDERADO,Serie histórica sin etiqueta numérica en la fuente
2026-05-12,Jalisco,14098,San Pedro Tlaquepaque,INTENCION_PARTIDO,Total de entrevistados,,PVEM,2.6,600,4.3,Massive Caller,51,PONDERADO,Serie histórica sin etiqueta numérica en la fuente
2026-06-12,Jalisco,14098,San Pedro Tlaquepaque,INTENCION_PARTIDO,Total de entrevistados,,PVEM,3.2,600,4.3,Massive Caller,51,PONDERADO,Serie histórica sin etiqueta numérica en la fuente
2026-07-12,Jalisco,14098,San Pedro Tlaquepaque,INTENCION_PARTIDO,Total de entrevistados,,PVEM,1.2,600,4.3,Massive Caller,51,PONDERADO,Serie histórica sin etiqueta numérica en la fuente
2026-08-12,Jalisco,14098,San Pedro Tlaquepaque,INTENCION_PARTIDO,Total de entrevistados,,PVEM,1.5,600,4.3,Massive Caller,51,LITERAL,
2025-09-12,Jalisco,14098,San Pedro Tlaquepaque,PRECANDIDATO,Condicional: declarantes del partido,PAN,ISAÍAS CORTÉS BERUMEN,,600,4.3,Massive Caller,53,AUSENTE,Marcador ocluido; no resuelto automáticamente
2025-10-12,Jalisco,14098,San Pedro Tlaquepaque,PRECANDIDATO,Condicional: declarantes del partido,PAN,ISAÍAS CORTÉS BERUMEN,23.5,600,4.3,Massive Caller,53,PONDERADO,Serie histórica sin etiqueta numérica en la fuente
2025-11-12,Jalisco,14098,San Pedro Tlaquepaque,PRECANDIDATO,Condicional: declarantes del partido,PAN,ISAÍAS CORTÉS BERUMEN,24.4,600,4.3,Massive Caller,53,PONDERADO,Serie histórica sin etiqueta numérica en la fuente
2025-12-12,Jalisco,14098,San Pedro Tlaquepaque,PRECANDIDATO,Condicional: declarantes del partido,PAN,ISAÍAS CORTÉS BERUMEN,21.8,600,4.3,Massive Caller,53,PONDERADO,Serie histórica sin etiqueta numérica en la fuente
2026-01-12,Jalisco,14098,San Pedro Tlaquepaque,PRECANDIDATO,Condicional: declarantes del partido,PAN,ISAÍAS CORTÉS BERUMEN,22.2,600,4.3,Massive Caller,53,PONDERADO,Serie histórica sin etiqueta numérica en la fuente
2026-02-12,Jalisco,14098,San Pedro Tlaquepaque,PRECANDIDATO,Condicional: declarantes del partido,PAN,ISAÍAS CORTÉS BERUMEN,19.3,600,4.3,Massive Caller,53,PONDERADO,Serie histórica sin etiqueta numérica en la fuente
2026-03-12,Jalisco,14098,San Pedro Tlaquepaque,PRECANDIDATO,Condicional: declarantes del partido,PAN,ISAÍAS CORTÉS BERUMEN,21.0,600,4.3,Massive Caller,53,PONDERADO,Serie histórica sin etiqueta numérica en la fuente
2026-04-12,Jalisco,14098,San Pedro Tlaquepaque,PRECANDIDATO,Condicional: declarantes del partido,PAN,ISAÍAS CORTÉS BERUMEN,20.7,600,4.3,Massive Caller,53,PONDERADO,Serie histórica sin etiqueta numérica en la fuente
2026-05-12,Jalisco,14098,San Pedro Tlaquepaque,PRECANDIDATO,Condicional: declarantes del partido,PAN,ISAÍAS CORTÉS BERUMEN,23.5,600,4.3,Massive Caller,53,PONDERADO,Serie superpuesta con otra del mismo color en esta ola
2026-06-12,Jalisco,14098,San Pedro Tlaquepaque,PRECANDIDATO,Condicional: declarantes del partido,PAN,ISAÍAS CORTÉS BERUMEN,26.7,600,4.3,Massive Caller,53,PONDERADO,Serie histórica sin etiqueta numérica en la fuente
2026-07-12,Jalisco,14098,San Pedro Tlaquepaque,PRECANDIDATO,Condicional: declarantes del partido,PAN,ISAÍAS CORTÉS BERUMEN,28.3,600,4.3,Massive Caller,53,PONDERADO,Serie histórica sin etiqueta numérica en la fuente
2026-08-12,Jalisco,14098,San Pedro Tlaquepaque,PRECANDIDATO,Condicional: declarantes del partido,PAN,ISAÍAS CORTÉS BERUMEN,25.9,600,4.3,Massive Caller,53,LITERAL,
2025-09-12,Jalisco,14098,San Pedro Tlaquepaque,PRECANDIDATO,Condicional: declarantes del partido,PAN,MARÍA DEL ROSARIO (CHAYITO) VELÁZQUEZ,,600,4.3,Massive Caller,53,AUSENTE,Marcador ocluido; no resuelto automáticamente
2025-10-12,Jalisco,14098,San Pedro Tlaquepaque,PRECANDIDATO,Condicional: declarantes del partido,PAN,MARÍA DEL ROSARIO (CHAYITO) VELÁZQUEZ,,600,4.3,Massive Caller,53,AUSENTE,Marcador ocluido; no resuelto automáticamente
2025-11-12,Jalisco,14098,San Pedro Tlaquepaque,PRECANDIDATO,Condicional: declarantes del partido,PAN,MARÍA DEL ROSARIO (CHAYITO) VELÁZQUEZ,,600,4.3,Massive Caller,53,AUSENTE,Marcador ocluido; no resuelto automáticamente
2025-12-12,Jalisco,14098,San Pedro Tlaquepaque,PRECANDIDATO,Condicional: declarantes del partido,PAN,MARÍA DEL ROSARIO (CHAYITO) VELÁZQUEZ,,600,4.3,Massive Caller,53,AUSENTE,Marcador ocluido; no resuelto automáticamente
2026-01-12,Jalisco,14098,San Pedro Tlaquepaque,PRECANDIDATO,Condicional: declarantes del partido,PAN,MARÍA DEL ROSARIO (CHAYITO) VELÁZQUEZ,,600,4.3,Massive Caller,53,AUSENTE,Marcador ocluido; no resuelto automáticamente
2026-02-12,Jalisco,14098,San Pedro Tlaquepaque,PRECANDIDATO,Condicional: declarantes del partido,PAN,MARÍA DEL ROSARIO (CHAYITO) VELÁZQUEZ,,600,4.3,Massive Caller,53,AUSENTE,Marcador ocluido; no resuelto automáticamente
2026-03-12,Jalisco,14098,San Pedro Tlaquepaque,PRECANDIDATO,Condicional: declarantes del partido,PAN,MARÍA DEL ROSARIO (CHAYITO) VELÁZQUEZ,7.3,600,4.3,Massive Caller,53,PONDERADO,Serie histórica sin etiqueta numérica en la fuente
2026-04-12,Jalisco,14098,San Pedro Tlaquepaque,PRECANDIDATO,Condicional: declarantes del partido,PAN,MARÍA DEL ROSARIO (CHAYITO) VELÁZQUEZ,8.6,600,4.3,Massive Caller,53,PONDERADO,Serie histórica sin etiqueta numérica en la fuente
2026-05-12,Jalisco,14098,San Pedro Tlaquepaque,PRECANDIDATO,Condicional: declarantes del partido,PAN,MARÍA DEL ROSARIO (CHAYITO) VELÁZQUEZ,11.9,600,4.3,Massive Caller,53,PONDERADO,Serie histórica sin etiqueta numérica en la fuente
2026-06-12,Jalisco,14098,San Pedro Tlaquepaque,PRECANDIDATO,Condicional: declarantes del partido,PAN,MARÍA DEL ROSARIO (CHAYITO) VELÁZQUEZ,14.9,600,4.3,Massive Caller,53,PONDERADO,Serie histórica sin etiqueta numérica en la fuente
2026-07-12,Jalisco,14098,San Pedro Tlaquepaque,PRECANDIDATO,Condicional: declarantes del partido,PAN,MARÍA DEL ROSARIO (CHAYITO) VELÁZQUEZ,17.7,600,4.3,Massive Caller,53,PONDERADO,Serie superpuesta con otra del mismo color en esta ola
2026-08-12,Jalisco,14098,San Pedro Tlaquepaque,PRECANDIDATO,Condicional: declarantes del partido,PAN,MARÍA DEL ROSARIO (CHAYITO) VELÁZQUEZ,20.4,600,4.3,Massive Caller,53,LITERAL,
2025-09-12,Jalisco,14098,San Pedro Tlaquepaque,PRECANDIDATO,Condicional: declarantes del partido,PAN,MARÍA FERNANDA GONZÁLEZ REYNOSO,,600,4.3,Massive Caller,53,AUSENTE,Marcador ocluido; no resuelto automáticamente
2025-10-12,Jalisco,14098,San Pedro Tlaquepaque,PRECANDIDATO,Condicional: declarantes del partido,PAN,MARÍA FERNANDA GONZÁLEZ REYNOSO,20.6,600,4.3,Massive Caller,53,PONDERADO,Serie histórica sin etiqueta numérica en la fuente
2025-11-12,Jalisco,14098,San Pedro Tlaquepaque,PRECANDIDATO,Condicional: declarantes del partido,PAN,MARÍA FERNANDA GONZÁLEZ REYNOSO,19.6,600,4.3,Massive Caller,53,PONDERADO,Serie superpuesta con otra del mismo color en esta ola
2025-12-12,Jalisco,14098,San Pedro Tlaquepaque,PRECANDIDATO,Condicional: declarantes del partido,PAN,MARÍA FERNANDA GONZÁLEZ REYNOSO,21.8,600,4.3,Massive Caller,53,PONDERADO,Serie superpuesta con otra del mismo color en esta ola
2026-01-12,Jalisco,14098,San Pedro Tlaquepaque,PRECANDIDATO,Condicional: declarantes del partido,PAN,MARÍA FERNANDA GONZÁLEZ REYNOSO,23.7,600,4.3,Massive Caller,53,PONDERADO,Serie histórica sin etiqueta numérica en la fuente
2026-02-12,Jalisco,14098,San Pedro Tlaquepaque,PRECANDIDATO,Condicional: declarantes del partido,PAN,MARÍA FERNANDA GONZÁLEZ REYNOSO,26.6,600,4.3,Massive Caller,53,PONDERADO,Serie histórica sin etiqueta numérica en la fuente
2026-03-12,Jalisco,14098,San Pedro Tlaquepaque,PRECANDIDATO,Condicional: declarantes del partido,PAN,MARÍA FERNANDA GONZÁLEZ REYNOSO,25.5,600,4.3,Massive Caller,53,PONDERADO,Serie histórica sin etiqueta numérica en la fuente
2026-04-12,Jalisco,14098,San Pedro Tlaquepaque,PRECANDIDATO,Condicional: declarantes del partido,PAN,MARÍA FERNANDA GONZÁLEZ REYNOSO,26.7,600,4.3,Massive Caller,53,PONDERADO,Serie histórica sin etiqueta numérica en la fuente
2026-05-12,Jalisco,14098,San Pedro Tlaquepaque,PRECANDIDATO,Condicional: declarantes del partido,PAN,MARÍA FERNANDA GONZÁLEZ REYNOSO,23.5,600,4.3,Massive Caller,53,PONDERADO,Serie histórica sin etiqueta numérica en la fuente
2026-06-12,Jalisco,14098,San Pedro Tlaquepaque,PRECANDIDATO,Condicional: declarantes del partido,PAN,MARÍA FERNANDA GONZÁLEZ REYNOSO,20.8,600,4.3,Massive Caller,53,PONDERADO,Serie histórica sin etiqueta numérica en la fuente
2026-07-12,Jalisco,14098,San Pedro Tlaquepaque,PRECANDIDATO,Condicional: declarantes del partido,PAN,MARÍA FERNANDA GONZÁLEZ REYNOSO,17.7,600,4.3,Massive Caller,53,PONDERADO,Serie histórica sin etiqueta numérica en la fuente
2026-08-12,Jalisco,14098,San Pedro Tlaquepaque,PRECANDIDATO,Condicional: declarantes del partido,PAN,MARÍA FERNANDA GONZÁLEZ REYNOSO,16.7,600,4.3,Massive Caller,53,LITERAL,
2025-09-12,Jalisco,14098,San Pedro Tlaquepaque,PRECANDIDATO,Condicional: declarantes del partido,PAN,OTRO,,600,4.3,Massive Caller,53,AUSENTE,Marcador ocluido; no resuelto automáticamente
2025-10-12,Jalisco,14098,San Pedro Tlaquepaque,PRECANDIDATO,Condicional: declarantes del partido,PAN,OTRO,,600,4.3,Massive Caller,53,AUSENTE,Marcador ocluido; no resuelto automáticamente
2025-11-12,Jalisco,14098,San Pedro Tlaquepaque,PRECANDIDATO,Condicional: declarantes del partido,PAN,OTRO,,600,4.3,Massive Caller,53,AUSENTE,Marcador ocluido; no resuelto automáticamente
2025-12-12,Jalisco,14098,San Pedro Tlaquepaque,PRECANDIDATO,Condicional: declarantes del partido,PAN,OTRO,,600,4.3,Massive Caller,53,AUSENTE,Marcador ocluido; no resuelto automáticamente
2026-01-12,Jalisco,14098,San Pedro Tlaquepaque,PRECANDIDATO,Condicional: declarantes del partido,PAN,OTRO,,600,4.3,Massive Caller,53,AUSENTE,Marcador ocluido; no resuelto automáticamente
2026-02-12,Jalisco,14098,San Pedro Tlaquepaque,PRECANDIDATO,Condicional: declarantes del partido,PAN,OTRO,,600,4.3,Massive Caller,53,AUSENTE,Marcador ocluido; no resuelto automáticamente
2026-03-12,Jalisco,14098,San Pedro Tlaquepaque,PRECANDIDATO,Condicional: declarantes del partido,PAN,OTRO,11.2,600,4.3,Massive Caller,53,PONDERADO,Serie histórica sin etiqueta numérica en la fuente
2026-04-12,Jalisco,14098,San Pedro Tlaquepaque,PRECANDIDATO,Condicional: declarantes del partido,PAN,OTRO,10.3,600,4.3,Massive Caller,53,PONDERADO,Serie histórica sin etiqueta numérica en la fuente
2026-05-12,Jalisco,14098,San Pedro Tlaquepaque,PRECANDIDATO,Condicional: declarantes del partido,PAN,OTRO,8.5,600,4.3,Massive Caller,53,PONDERADO,Serie histórica sin etiqueta numérica en la fuente
2026-06-12,Jalisco,14098,San Pedro Tlaquepaque,PRECANDIDATO,Condicional: declarantes del partido,PAN,OTRO,10.9,600,4.3,Massive Caller,53,PONDERADO,Serie histórica sin etiqueta numérica en la fuente
2026-07-12,Jalisco,14098,San Pedro Tlaquepaque,PRECANDIDATO,Condicional: declarantes del partido,PAN,OTRO,12.3,600,4.3,Massive Caller,53,PONDERADO,Serie histórica sin etiqueta numérica en la fuente
2026-08-12,Jalisco,14098,San Pedro Tlaquepaque,PRECANDIDATO,Condicional: declarantes del partido,PAN,OTRO,15.3,600,4.3,Massive Caller,53,LITERAL,
2025-09-12,Jalisco,14098,San Pedro Tlaquepaque,PRECANDIDATO,Condicional: declarantes del partido,PAN,AÚN NO DECIDE,,600,4.3,Massive Caller,53,AUSENTE,Marcador ocluido; no resuelto automáticamente
2025-10-12,Jalisco,14098,San Pedro Tlaquepaque,PRECANDIDATO,Condicional: declarantes del partido,PAN,AÚN NO DECIDE,29.5,600,4.3,Massive Caller,53,PONDERADO,Serie histórica sin etiqueta numérica en la fuente
2025-11-12,Jalisco,14098,San Pedro Tlaquepaque,PRECANDIDATO,Condicional: declarantes del partido,PAN,AÚN NO DECIDE,26.9,600,4.3,Massive Caller,53,PONDERADO,Serie histórica sin etiqueta numérica en la fuente
2025-12-12,Jalisco,14098,San Pedro Tlaquepaque,PRECANDIDATO,Condicional: declarantes del partido,PAN,AÚN NO DECIDE,28.2,600,4.3,Massive Caller,53,PONDERADO,Serie histórica sin etiqueta numérica en la fuente
2026-01-12,Jalisco,14098,San Pedro Tlaquepaque,PRECANDIDATO,Condicional: declarantes del partido,PAN,AÚN NO DECIDE,25.5,600,4.3,Massive Caller,53,PONDERADO,Serie histórica sin etiqueta numérica en la fuente
2026-02-12,Jalisco,14098,San Pedro Tlaquepaque,PRECANDIDATO,Condicional: declarantes del partido,PAN,AÚN NO DECIDE,28.3,600,4.3,Massive Caller,53,PONDERADO,Serie histórica sin etiqueta numérica en la fuente
2026-03-12,Jalisco,14098,San Pedro Tlaquepaque,PRECANDIDATO,Condicional: declarantes del partido,PAN,AÚN NO DECIDE,20.9,600,4.3,Massive Caller,53,PONDERADO,Serie histórica sin etiqueta numérica en la fuente
2026-04-12,Jalisco,14098,San Pedro Tlaquepaque,PRECANDIDATO,Condicional: declarantes del partido,PAN,AÚN NO DECIDE,18.2,600,4.3,Massive Caller,53,PONDERADO,Serie histórica sin etiqueta numérica en la fuente
2026-05-12,Jalisco,14098,San Pedro Tlaquepaque,PRECANDIDATO,Condicional: declarantes del partido,PAN,AÚN NO DECIDE,20.7,600,4.3,Massive Caller,53,PONDERADO,Serie histórica sin etiqueta numérica en la fuente
2026-06-12,Jalisco,14098,San Pedro Tlaquepaque,PRECANDIDATO,Condicional: declarantes del partido,PAN,AÚN NO DECIDE,17.8,600,4.3,Massive Caller,53,PONDERADO,Serie histórica sin etiqueta numérica en la fuente
2026-07-12,Jalisco,14098,San Pedro Tlaquepaque,PRECANDIDATO,Condicional: declarantes del partido,PAN,AÚN NO DECIDE,13.8,600,4.3,Massive Caller,53,PONDERADO,Serie histórica sin etiqueta numérica en la fuente
2026-08-12,Jalisco,14098,San Pedro Tlaquepaque,PRECANDIDATO,Condicional: declarantes del partido,PAN,AÚN NO DECIDE,14.3,600,4.3,Massive Caller,53,LITERAL,
2025-09-12,Jalisco,14098,San Pedro Tlaquepaque,PRECANDIDATO,Condicional: declarantes del partido,PAN,ADENAWER GONZÁLEZ FIERROS,,600,4.3,Massive Caller,53,AUSENTE,Marcador ocluido; no resuelto automáticamente
2025-10-12,Jalisco,14098,San Pedro Tlaquepaque,PRECANDIDATO,Condicional: declarantes del partido,PAN,ADENAWER GONZÁLEZ FIERROS,20.6,600,4.3,Massive Caller,53,PONDERADO,Serie superpuesta con otra del mismo color en esta ola
2025-11-12,Jalisco,14098,San Pedro Tlaquepaque,PRECANDIDATO,Condicional: declarantes del partido,PAN,ADENAWER GONZÁLEZ FIERROS,19.6,600,4.3,Massive Caller,53,PONDERADO,Serie histórica sin etiqueta numérica en la fuente
2025-12-12,Jalisco,14098,San Pedro Tlaquepaque,PRECANDIDATO,Condicional: declarantes del partido,PAN,ADENAWER GONZÁLEZ FIERROS,20.0,600,4.3,Massive Caller,53,PONDERADO,Serie histórica sin etiqueta numérica en la fuente
2026-01-12,Jalisco,14098,San Pedro Tlaquepaque,PRECANDIDATO,Condicional: declarantes del partido,PAN,ADENAWER GONZÁLEZ FIERROS,22.2,600,4.3,Massive Caller,53,PONDERADO,Serie superpuesta con otra del mismo color en esta ola
2026-02-12,Jalisco,14098,San Pedro Tlaquepaque,PRECANDIDATO,Condicional: declarantes del partido,PAN,ADENAWER GONZÁLEZ FIERROS,19.3,600,4.3,Massive Caller,53,PONDERADO,Serie superpuesta con otra del mismo color en esta ola
2026-03-12,Jalisco,14098,San Pedro Tlaquepaque,PRECANDIDATO,Condicional: declarantes del partido,PAN,ADENAWER GONZÁLEZ FIERROS,16.4,600,4.3,Massive Caller,53,PONDERADO,Serie histórica sin etiqueta numérica en la fuente
2026-04-12,Jalisco,14098,San Pedro Tlaquepaque,PRECANDIDATO,Condicional: declarantes del partido,PAN,ADENAWER GONZÁLEZ FIERROS,15.5,600,4.3,Massive Caller,53,PONDERADO,Serie histórica sin etiqueta numérica en la fuente
2026-05-12,Jalisco,14098,San Pedro Tlaquepaque,PRECANDIDATO,Condicional: declarantes del partido,PAN,ADENAWER GONZÁLEZ FIERROS,11.9,600,4.3,Massive Caller,53,PONDERADO,Serie superpuesta con otra del mismo color en esta ola
2026-06-12,Jalisco,14098,San Pedro Tlaquepaque,PRECANDIDATO,Condicional: declarantes del partido,PAN,ADENAWER GONZÁLEZ FIERROS,8.9,600,4.3,Massive Caller,53,PONDERADO,Serie histórica sin etiqueta numérica en la fuente
2026-07-12,Jalisco,14098,San Pedro Tlaquepaque,PRECANDIDATO,Condicional: declarantes del partido,PAN,ADENAWER GONZÁLEZ FIERROS,10.1,600,4.3,Massive Caller,53,PONDERADO,Serie histórica sin etiqueta numérica en la fuente
2026-08-12,Jalisco,14098,San Pedro Tlaquepaque,PRECANDIDATO,Condicional: declarantes del partido,PAN,ADENAWER GONZÁLEZ FIERROS,7.4,600,4.3,Massive Caller,53,LITERAL,
2025-09-12,Jalisco,14098,San Pedro Tlaquepaque,PRECANDIDATO,Condicional: declarantes del partido,PRI,"ALFREDO ""EL GÜERO"" BARBA HERNÁNDEZ",43.8,600,4.3,Massive Caller,55,PONDERADO,Serie histórica sin etiqueta numérica en la fuente
2025-10-12,Jalisco,14098,San Pedro Tlaquepaque,PRECANDIDATO,Condicional: declarantes del partido,PRI,"ALFREDO ""EL GÜERO"" BARBA HERNÁNDEZ",43.0,600,4.3,Massive Caller,55,PONDERADO,Serie histórica sin etiqueta numérica en la fuente
2025-11-12,Jalisco,14098,San Pedro Tlaquepaque,PRECANDIDATO,Condicional: declarantes del partido,PRI,"ALFREDO ""EL GÜERO"" BARBA HERNÁNDEZ",41.7,600,4.3,Massive Caller,55,PONDERADO,Serie histórica sin etiqueta numérica en la fuente
2025-12-12,Jalisco,14098,San Pedro Tlaquepaque,PRECANDIDATO,Condicional: declarantes del partido,PRI,"ALFREDO ""EL GÜERO"" BARBA HERNÁNDEZ",41.4,600,4.3,Massive Caller,55,PONDERADO,Serie histórica sin etiqueta numérica en la fuente
2026-01-12,Jalisco,14098,San Pedro Tlaquepaque,PRECANDIDATO,Condicional: declarantes del partido,PRI,"ALFREDO ""EL GÜERO"" BARBA HERNÁNDEZ",43.3,600,4.3,Massive Caller,55,PONDERADO,Serie histórica sin etiqueta numérica en la fuente
2026-02-12,Jalisco,14098,San Pedro Tlaquepaque,PRECANDIDATO,Condicional: declarantes del partido,PRI,"ALFREDO ""EL GÜERO"" BARBA HERNÁNDEZ",41.3,600,4.3,Massive Caller,55,PONDERADO,Serie histórica sin etiqueta numérica en la fuente
2026-03-12,Jalisco,14098,San Pedro Tlaquepaque,PRECANDIDATO,Condicional: declarantes del partido,PRI,"ALFREDO ""EL GÜERO"" BARBA HERNÁNDEZ",40.6,600,4.3,Massive Caller,55,PONDERADO,Serie histórica sin etiqueta numérica en la fuente
2026-04-12,Jalisco,14098,San Pedro Tlaquepaque,PRECANDIDATO,Condicional: declarantes del partido,PRI,"ALFREDO ""EL GÜERO"" BARBA HERNÁNDEZ",42.5,600,4.3,Massive Caller,55,PONDERADO,Serie histórica sin etiqueta numérica en la fuente
2026-05-12,Jalisco,14098,San Pedro Tlaquepaque,PRECANDIDATO,Condicional: declarantes del partido,PRI,"ALFREDO ""EL GÜERO"" BARBA HERNÁNDEZ",38.7,600,4.3,Massive Caller,55,PONDERADO,Serie histórica sin etiqueta numérica en la fuente
2026-06-12,Jalisco,14098,San Pedro Tlaquepaque,PRECANDIDATO,Condicional: declarantes del partido,PRI,"ALFREDO ""EL GÜERO"" BARBA HERNÁNDEZ",35.5,600,4.3,Massive Caller,55,PONDERADO,Serie histórica sin etiqueta numérica en la fuente
2026-07-12,Jalisco,14098,San Pedro Tlaquepaque,PRECANDIDATO,Condicional: declarantes del partido,PRI,"ALFREDO ""EL GÜERO"" BARBA HERNÁNDEZ",32.4,600,4.3,Massive Caller,55,PONDERADO,Serie histórica sin etiqueta numérica en la fuente
2026-08-12,Jalisco,14098,San Pedro Tlaquepaque,PRECANDIDATO,Condicional: declarantes del partido,PRI,"ALFREDO ""EL GÜERO"" BARBA HERNÁNDEZ",33.8,600,4.3,Massive Caller,55,LITERAL,
2025-09-12,Jalisco,14098,San Pedro Tlaquepaque,PRECANDIDATO,Condicional: declarantes del partido,PRI,OTRO,,600,4.3,Massive Caller,55,AUSENTE,Marcador ocluido; no resuelto automáticamente
2025-10-12,Jalisco,14098,San Pedro Tlaquepaque,PRECANDIDATO,Condicional: declarantes del partido,PRI,OTRO,,600,4.3,Massive Caller,55,AUSENTE,Marcador ocluido; no resuelto automáticamente
2025-11-12,Jalisco,14098,San Pedro Tlaquepaque,PRECANDIDATO,Condicional: declarantes del partido,PRI,OTRO,,600,4.3,Massive Caller,55,AUSENTE,Marcador ocluido; no resuelto automáticamente
2025-12-12,Jalisco,14098,San Pedro Tlaquepaque,PRECANDIDATO,Condicional: declarantes del partido,PRI,OTRO,,600,4.3,Massive Caller,55,AUSENTE,Marcador ocluido; no resuelto automáticamente
2026-01-12,Jalisco,14098,San Pedro Tlaquepaque,PRECANDIDATO,Condicional: declarantes del partido,PRI,OTRO,,600,4.3,Massive Caller,55,AUSENTE,Marcador ocluido; no resuelto automáticamente
2026-02-12,Jalisco,14098,San Pedro Tlaquepaque,PRECANDIDATO,Condicional: declarantes del partido,PRI,OTRO,,600,4.3,Massive Caller,55,AUSENTE,Marcador ocluido; no resuelto automáticamente
2026-03-12,Jalisco,14098,San Pedro Tlaquepaque,PRECANDIDATO,Condicional: declarantes del partido,PRI,OTRO,,600,4.3,Massive Caller,55,AUSENTE,Marcador ocluido; no resuelto automáticamente
2026-04-12,Jalisco,14098,San Pedro Tlaquepaque,PRECANDIDATO,Condicional: declarantes del partido,PRI,OTRO,,600,4.3,Massive Caller,55,AUSENTE,Marcador ocluido; no resuelto automáticamente
2026-05-12,Jalisco,14098,San Pedro Tlaquepaque,PRECANDIDATO,Condicional: declarantes del partido,PRI,OTRO,25.3,600,4.3,Massive Caller,55,PONDERADO,Serie histórica sin etiqueta numérica en la fuente
2026-06-12,Jalisco,14098,San Pedro Tlaquepaque,PRECANDIDATO,Condicional: declarantes del partido,PRI,OTRO,22.6,600,4.3,Massive Caller,55,PONDERADO,Serie histórica sin etiqueta numérica en la fuente
2026-07-12,Jalisco,14098,San Pedro Tlaquepaque,PRECANDIDATO,Condicional: declarantes del partido,PRI,OTRO,25.7,600,4.3,Massive Caller,55,PONDERADO,Serie histórica sin etiqueta numérica en la fuente
2026-08-12,Jalisco,14098,San Pedro Tlaquepaque,PRECANDIDATO,Condicional: declarantes del partido,PRI,OTRO,24.1,600,4.3,Massive Caller,55,LITERAL,
2025-09-12,Jalisco,14098,San Pedro Tlaquepaque,PRECANDIDATO,Condicional: declarantes del partido,PRI,AÚN NO DECIDE,18.8,600,4.3,Massive Caller,55,PONDERADO,Serie histórica sin etiqueta numérica en la fuente
2025-10-12,Jalisco,14098,San Pedro Tlaquepaque,PRECANDIDATO,Condicional: declarantes del partido,PRI,AÚN NO DECIDE,19.0,600,4.3,Massive Caller,55,PONDERADO,Serie histórica sin etiqueta numérica en la fuente
2025-11-12,Jalisco,14098,San Pedro Tlaquepaque,PRECANDIDATO,Condicional: declarantes del partido,PRI,AÚN NO DECIDE,20.8,600,4.3,Massive Caller,55,PONDERADO,Serie histórica sin etiqueta numérica en la fuente
2025-12-12,Jalisco,14098,San Pedro Tlaquepaque,PRECANDIDATO,Condicional: declarantes del partido,PRI,AÚN NO DECIDE,20.7,600,4.3,Massive Caller,55,PONDERADO,Serie histórica sin etiqueta numérica en la fuente
2026-01-12,Jalisco,14098,San Pedro Tlaquepaque,PRECANDIDATO,Condicional: declarantes del partido,PRI,AÚN NO DECIDE,20.0,600,4.3,Massive Caller,55,PONDERADO,Serie histórica sin etiqueta numérica en la fuente
2026-02-12,Jalisco,14098,San Pedro Tlaquepaque,PRECANDIDATO,Condicional: declarantes del partido,PRI,AÚN NO DECIDE,22.2,600,4.3,Massive Caller,55,PONDERADO,Serie histórica sin etiqueta numérica en la fuente
2026-03-12,Jalisco,14098,San Pedro Tlaquepaque,PRECANDIDATO,Condicional: declarantes del partido,PRI,AÚN NO DECIDE,23.8,600,4.3,Massive Caller,55,PONDERADO,Serie histórica sin etiqueta numérica en la fuente
2026-04-12,Jalisco,14098,San Pedro Tlaquepaque,PRECANDIDATO,Condicional: declarantes del partido,PRI,AÚN NO DECIDE,22.9,600,4.3,Massive Caller,55,PONDERADO,Serie histórica sin etiqueta numérica en la fuente
2026-05-12,Jalisco,14098,San Pedro Tlaquepaque,PRECANDIDATO,Condicional: declarantes del partido,PRI,AÚN NO DECIDE,18.7,600,4.3,Massive Caller,55,PONDERADO,Serie histórica sin etiqueta numérica en la fuente
2026-06-12,Jalisco,14098,San Pedro Tlaquepaque,PRECANDIDATO,Condicional: declarantes del partido,PRI,AÚN NO DECIDE,21.1,600,4.3,Massive Caller,55,PONDERADO,Serie histórica sin etiqueta numérica en la fuente
2026-07-12,Jalisco,14098,San Pedro Tlaquepaque,PRECANDIDATO,Condicional: declarantes del partido,PRI,AÚN NO DECIDE,24.8,600,4.3,Massive Caller,55,PONDERADO,Serie histórica sin etiqueta numérica en la fuente
2026-08-12,Jalisco,14098,San Pedro Tlaquepaque,PRECANDIDATO,Condicional: declarantes del partido,PRI,AÚN NO DECIDE,21.8,600,4.3,Massive Caller,55,LITERAL,
2025-09-12,Jalisco,14098,San Pedro Tlaquepaque,PRECANDIDATO,Condicional: declarantes del partido,PRI,REGINA MARTÍNEZ GONZÁLEZ,,600,4.3,Massive Caller,55,AUSENTE,Marcador ocluido; no resuelto automáticamente
2025-10-12,Jalisco,14098,San Pedro Tlaquepaque,PRECANDIDATO,Condicional: declarantes del partido,PRI,REGINA MARTÍNEZ GONZÁLEZ,,600,4.3,Massive Caller,55,AUSENTE,Marcador ocluido; no resuelto automáticamente
2025-11-12,Jalisco,14098,San Pedro Tlaquepaque,PRECANDIDATO,Condicional: declarantes del partido,PRI,REGINA MARTÍNEZ GONZÁLEZ,,600,4.3,Massive Caller,55,AUSENTE,Marcador ocluido; no resuelto automáticamente
2025-12-12,Jalisco,14098,San Pedro Tlaquepaque,PRECANDIDATO,Condicional: declarantes del partido,PRI,REGINA MARTÍNEZ GONZÁLEZ,,600,4.3,Massive Caller,55,AUSENTE,Marcador ocluido; no resuelto automáticamente
2026-01-12,Jalisco,14098,San Pedro Tlaquepaque,PRECANDIDATO,Condicional: declarantes del partido,PRI,REGINA MARTÍNEZ GONZÁLEZ,,600,4.3,Massive Caller,55,AUSENTE,Marcador ocluido; no resuelto automáticamente
2026-02-12,Jalisco,14098,San Pedro Tlaquepaque,PRECANDIDATO,Condicional: declarantes del partido,PRI,REGINA MARTÍNEZ GONZÁLEZ,,600,4.3,Massive Caller,55,AUSENTE,Marcador ocluido; no resuelto automáticamente
2026-03-12,Jalisco,14098,San Pedro Tlaquepaque,PRECANDIDATO,Condicional: declarantes del partido,PRI,REGINA MARTÍNEZ GONZÁLEZ,,600,4.3,Massive Caller,55,AUSENTE,Marcador ocluido; no resuelto automáticamente
2026-04-12,Jalisco,14098,San Pedro Tlaquepaque,PRECANDIDATO,Condicional: declarantes del partido,PRI,REGINA MARTÍNEZ GONZÁLEZ,,600,4.3,Massive Caller,55,AUSENTE,Marcador ocluido; no resuelto automáticamente
2026-05-12,Jalisco,14098,San Pedro Tlaquepaque,PRECANDIDATO,Condicional: declarantes del partido,PRI,REGINA MARTÍNEZ GONZÁLEZ,17.3,600,4.3,Massive Caller,55,PONDERADO,Serie histórica sin etiqueta numérica en la fuente
2026-06-12,Jalisco,14098,San Pedro Tlaquepaque,PRECANDIDATO,Condicional: declarantes del partido,PRI,REGINA MARTÍNEZ GONZÁLEZ,20.6,600,4.3,Massive Caller,55,PONDERADO,Serie histórica sin etiqueta numérica en la fuente
2026-07-12,Jalisco,14098,San Pedro Tlaquepaque,PRECANDIDATO,Condicional: declarantes del partido,PRI,REGINA MARTÍNEZ GONZÁLEZ,17.2,600,4.3,Massive Caller,55,PONDERADO,Serie histórica sin etiqueta numérica en la fuente
2026-08-12,Jalisco,14098,San Pedro Tlaquepaque,PRECANDIDATO,Condicional: declarantes del partido,PRI,REGINA MARTÍNEZ GONZÁLEZ,20.3,600,4.3,Massive Caller,55,LITERAL,
2025-09-12,Jalisco,14098,San Pedro Tlaquepaque,PRECANDIDATO,Condicional: declarantes del partido,MORENA,LAURA IMELDA PÉREZ SEGURA,45.8,600,4.3,Massive Caller,57,PONDERADO,Serie histórica sin etiqueta numérica en la fuente
2025-10-12,Jalisco,14098,San Pedro Tlaquepaque,PRECANDIDATO,Condicional: declarantes del partido,MORENA,LAURA IMELDA PÉREZ SEGURA,43.6,600,4.3,Massive Caller,57,PONDERADO,Serie histórica sin etiqueta numérica en la fuente
2025-11-12,Jalisco,14098,San Pedro Tlaquepaque,PRECANDIDATO,Condicional: declarantes del partido,MORENA,LAURA IMELDA PÉREZ SEGURA,44.0,600,4.3,Massive Caller,57,PONDERADO,Serie histórica sin etiqueta numérica en la fuente
2025-12-12,Jalisco,14098,San Pedro Tlaquepaque,PRECANDIDATO,Condicional: declarantes del partido,MORENA,LAURA IMELDA PÉREZ SEGURA,43.1,600,4.3,Massive Caller,57,PONDERADO,Serie histórica sin etiqueta numérica en la fuente
2026-01-12,Jalisco,14098,San Pedro Tlaquepaque,PRECANDIDATO,Condicional: declarantes del partido,MORENA,LAURA IMELDA PÉREZ SEGURA,45.3,600,4.3,Massive Caller,57,PONDERADO,Serie histórica sin etiqueta numérica en la fuente
2026-02-12,Jalisco,14098,San Pedro Tlaquepaque,PRECANDIDATO,Condicional: declarantes del partido,MORENA,LAURA IMELDA PÉREZ SEGURA,43.7,600,4.3,Massive Caller,57,PONDERADO,Serie histórica sin etiqueta numérica en la fuente
2026-03-12,Jalisco,14098,San Pedro Tlaquepaque,PRECANDIDATO,Condicional: declarantes del partido,MORENA,LAURA IMELDA PÉREZ SEGURA,40.4,600,4.3,Massive Caller,57,PONDERADO,Serie histórica sin etiqueta numérica en la fuente
2026-04-12,Jalisco,14098,San Pedro Tlaquepaque,PRECANDIDATO,Condicional: declarantes del partido,MORENA,LAURA IMELDA PÉREZ SEGURA,39.4,600,4.3,Massive Caller,57,PONDERADO,Serie histórica sin etiqueta numérica en la fuente
2026-05-12,Jalisco,14098,San Pedro Tlaquepaque,PRECANDIDATO,Condicional: declarantes del partido,MORENA,LAURA IMELDA PÉREZ SEGURA,42.4,600,4.3,Massive Caller,57,PONDERADO,Serie histórica sin etiqueta numérica en la fuente
2026-06-12,Jalisco,14098,San Pedro Tlaquepaque,PRECANDIDATO,Condicional: declarantes del partido,MORENA,LAURA IMELDA PÉREZ SEGURA,39.3,600,4.3,Massive Caller,57,PONDERADO,Serie histórica sin etiqueta numérica en la fuente
2026-07-12,Jalisco,14098,San Pedro Tlaquepaque,PRECANDIDATO,Condicional: declarantes del partido,MORENA,LAURA IMELDA PÉREZ SEGURA,42.5,600,4.3,Massive Caller,57,PONDERADO,Serie histórica sin etiqueta numérica en la fuente
2026-08-12,Jalisco,14098,San Pedro Tlaquepaque,PRECANDIDATO,Condicional: declarantes del partido,MORENA,LAURA IMELDA PÉREZ SEGURA,40.1,600,4.3,Massive Caller,57,LITERAL,
2025-09-12,Jalisco,14098,San Pedro Tlaquepaque,PRECANDIDATO,Condicional: declarantes del partido,MORENA,ALEJANDRA DEL ROCÍO BADILLO LÓPEZ,5.7,600,4.3,Massive Caller,57,PONDERADO,Serie histórica sin etiqueta numérica en la fuente
2025-10-12,Jalisco,14098,San Pedro Tlaquepaque,PRECANDIDATO,Condicional: declarantes del partido,MORENA,ALEJANDRA DEL ROCÍO BADILLO LÓPEZ,7.5,600,4.3,Massive Caller,57,PONDERADO,Serie histórica sin etiqueta numérica en la fuente
2025-11-12,Jalisco,14098,San Pedro Tlaquepaque,PRECANDIDATO,Condicional: declarantes del partido,MORENA,ALEJANDRA DEL ROCÍO BADILLO LÓPEZ,6.7,600,4.3,Massive Caller,57,PONDERADO,Serie histórica sin etiqueta numérica en la fuente
2025-12-12,Jalisco,14098,San Pedro Tlaquepaque,PRECANDIDATO,Condicional: declarantes del partido,MORENA,ALEJANDRA DEL ROCÍO BADILLO LÓPEZ,10.8,600,4.3,Massive Caller,57,PONDERADO,Serie histórica sin etiqueta numérica en la fuente
2026-01-12,Jalisco,14098,San Pedro Tlaquepaque,PRECANDIDATO,Condicional: declarantes del partido,MORENA,ALEJANDRA DEL ROCÍO BADILLO LÓPEZ,12.3,600,4.3,Massive Caller,57,PONDERADO,Serie histórica sin etiqueta numérica en la fuente
2026-02-12,Jalisco,14098,San Pedro Tlaquepaque,PRECANDIDATO,Condicional: declarantes del partido,MORENA,ALEJANDRA DEL ROCÍO BADILLO LÓPEZ,12.0,600,4.3,Massive Caller,57,PONDERADO,Serie superpuesta con otra del mismo color en esta ola
2026-03-12,Jalisco,14098,San Pedro Tlaquepaque,PRECANDIDATO,Condicional: declarantes del partido,MORENA,ALEJANDRA DEL ROCÍO BADILLO LÓPEZ,14.7,600,4.3,Massive Caller,57,PONDERADO,Serie histórica sin etiqueta numérica en la fuente
2026-04-12,Jalisco,14098,San Pedro Tlaquepaque,PRECANDIDATO,Condicional: declarantes del partido,MORENA,ALEJANDRA DEL ROCÍO BADILLO LÓPEZ,16.1,600,4.3,Massive Caller,57,PONDERADO,Serie histórica sin etiqueta numérica en la fuente
2026-05-12,Jalisco,14098,San Pedro Tlaquepaque,PRECANDIDATO,Condicional: declarantes del partido,MORENA,ALEJANDRA DEL ROCÍO BADILLO LÓPEZ,13.8,600,4.3,Massive Caller,57,PONDERADO,Serie histórica sin etiqueta numérica en la fuente
2026-06-12,Jalisco,14098,San Pedro Tlaquepaque,PRECANDIDATO,Condicional: declarantes del partido,MORENA,ALEJANDRA DEL ROCÍO BADILLO LÓPEZ,12.6,600,4.3,Massive Caller,57,PONDERADO,Serie histórica sin etiqueta numérica en la fuente
2026-07-12,Jalisco,14098,San Pedro Tlaquepaque,PRECANDIDATO,Condicional: declarantes del partido,MORENA,ALEJANDRA DEL ROCÍO BADILLO LÓPEZ,14.2,600,4.3,Massive Caller,57,PONDERADO,Serie superpuesta con otra del mismo color en esta ola
2026-08-12,Jalisco,14098,San Pedro Tlaquepaque,PRECANDIDATO,Condicional: declarantes del partido,MORENA,ALEJANDRA DEL ROCÍO BADILLO LÓPEZ,16.7,600,4.3,Massive Caller,57,LITERAL,
2025-09-12,Jalisco,14098,San Pedro Tlaquepaque,PRECANDIDATO,Condicional: declarantes del partido,MORENA,ALBERTO MALDONADO CHAVARÍN,13.2,600,4.3,Massive Caller,57,PONDERADO,Serie histórica sin etiqueta numérica en la fuente
2025-10-12,Jalisco,14098,San Pedro Tlaquepaque,PRECANDIDATO,Condicional: declarantes del partido,MORENA,ALBERTO MALDONADO CHAVARÍN,11.9,600,4.3,Massive Caller,57,PONDERADO,Serie histórica sin etiqueta numérica en la fuente
2025-11-12,Jalisco,14098,San Pedro Tlaquepaque,PRECANDIDATO,Condicional: declarantes del partido,MORENA,ALBERTO MALDONADO CHAVARÍN,9.3,600,4.3,Massive Caller,57,PONDERADO,Serie histórica sin etiqueta numérica en la fuente
2025-12-12,Jalisco,14098,San Pedro Tlaquepaque,PRECANDIDATO,Condicional: declarantes del partido,MORENA,ALBERTO MALDONADO CHAVARÍN,9.4,600,4.3,Massive Caller,57,PONDERADO,Serie histórica sin etiqueta numérica en la fuente
2026-01-12,Jalisco,14098,San Pedro Tlaquepaque,PRECANDIDATO,Condicional: declarantes del partido,MORENA,ALBERTO MALDONADO CHAVARÍN,8.0,600,4.3,Massive Caller,57,PONDERADO,Serie histórica sin etiqueta numérica en la fuente
2026-02-12,Jalisco,14098,San Pedro Tlaquepaque,PRECANDIDATO,Condicional: declarantes del partido,MORENA,ALBERTO MALDONADO CHAVARÍN,12.0,600,4.3,Massive Caller,57,PONDERADO,Serie histórica sin etiqueta numérica en la fuente
2026-03-12,Jalisco,14098,San Pedro Tlaquepaque,PRECANDIDATO,Condicional: declarantes del partido,MORENA,ALBERTO MALDONADO CHAVARÍN,9.8,600,4.3,Massive Caller,57,PONDERADO,Serie histórica sin etiqueta numérica en la fuente
2026-04-12,Jalisco,14098,San Pedro Tlaquepaque,PRECANDIDATO,Condicional: declarantes del partido,MORENA,ALBERTO MALDONADO CHAVARÍN,11.6,600,4.3,Massive Caller,57,PONDERADO,Serie histórica sin etiqueta numérica en la fuente
2026-05-12,Jalisco,14098,San Pedro Tlaquepaque,PRECANDIDATO,Condicional: declarantes del partido,MORENA,ALBERTO MALDONADO CHAVARÍN,13.8,600,4.3,Massive Caller,57,PONDERADO,Serie superpuesta con otra del mismo color en esta ola
2026-06-12,Jalisco,14098,San Pedro Tlaquepaque,PRECANDIDATO,Condicional: declarantes del partido,MORENA,ALBERTO MALDONADO CHAVARÍN,16.6,600,4.3,Massive Caller,57,PONDERADO,Serie histórica sin etiqueta numérica en la fuente
2026-07-12,Jalisco,14098,San Pedro Tlaquepaque,PRECANDIDATO,Condicional: declarantes del partido,MORENA,ALBERTO MALDONADO CHAVARÍN,14.2,600,4.3,Massive Caller,57,PONDERADO,Serie histórica sin etiqueta numérica en la fuente
2026-08-12,Jalisco,14098,San Pedro Tlaquepaque,PRECANDIDATO,Condicional: declarantes del partido,MORENA,ALBERTO MALDONADO CHAVARÍN,15.5,600,4.3,Massive Caller,57,LITERAL,
2025-09-12,Jalisco,14098,San Pedro Tlaquepaque,PRECANDIDATO,Condicional: declarantes del partido,MORENA,AÚN NO DECIDE,11.4,600,4.3,Massive Caller,57,PONDERADO,Serie histórica sin etiqueta numérica en la fuente
2025-10-12,Jalisco,14098,San Pedro Tlaquepaque,PRECANDIDATO,Condicional: declarantes del partido,MORENA,AÚN NO DECIDE,10.9,600,4.3,Massive Caller,57,PONDERADO,Serie histórica sin etiqueta numérica en la fuente
2025-11-12,Jalisco,14098,San Pedro Tlaquepaque,PRECANDIDATO,Condicional: declarantes del partido,MORENA,AÚN NO DECIDE,13.3,600,4.3,Massive Caller,57,PONDERADO,Serie histórica sin etiqueta numérica en la fuente
2025-12-12,Jalisco,14098,San Pedro Tlaquepaque,PRECANDIDATO,Condicional: declarantes del partido,MORENA,AÚN NO DECIDE,12.4,600,4.3,Massive Caller,57,PONDERADO,Serie histórica sin etiqueta numérica en la fuente
2026-01-12,Jalisco,14098,San Pedro Tlaquepaque,PRECANDIDATO,Condicional: declarantes del partido,MORENA,AÚN NO DECIDE,10.9,600,4.3,Massive Caller,57,PONDERADO,Serie histórica sin etiqueta numérica en la fuente
2026-02-12,Jalisco,14098,San Pedro Tlaquepaque,PRECANDIDATO,Condicional: declarantes del partido,MORENA,AÚN NO DECIDE,10.4,600,4.3,Massive Caller,57,PONDERADO,Serie histórica sin etiqueta numérica en la fuente
2026-03-12,Jalisco,14098,San Pedro Tlaquepaque,PRECANDIDATO,Condicional: declarantes del partido,MORENA,AÚN NO DECIDE,13.2,600,4.3,Massive Caller,57,PONDERADO,Serie histórica sin etiqueta numérica en la fuente
2026-04-12,Jalisco,14098,San Pedro Tlaquepaque,PRECANDIDATO,Condicional: declarantes del partido,MORENA,AÚN NO DECIDE,10.6,600,4.3,Massive Caller,57,PONDERADO,Serie histórica sin etiqueta numérica en la fuente
2026-05-12,Jalisco,14098,San Pedro Tlaquepaque,PRECANDIDATO,Condicional: declarantes del partido,MORENA,AÚN NO DECIDE,12.2,600,4.3,Massive Caller,57,PONDERADO,Serie histórica sin etiqueta numérica en la fuente
2026-06-12,Jalisco,14098,San Pedro Tlaquepaque,PRECANDIDATO,Condicional: declarantes del partido,MORENA,AÚN NO DECIDE,13.8,600,4.3,Massive Caller,57,PONDERADO,Serie histórica sin etiqueta numérica en la fuente
2026-07-12,Jalisco,14098,San Pedro Tlaquepaque,PRECANDIDATO,Condicional: declarantes del partido,MORENA,AÚN NO DECIDE,11.3,600,4.3,Massive Caller,57,PONDERADO,Serie histórica sin etiqueta numérica en la fuente
2026-08-12,Jalisco,14098,San Pedro Tlaquepaque,PRECANDIDATO,Condicional: declarantes del partido,MORENA,AÚN NO DECIDE,10.4,600,4.3,Massive Caller,57,LITERAL,
2025-09-12,Jalisco,14098,San Pedro Tlaquepaque,PRECANDIDATO,Condicional: declarantes del partido,MORENA,JOSÉ LUIS MONTERDE RAMÍREZ,5.7,600,4.3,Massive Caller,57,PONDERADO,Serie superpuesta con otra del mismo color en esta ola
2025-10-12,Jalisco,14098,San Pedro Tlaquepaque,PRECANDIDATO,Condicional: declarantes del partido,MORENA,JOSÉ LUIS MONTERDE RAMÍREZ,7.5,600,4.3,Massive Caller,57,PONDERADO,Serie superpuesta con otra del mismo color en esta ola
2025-11-12,Jalisco,14098,San Pedro Tlaquepaque,PRECANDIDATO,Condicional: declarantes del partido,MORENA,JOSÉ LUIS MONTERDE RAMÍREZ,9.3,600,4.3,Massive Caller,57,PONDERADO,Serie superpuesta con otra del mismo color en esta ola
2025-12-12,Jalisco,14098,San Pedro Tlaquepaque,PRECANDIDATO,Condicional: declarantes del partido,MORENA,JOSÉ LUIS MONTERDE RAMÍREZ,10.8,600,4.3,Massive Caller,57,PONDERADO,Serie superpuesta con otra del mismo color en esta ola
2026-01-12,Jalisco,14098,San Pedro Tlaquepaque,PRECANDIDATO,Condicional: declarantes del partido,MORENA,JOSÉ LUIS MONTERDE RAMÍREZ,12.3,600,4.3,Massive Caller,57,PONDERADO,Serie superpuesta con otra del mismo color en esta ola
2026-02-12,Jalisco,14098,San Pedro Tlaquepaque,PRECANDIDATO,Condicional: declarantes del partido,MORENA,JOSÉ LUIS MONTERDE RAMÍREZ,12.0,600,4.3,Massive Caller,57,PONDERADO,Serie superpuesta con otra del mismo color en esta ola
2026-03-12,Jalisco,14098,San Pedro Tlaquepaque,PRECANDIDATO,Condicional: declarantes del partido,MORENA,JOSÉ LUIS MONTERDE RAMÍREZ,9.8,600,4.3,Massive Caller,57,PONDERADO,Serie superpuesta con otra del mismo color en esta ola
2026-04-12,Jalisco,14098,San Pedro Tlaquepaque,PRECANDIDATO,Condicional: declarantes del partido,MORENA,JOSÉ LUIS MONTERDE RAMÍREZ,11.6,600,4.3,Massive Caller,57,PONDERADO,Serie superpuesta con otra del mismo color en esta ola
2026-05-12,Jalisco,14098,San Pedro Tlaquepaque,PRECANDIDATO,Condicional: declarantes del partido,MORENA,JOSÉ LUIS MONTERDE RAMÍREZ,8.1,600,4.3,Massive Caller,57,PONDERADO,Serie histórica sin etiqueta numérica en la fuente
2026-06-12,Jalisco,14098,San Pedro Tlaquepaque,PRECANDIDATO,Condicional: declarantes del partido,MORENA,JOSÉ LUIS MONTERDE RAMÍREZ,9.7,600,4.3,Massive Caller,57,PONDERADO,Serie histórica sin etiqueta numérica en la fuente
2026-07-12,Jalisco,14098,San Pedro Tlaquepaque,PRECANDIDATO,Condicional: declarantes del partido,MORENA,JOSÉ LUIS MONTERDE RAMÍREZ,7.5,600,4.3,Massive Caller,57,PONDERADO,Serie histórica sin etiqueta numérica en la fuente
2026-08-12,Jalisco,14098,San Pedro Tlaquepaque,PRECANDIDATO,Condicional: declarantes del partido,MORENA,JOSÉ LUIS MONTERDE RAMÍREZ,8.9,600,4.3,Massive Caller,57,LITERAL,
2025-09-12,Jalisco,14098,San Pedro Tlaquepaque,PRECANDIDATO,Condicional: declarantes del partido,MORENA,OTRO,,600,4.3,Massive Caller,57,AUSENTE,Marcador ocluido; no resuelto automáticamente
2025-10-12,Jalisco,14098,San Pedro Tlaquepaque,PRECANDIDATO,Condicional: declarantes del partido,MORENA,OTRO,,600,4.3,Massive Caller,57,AUSENTE,Marcador ocluido; no resuelto automáticamente
2025-11-12,Jalisco,14098,San Pedro Tlaquepaque,PRECANDIDATO,Condicional: declarantes del partido,MORENA,OTRO,,600,4.3,Massive Caller,57,AUSENTE,Marcador ocluido; no resuelto automáticamente
2025-12-12,Jalisco,14098,San Pedro Tlaquepaque,PRECANDIDATO,Condicional: declarantes del partido,MORENA,OTRO,,600,4.3,Massive Caller,57,AUSENTE,Marcador ocluido; no resuelto automáticamente
2026-01-12,Jalisco,14098,San Pedro Tlaquepaque,PRECANDIDATO,Condicional: declarantes del partido,MORENA,OTRO,,600,4.3,Massive Caller,57,AUSENTE,Marcador ocluido; no resuelto automáticamente
2026-02-12,Jalisco,14098,San Pedro Tlaquepaque,PRECANDIDATO,Condicional: declarantes del partido,MORENA,OTRO,,600,4.3,Massive Caller,57,AUSENTE,Marcador ocluido; no resuelto automáticamente
2026-03-12,Jalisco,14098,San Pedro Tlaquepaque,PRECANDIDATO,Condicional: declarantes del partido,MORENA,OTRO,11.8,600,4.3,Massive Caller,57,PONDERADO,Serie histórica sin etiqueta numérica en la fuente
2026-04-12,Jalisco,14098,San Pedro Tlaquepaque,PRECANDIDATO,Condicional: declarantes del partido,MORENA,OTRO,,600,4.3,Massive Caller,57,AUSENTE,Marcador ocluido; no resuelto automáticamente
2026-05-12,Jalisco,14098,San Pedro Tlaquepaque,PRECANDIDATO,Condicional: declarantes del partido,MORENA,OTRO,9.6,600,4.3,Massive Caller,57,PONDERADO,Serie histórica sin etiqueta numérica en la fuente
2026-06-12,Jalisco,14098,San Pedro Tlaquepaque,PRECANDIDATO,Condicional: declarantes del partido,MORENA,OTRO,7.8,600,4.3,Massive Caller,57,PONDERADO,Serie histórica sin etiqueta numérica en la fuente
2026-07-12,Jalisco,14098,San Pedro Tlaquepaque,PRECANDIDATO,Condicional: declarantes del partido,MORENA,OTRO,10.1,600,4.3,Massive Caller,57,PONDERADO,Serie histórica sin etiqueta numérica en la fuente
2026-08-12,Jalisco,14098,San Pedro Tlaquepaque,PRECANDIDATO,Condicional: declarantes del partido,MORENA,OTRO,8.3,600,4.3,Massive Caller,57,LITERAL,
2025-09-12,Jalisco,14098,San Pedro Tlaquepaque,PRECANDIDATO,Condicional: declarantes del partido,MC,CITLALLI AMAYA,48.7,600,4.3,Massive Caller,59,PONDERADO,Serie histórica sin etiqueta numérica en la fuente
2025-10-12,Jalisco,14098,San Pedro Tlaquepaque,PRECANDIDATO,Condicional: declarantes del partido,MC,CITLALLI AMAYA,50.8,600,4.3,Massive Caller,59,PONDERADO,Serie histórica sin etiqueta numérica en la fuente
2025-11-12,Jalisco,14098,San Pedro Tlaquepaque,PRECANDIDATO,Condicional: declarantes del partido,MC,CITLALLI AMAYA,50.0,600,4.3,Massive Caller,59,PONDERADO,Serie histórica sin etiqueta numérica en la fuente
2025-12-12,Jalisco,14098,San Pedro Tlaquepaque,PRECANDIDATO,Condicional: declarantes del partido,MC,CITLALLI AMAYA,46.7,600,4.3,Massive Caller,59,PONDERADO,Serie histórica sin etiqueta numérica en la fuente
2026-01-12,Jalisco,14098,San Pedro Tlaquepaque,PRECANDIDATO,Condicional: declarantes del partido,MC,CITLALLI AMAYA,47.2,600,4.3,Massive Caller,59,PONDERADO,Serie histórica sin etiqueta numérica en la fuente
2026-02-12,Jalisco,14098,San Pedro Tlaquepaque,PRECANDIDATO,Condicional: declarantes del partido,MC,CITLALLI AMAYA,44.2,600,4.3,Massive Caller,59,PONDERADO,Serie histórica sin etiqueta numérica en la fuente
2026-03-12,Jalisco,14098,San Pedro Tlaquepaque,PRECANDIDATO,Condicional: declarantes del partido,MC,CITLALLI AMAYA,47.3,600,4.3,Massive Caller,59,PONDERADO,Serie histórica sin etiqueta numérica en la fuente
2026-04-12,Jalisco,14098,San Pedro Tlaquepaque,PRECANDIDATO,Condicional: declarantes del partido,MC,CITLALLI AMAYA,45.5,600,4.3,Massive Caller,59,PONDERADO,Serie histórica sin etiqueta numérica en la fuente
2026-05-12,Jalisco,14098,San Pedro Tlaquepaque,PRECANDIDATO,Condicional: declarantes del partido,MC,CITLALLI AMAYA,42.5,600,4.3,Massive Caller,59,PONDERADO,Serie histórica sin etiqueta numérica en la fuente
2026-06-12,Jalisco,14098,San Pedro Tlaquepaque,PRECANDIDATO,Condicional: declarantes del partido,MC,CITLALLI AMAYA,39.5,600,4.3,Massive Caller,59,PONDERADO,Serie histórica sin etiqueta numérica en la fuente
2026-07-12,Jalisco,14098,San Pedro Tlaquepaque,PRECANDIDATO,Condicional: declarantes del partido,MC,CITLALLI AMAYA,41.6,600,4.3,Massive Caller,59,PONDERADO,Serie histórica sin etiqueta numérica en la fuente
2026-08-12,Jalisco,14098,San Pedro Tlaquepaque,PRECANDIDATO,Condicional: declarantes del partido,MC,CITLALLI AMAYA,44.2,600,4.3,Massive Caller,59,LITERAL,
2025-09-12,Jalisco,14098,San Pedro Tlaquepaque,PRECANDIDATO,Condicional: declarantes del partido,MC,AÚN NO DECIDE,29.3,600,4.3,Massive Caller,59,PONDERADO,Serie histórica sin etiqueta numérica en la fuente
2025-10-12,Jalisco,14098,San Pedro Tlaquepaque,PRECANDIDATO,Condicional: declarantes del partido,MC,AÚN NO DECIDE,27.4,600,4.3,Massive Caller,59,PONDERADO,Serie histórica sin etiqueta numérica en la fuente
2025-11-12,Jalisco,14098,San Pedro Tlaquepaque,PRECANDIDATO,Condicional: declarantes del partido,MC,AÚN NO DECIDE,25.0,600,4.3,Massive Caller,59,PONDERADO,Serie histórica sin etiqueta numérica en la fuente
2025-12-12,Jalisco,14098,San Pedro Tlaquepaque,PRECANDIDATO,Condicional: declarantes del partido,MC,AÚN NO DECIDE,24.4,600,4.3,Massive Caller,59,PONDERADO,Serie histórica sin etiqueta numérica en la fuente
2026-01-12,Jalisco,14098,San Pedro Tlaquepaque,PRECANDIDATO,Condicional: declarantes del partido,MC,AÚN NO DECIDE,25.3,600,4.3,Massive Caller,59,PONDERADO,Serie histórica sin etiqueta numérica en la fuente
2026-02-12,Jalisco,14098,San Pedro Tlaquepaque,PRECANDIDATO,Condicional: declarantes del partido,MC,AÚN NO DECIDE,24.5,600,4.3,Massive Caller,59,PONDERADO,Serie histórica sin etiqueta numérica en la fuente
2026-03-12,Jalisco,14098,San Pedro Tlaquepaque,PRECANDIDATO,Condicional: declarantes del partido,MC,AÚN NO DECIDE,21.6,600,4.3,Massive Caller,59,PONDERADO,Serie histórica sin etiqueta numérica en la fuente
2026-04-12,Jalisco,14098,San Pedro Tlaquepaque,PRECANDIDATO,Condicional: declarantes del partido,MC,AÚN NO DECIDE,20.2,600,4.3,Massive Caller,59,PONDERADO,Serie histórica sin etiqueta numérica en la fuente
2026-05-12,Jalisco,14098,San Pedro Tlaquepaque,PRECANDIDATO,Condicional: declarantes del partido,MC,AÚN NO DECIDE,23.5,600,4.3,Massive Caller,59,PONDERADO,Serie histórica sin etiqueta numérica en la fuente
2026-06-12,Jalisco,14098,San Pedro Tlaquepaque,PRECANDIDATO,Condicional: declarantes del partido,MC,AÚN NO DECIDE,24.3,600,4.3,Massive Caller,59,PONDERADO,Serie histórica sin etiqueta numérica en la fuente
2026-07-12,Jalisco,14098,San Pedro Tlaquepaque,PRECANDIDATO,Condicional: declarantes del partido,MC,AÚN NO DECIDE,22.8,600,4.3,Massive Caller,59,PONDERADO,Serie histórica sin etiqueta numérica en la fuente
2026-08-12,Jalisco,14098,San Pedro Tlaquepaque,PRECANDIDATO,Condicional: declarantes del partido,MC,AÚN NO DECIDE,21.6,600,4.3,Massive Caller,59,LITERAL,
2025-09-12,Jalisco,14098,San Pedro Tlaquepaque,PRECANDIDATO,Condicional: declarantes del partido,MC,OTRO,7.3,600,4.3,Massive Caller,59,PONDERADO,Serie histórica sin etiqueta numérica en la fuente
2025-10-12,Jalisco,14098,San Pedro Tlaquepaque,PRECANDIDATO,Condicional: declarantes del partido,MC,OTRO,9.1,600,4.3,Massive Caller,59,PONDERADO,Serie histórica sin etiqueta numérica en la fuente
2025-11-12,Jalisco,14098,San Pedro Tlaquepaque,PRECANDIDATO,Condicional: declarantes del partido,MC,OTRO,11.4,600,4.3,Massive Caller,59,PONDERADO,Serie histórica sin etiqueta numérica en la fuente
2025-12-12,Jalisco,14098,San Pedro Tlaquepaque,PRECANDIDATO,Condicional: declarantes del partido,MC,OTRO,10.0,600,4.3,Massive Caller,59,PONDERADO,Serie histórica sin etiqueta numérica en la fuente
2026-01-12,Jalisco,14098,San Pedro Tlaquepaque,PRECANDIDATO,Condicional: declarantes del partido,MC,OTRO,11.0,600,4.3,Massive Caller,59,PONDERADO,Serie histórica sin etiqueta numérica en la fuente
2026-02-12,Jalisco,14098,San Pedro Tlaquepaque,PRECANDIDATO,Condicional: declarantes del partido,MC,OTRO,14.3,600,4.3,Massive Caller,59,PONDERADO,Serie histórica sin etiqueta numérica en la fuente
2026-03-12,Jalisco,14098,San Pedro Tlaquepaque,PRECANDIDATO,Condicional: declarantes del partido,MC,OTRO,13.5,600,4.3,Massive Caller,59,PONDERADO,Serie histórica sin etiqueta numérica en la fuente
2026-04-12,Jalisco,14098,San Pedro Tlaquepaque,PRECANDIDATO,Condicional: declarantes del partido,MC,OTRO,15.7,600,4.3,Massive Caller,59,PONDERADO,Serie histórica sin etiqueta numérica en la fuente
2026-05-12,Jalisco,14098,San Pedro Tlaquepaque,PRECANDIDATO,Condicional: declarantes del partido,MC,OTRO,12.3,600,4.3,Massive Caller,59,PONDERADO,Serie histórica sin etiqueta numérica en la fuente
2026-06-12,Jalisco,14098,San Pedro Tlaquepaque,PRECANDIDATO,Condicional: declarantes del partido,MC,OTRO,14.5,600,4.3,Massive Caller,59,PONDERADO,Serie histórica sin etiqueta numérica en la fuente
2026-07-12,Jalisco,14098,San Pedro Tlaquepaque,PRECANDIDATO,Condicional: declarantes del partido,MC,OTRO,15.8,600,4.3,Massive Caller,59,PONDERADO,Serie histórica sin etiqueta numérica en la fuente
2026-08-12,Jalisco,14098,San Pedro Tlaquepaque,PRECANDIDATO,Condicional: declarantes del partido,MC,OTRO,12.9,600,4.3,Massive Caller,59,LITERAL,
2025-09-12,Jalisco,14098,San Pedro Tlaquepaque,PRECANDIDATO,Condicional: declarantes del partido,MC,MARCO ANTONIO FUENTES ONTIVEROS,12.2,600,4.3,Massive Caller,59,PONDERADO,Serie histórica sin etiqueta numérica en la fuente
2025-10-12,Jalisco,14098,San Pedro Tlaquepaque,PRECANDIDATO,Condicional: declarantes del partido,MC,MARCO ANTONIO FUENTES ONTIVEROS,10.9,600,4.3,Massive Caller,59,PONDERADO,Serie histórica sin etiqueta numérica en la fuente
2025-11-12,Jalisco,14098,San Pedro Tlaquepaque,PRECANDIDATO,Condicional: declarantes del partido,MC,MARCO ANTONIO FUENTES ONTIVEROS,9.1,600,4.3,Massive Caller,59,PONDERADO,Serie histórica sin etiqueta numérica en la fuente
2025-12-12,Jalisco,14098,San Pedro Tlaquepaque,PRECANDIDATO,Condicional: declarantes del partido,MC,MARCO ANTONIO FUENTES ONTIVEROS,11.0,600,4.3,Massive Caller,59,PONDERADO,Serie histórica sin etiqueta numérica en la fuente
2026-01-12,Jalisco,14098,San Pedro Tlaquepaque,PRECANDIDATO,Condicional: declarantes del partido,MC,MARCO ANTONIO FUENTES ONTIVEROS,9.9,600,4.3,Massive Caller,59,PONDERADO,Serie histórica sin etiqueta numérica en la fuente
2026-02-12,Jalisco,14098,San Pedro Tlaquepaque,PRECANDIDATO,Condicional: declarantes del partido,MC,MARCO ANTONIO FUENTES ONTIVEROS,12.9,600,4.3,Massive Caller,59,PONDERADO,Serie histórica sin etiqueta numérica en la fuente
2026-03-12,Jalisco,14098,San Pedro Tlaquepaque,PRECANDIDATO,Condicional: declarantes del partido,MC,MARCO ANTONIO FUENTES ONTIVEROS,10.8,600,4.3,Massive Caller,59,PONDERADO,Serie histórica sin etiqueta numérica en la fuente
2026-04-12,Jalisco,14098,San Pedro Tlaquepaque,PRECANDIDATO,Condicional: declarantes del partido,MC,MARCO ANTONIO FUENTES ONTIVEROS,9.3,600,4.3,Massive Caller,59,PONDERADO,Serie histórica sin etiqueta numérica en la fuente
2026-05-12,Jalisco,14098,San Pedro Tlaquepaque,PRECANDIDATO,Condicional: declarantes del partido,MC,MARCO ANTONIO FUENTES ONTIVEROS,10.8,600,4.3,Massive Caller,59,PONDERADO,Serie superpuesta con otra del mismo color en esta ola
2026-06-12,Jalisco,14098,San Pedro Tlaquepaque,PRECANDIDATO,Condicional: declarantes del partido,MC,MARCO ANTONIO FUENTES ONTIVEROS,11.8,600,4.3,Massive Caller,59,PONDERADO,Serie histórica sin etiqueta numérica en la fuente
2026-07-12,Jalisco,14098,San Pedro Tlaquepaque,PRECANDIDATO,Condicional: declarantes del partido,MC,MARCO ANTONIO FUENTES ONTIVEROS,10.9,600,4.3,Massive Caller,59,PONDERADO,Serie histórica sin etiqueta numérica en la fuente
2026-08-12,Jalisco,14098,San Pedro Tlaquepaque,PRECANDIDATO,Condicional: declarantes del partido,MC,MARCO ANTONIO FUENTES ONTIVEROS,11.9,600,4.3,Massive Caller,59,LITERAL,
2025-09-12,Jalisco,14098,San Pedro Tlaquepaque,PRECANDIDATO,Condicional: declarantes del partido,MC,LAURA ALCÁNTAR DÍAZ,2.4,600,4.3,Massive Caller,59,PONDERADO,Serie histórica sin etiqueta numérica en la fuente
2025-10-12,Jalisco,14098,San Pedro Tlaquepaque,PRECANDIDATO,Condicional: declarantes del partido,MC,LAURA ALCÁNTAR DÍAZ,1.8,600,4.3,Massive Caller,59,PONDERADO,Serie histórica sin etiqueta numérica en la fuente
2025-11-12,Jalisco,14098,San Pedro Tlaquepaque,PRECANDIDATO,Condicional: declarantes del partido,MC,LAURA ALCÁNTAR DÍAZ,4.5,600,4.3,Massive Caller,59,PONDERADO,Serie histórica sin etiqueta numérica en la fuente
2025-12-12,Jalisco,14098,San Pedro Tlaquepaque,PRECANDIDATO,Condicional: declarantes del partido,MC,LAURA ALCÁNTAR DÍAZ,7.8,600,4.3,Massive Caller,59,PONDERADO,Serie histórica sin etiqueta numérica en la fuente
2026-01-12,Jalisco,14098,San Pedro Tlaquepaque,PRECANDIDATO,Condicional: declarantes del partido,MC,LAURA ALCÁNTAR DÍAZ,6.6,600,4.3,Massive Caller,59,PONDERADO,Serie histórica sin etiqueta numérica en la fuente
2026-02-12,Jalisco,14098,San Pedro Tlaquepaque,PRECANDIDATO,Condicional: declarantes del partido,MC,LAURA ALCÁNTAR DÍAZ,4.1,600,4.3,Massive Caller,59,PONDERADO,Serie histórica sin etiqueta numérica en la fuente
2026-03-12,Jalisco,14098,San Pedro Tlaquepaque,PRECANDIDATO,Condicional: declarantes del partido,MC,LAURA ALCÁNTAR DÍAZ,6.8,600,4.3,Massive Caller,59,PONDERADO,Serie histórica sin etiqueta numérica en la fuente
2026-04-12,Jalisco,14098,San Pedro Tlaquepaque,PRECANDIDATO,Condicional: declarantes del partido,MC,LAURA ALCÁNTAR DÍAZ,9.3,600,4.3,Massive Caller,59,PONDERADO,Serie superpuesta con otra del mismo color en esta ola
2026-05-12,Jalisco,14098,San Pedro Tlaquepaque,PRECANDIDATO,Condicional: declarantes del partido,MC,LAURA ALCÁNTAR DÍAZ,10.8,600,4.3,Massive Caller,59,PONDERADO,Serie histórica sin etiqueta numérica en la fuente
2026-06-12,Jalisco,14098,San Pedro Tlaquepaque,PRECANDIDATO,Condicional: declarantes del partido,MC,LAURA ALCÁNTAR DÍAZ,9.9,600,4.3,Massive Caller,59,PONDERADO,Serie histórica sin etiqueta numérica en la fuente
2026-07-12,Jalisco,14098,San Pedro Tlaquepaque,PRECANDIDATO,Condicional: declarantes del partido,MC,LAURA ALCÁNTAR DÍAZ,8.9,600,4.3,Massive Caller,59,PONDERADO,Serie histórica sin etiqueta numérica en la fuente
2026-08-12,Jalisco,14098,San Pedro Tlaquepaque,PRECANDIDATO,Condicional: declarantes del partido,MC,LAURA ALCÁNTAR DÍAZ,9.5,600,4.3,Massive Caller,59,LITERAL,
2026-06-12,Jalisco,14098,San Pedro Tlaquepaque,PRECANDIDATO,Condicional: declarantes del partido,PVEM,OTRO,38.9,600,4.3,Massive Caller,61,PONDERADO,Serie histórica sin etiqueta numérica en la fuente
2026-07-12,Jalisco,14098,San Pedro Tlaquepaque,PRECANDIDATO,Condicional: declarantes del partido,PVEM,OTRO,37.9,600,4.3,Massive Caller,61,PONDERADO,Serie histórica sin etiqueta numérica en la fuente
2026-08-12,Jalisco,14098,San Pedro Tlaquepaque,PRECANDIDATO,Condicional: declarantes del partido,PVEM,OTRO,39.2,600,4.3,Massive Caller,61,LITERAL,
2026-06-12,Jalisco,14098,San Pedro Tlaquepaque,PRECANDIDATO,Condicional: declarantes del partido,PVEM,ALBERTO ALFARO GARCÍA,33.3,600,4.3,Massive Caller,61,PONDERADO,Serie histórica sin etiqueta numérica en la fuente
2026-07-12,Jalisco,14098,San Pedro Tlaquepaque,PRECANDIDATO,Condicional: declarantes del partido,PVEM,ALBERTO ALFARO GARCÍA,36.4,600,4.3,Massive Caller,61,PONDERADO,Serie histórica sin etiqueta numérica en la fuente
2026-08-12,Jalisco,14098,San Pedro Tlaquepaque,PRECANDIDATO,Condicional: declarantes del partido,PVEM,ALBERTO ALFARO GARCÍA,38.3,600,4.3,Massive Caller,61,LITERAL,
2026-06-12,Jalisco,14098,San Pedro Tlaquepaque,PRECANDIDATO,Condicional: declarantes del partido,PVEM,AÚN NO DECIDE,27.8,600,4.3,Massive Caller,61,PONDERADO,Serie histórica sin etiqueta numérica en la fuente
2026-07-12,Jalisco,14098,San Pedro Tlaquepaque,PRECANDIDATO,Condicional: declarantes del partido,PVEM,AÚN NO DECIDE,25.7,600,4.3,Massive Caller,61,PONDERADO,Serie histórica sin etiqueta numérica en la fuente
2026-08-12,Jalisco,14098,San Pedro Tlaquepaque,PRECANDIDATO,Condicional: declarantes del partido,PVEM,AÚN NO DECIDE,22.5,600,4.3,Massive Caller,61,LITERAL,
2025-09-12,Jalisco,14098,San Pedro Tlaquepaque,REELECCION,Total de entrevistados,MORENA,NO,54.7,600,4.3,Massive Caller,63,PONDERADO,Serie histórica sin etiqueta numérica en la fuente
2025-10-12,Jalisco,14098,San Pedro Tlaquepaque,REELECCION,Total de entrevistados,MORENA,NO,52.2,600,4.3,Massive Caller,63,PONDERADO,Serie histórica sin etiqueta numérica en la fuente
2025-11-12,Jalisco,14098,San Pedro Tlaquepaque,REELECCION,Total de entrevistados,MORENA,NO,57.5,600,4.3,Massive Caller,63,PONDERADO,Serie histórica sin etiqueta numérica en la fuente
2025-12-12,Jalisco,14098,San Pedro Tlaquepaque,REELECCION,Total de entrevistados,MORENA,NO,56.3,600,4.3,Massive Caller,63,PONDERADO,Serie histórica sin etiqueta numérica en la fuente
2026-01-12,Jalisco,14098,San Pedro Tlaquepaque,REELECCION,Total de entrevistados,MORENA,NO,54.5,600,4.3,Massive Caller,63,PONDERADO,Serie histórica sin etiqueta numérica en la fuente
2026-02-12,Jalisco,14098,San Pedro Tlaquepaque,REELECCION,Total de entrevistados,MORENA,NO,57.6,600,4.3,Massive Caller,63,PONDERADO,Serie histórica sin etiqueta numérica en la fuente
2026-03-12,Jalisco,14098,San Pedro Tlaquepaque,REELECCION,Total de entrevistados,MORENA,NO,60.3,600,4.3,Massive Caller,63,PONDERADO,Serie histórica sin etiqueta numérica en la fuente
2026-04-12,Jalisco,14098,San Pedro Tlaquepaque,REELECCION,Total de entrevistados,MORENA,NO,61.8,600,4.3,Massive Caller,63,PONDERADO,Serie histórica sin etiqueta numérica en la fuente
2026-05-12,Jalisco,14098,San Pedro Tlaquepaque,REELECCION,Total de entrevistados,MORENA,NO,58.4,600,4.3,Massive Caller,63,PONDERADO,Serie histórica sin etiqueta numérica en la fuente
2026-06-12,Jalisco,14098,San Pedro Tlaquepaque,REELECCION,Total de entrevistados,MORENA,NO,55.1,600,4.3,Massive Caller,63,PONDERADO,Serie histórica sin etiqueta numérica en la fuente
2026-07-12,Jalisco,14098,San Pedro Tlaquepaque,REELECCION,Total de entrevistados,MORENA,NO,56.4,600,4.3,Massive Caller,63,PONDERADO,Serie histórica sin etiqueta numérica en la fuente
2026-08-12,Jalisco,14098,San Pedro Tlaquepaque,REELECCION,Total de entrevistados,MORENA,NO,59.5,600,4.3,Massive Caller,63,LITERAL,
2025-09-12,Jalisco,14098,San Pedro Tlaquepaque,REELECCION,Total de entrevistados,MORENA,SÍ,45.3,600,4.3,Massive Caller,63,PONDERADO,Serie histórica sin etiqueta numérica en la fuente
2025-10-12,Jalisco,14098,San Pedro Tlaquepaque,REELECCION,Total de entrevistados,MORENA,SÍ,47.9,600,4.3,Massive Caller,63,PONDERADO,Serie histórica sin etiqueta numérica en la fuente
2025-11-12,Jalisco,14098,San Pedro Tlaquepaque,REELECCION,Total de entrevistados,MORENA,SÍ,42.5,600,4.3,Massive Caller,63,PONDERADO,Serie histórica sin etiqueta numérica en la fuente
2025-12-12,Jalisco,14098,San Pedro Tlaquepaque,REELECCION,Total de entrevistados,MORENA,SÍ,43.7,600,4.3,Massive Caller,63,PONDERADO,Serie histórica sin etiqueta numérica en la fuente
2026-01-12,Jalisco,14098,San Pedro Tlaquepaque,REELECCION,Total de entrevistados,MORENA,SÍ,45.5,600,4.3,Massive Caller,63,PONDERADO,Serie histórica sin etiqueta numérica en la fuente
2026-02-12,Jalisco,14098,San Pedro Tlaquepaque,REELECCION,Total de entrevistados,MORENA,SÍ,42.4,600,4.3,Massive Caller,63,PONDERADO,Serie histórica sin etiqueta numérica en la fuente
2026-03-12,Jalisco,14098,San Pedro Tlaquepaque,REELECCION,Total de entrevistados,MORENA,SÍ,39.7,600,4.3,Massive Caller,63,PONDERADO,Serie histórica sin etiqueta numérica en la fuente
2026-04-12,Jalisco,14098,San Pedro Tlaquepaque,REELECCION,Total de entrevistados,MORENA,SÍ,38.2,600,4.3,Massive Caller,63,PONDERADO,Serie histórica sin etiqueta numérica en la fuente
2026-05-12,Jalisco,14098,San Pedro Tlaquepaque,REELECCION,Total de entrevistados,MORENA,SÍ,41.6,600,4.3,Massive Caller,63,PONDERADO,Serie histórica sin etiqueta numérica en la fuente
2026-06-12,Jalisco,14098,San Pedro Tlaquepaque,REELECCION,Total de entrevistados,MORENA,SÍ,44.9,600,4.3,Massive Caller,63,PONDERADO,Serie histórica sin etiqueta numérica en la fuente
2026-07-12,Jalisco,14098,San Pedro Tlaquepaque,REELECCION,Total de entrevistados,MORENA,SÍ,43.6,600,4.3,Massive Caller,63,PONDERADO,Serie histórica sin etiqueta numérica en la fuente
2026-08-12,Jalisco,14098,San Pedro Tlaquepaque,REELECCION,Total de entrevistados,MORENA,SÍ,40.5,600,4.3,Massive Caller,63,LITERAL,
2026-08-12,Jalisco,14067,Puerto Vallarta,INTENCION_PARTIDO,Total de entrevistados,,MORENA,34.7,600,4.3,Massive Caller,14,LITERAL,
2026-08-12,Jalisco,14067,Puerto Vallarta,INTENCION_PARTIDO,Total de entrevistados,,MC,13.3,600,4.3,Massive Caller,14,LITERAL,
2026-08-12,Jalisco,14067,Puerto Vallarta,INTENCION_PARTIDO,Total de entrevistados,,PAN,12.3,600,4.3,Massive Caller,14,LITERAL,
2026-08-12,Jalisco,14067,Puerto Vallarta,INTENCION_PARTIDO,Total de entrevistados,,PRI,11.7,600,4.3,Massive Caller,14,LITERAL,
2026-08-12,Jalisco,14067,Puerto Vallarta,INTENCION_PARTIDO,Total de entrevistados,,PT,5.3,600,4.3,Massive Caller,14,LITERAL,
2026-08-12,Jalisco,14067,Puerto Vallarta,INTENCION_PARTIDO,Total de entrevistados,,PVEM,3.7,600,4.3,Massive Caller,14,LITERAL,
2026-08-12,Jalisco,14067,Puerto Vallarta,INTENCION_PARTIDO,Total de entrevistados,,AÚN NO DECIDE,19.0,600,4.3,Massive Caller,14,LITERAL,
2026-08-12,Jalisco,14067,Puerto Vallarta,PRECANDIDATO,Condicional: declarantes del partido,PAN,JUAN IGNACIO CALDERÓN IBARRÍA,43.7,600,4.3,Massive Caller,16,LITERAL,
2026-08-12,Jalisco,14067,Puerto Vallarta,PRECANDIDATO,Condicional: declarantes del partido,PAN,ARNULFO ORTEGA CONTRERAS (DON CHONITO),15.3,600,4.3,Massive Caller,16,LITERAL,
2026-08-12,Jalisco,14067,Puerto Vallarta,PRECANDIDATO,Condicional: declarantes del partido,PAN,OTRO,19.2,600,4.3,Massive Caller,16,LITERAL,
2026-08-12,Jalisco,14067,Puerto Vallarta,PRECANDIDATO,Condicional: declarantes del partido,PAN,AÚN NO DECIDE,21.8,600,4.3,Massive Caller,16,LITERAL,
2026-08-12,Jalisco,14067,Puerto Vallarta,PRECANDIDATO,Condicional: declarantes del partido,MORENA,RA AGUILAR ESTRADA,27.5,600,4.3,Massive Caller,18,LITERAL,
2026-08-12,Jalisco,14067,Puerto Vallarta,PRECANDIDATO,Condicional: declarantes del partido,MORENA,FLOR ELIZABETH MICHEL LÓPEZ,11.5,600,4.3,Massive Caller,18,LITERAL,
2026-08-12,Jalisco,14067,Puerto Vallarta,PRECANDIDATO,Condicional: declarantes del partido,MORENA,BRUNO BLANCAS MERCADO,10.9,600,4.3,Massive Caller,18,LITERAL,
2026-08-12,Jalisco,14067,Puerto Vallarta,PRECANDIDATO,Condicional: declarantes del partido,MORENA,SARA MOSQUEDA TORRES,9.3,600,4.3,Massive Caller,18,LITERAL,
2026-08-12,Jalisco,14067,Puerto Vallarta,PRECANDIDATO,Condicional: declarantes del partido,MORENA,OTRO,25.3,600,4.3,Massive Caller,18,LITERAL,
2026-08-12,Jalisco,14067,Puerto Vallarta,PRECANDIDATO,Condicional: declarantes del partido,MORENA,AÚN NO DECIDE,15.5,600,4.3,Massive Caller,18,LITERAL,
2026-08-12,Jalisco,14067,Puerto Vallarta,PRECANDIDATO,Condicional: declarantes del partido,MC,DIEGO FRANCO JIMÉNEZ,27.2,600,4.3,Massive Caller,20,LITERAL,
2026-08-12,Jalisco,14067,Puerto Vallarta,PRECANDIDATO,Condicional: declarantes del partido,MC,RAMÓN GUERRERO MARTÍNEZ,25.9,600,4.3,Massive Caller,20,LITERAL,
2026-08-12,Jalisco,14067,Puerto Vallarta,PRECANDIDATO,Condicional: declarantes del partido,MC,OTRO,28.4,600,4.3,Massive Caller,20,LITERAL,
2026-08-12,Jalisco,14067,Puerto Vallarta,PRECANDIDATO,Condicional: declarantes del partido,MC,AÚN NO DECIDE,18.5,600,4.3,Massive Caller,20,LITERAL,
2026-08-12,Jalisco,14067,Puerto Vallarta,PRECANDIDATO,Condicional: declarantes del partido,PVEM,LUIS ERNESTO MUNGUÍA GONZÁLEZ,63.3,600,4.3,Massive Caller,22,LITERAL,
2026-08-12,Jalisco,14067,Puerto Vallarta,PRECANDIDATO,Condicional: declarantes del partido,PVEM,MELISSA MADERO PLASCENCIA,4.4,600,4.3,Massive Caller,22,LITERAL,
2026-08-12,Jalisco,14067,Puerto Vallarta,PRECANDIDATO,Condicional: declarantes del partido,PVEM,OTRO,15.6,600,4.3,Massive Caller,22,LITERAL,
2026-08-12,Jalisco,14067,Puerto Vallarta,PRECANDIDATO,Condicional: declarantes del partido,PVEM,AÚN NO DECIDE,16.7,600,4.3,Massive Caller,22,LITERAL,
2026-08-12,Jalisco,14067,Puerto Vallarta,REELECCION,Total de entrevistados,PVEM,SÍ,15.6,600,4.3,Massive Caller,24,LITERAL,
2026-08-12,Jalisco,14067,Puerto Vallarta,REELECCION,Total de entrevistados,PVEM,NO,84.4,600,4.3,Massive Caller,24,LITERAL,
2026-08-12,Jalisco,14030,El Salto,INTENCION_PARTIDO,Total de entrevistados,,MORENA,39.2,600,4.3,Massive Caller,26,LITERAL,
2026-08-12,Jalisco,14030,El Salto,INTENCION_PARTIDO,Total de entrevistados,,MC,16.9,600,4.3,Massive Caller,26,LITERAL,
2026-08-12,Jalisco,14030,El Salto,INTENCION_PARTIDO,Total de entrevistados,,PRI,10.3,600,4.3,Massive Caller,26,LITERAL,
2026-08-12,Jalisco,14030,El Salto,INTENCION_PARTIDO,Total de entrevistados,,PAN,8.3,600,4.3,Massive Caller,26,LITERAL,
2026-08-12,Jalisco,14030,El Salto,INTENCION_PARTIDO,Total de entrevistados,,PT,5.3,600,4.3,Massive Caller,26,LITERAL,
2026-08-12,Jalisco,14030,El Salto,INTENCION_PARTIDO,Total de entrevistados,,PVEM,3.7,600,4.3,Massive Caller,26,LITERAL,
2026-08-12,Jalisco,14030,El Salto,INTENCION_PARTIDO,Total de entrevistados,,AÚN NO DECIDE,16.3,600,4.3,Massive Caller,26,LITERAL,
2026-08-12,Jalisco,14030,El Salto,PRECANDIDATO,Condicional: declarantes del partido,PAN,ADRIÁN FLORES VÉLEZ,27.1,600,4.3,Massive Caller,28,LITERAL,
2026-08-12,Jalisco,14030,El Salto,PRECANDIDATO,Condicional: declarantes del partido,PAN,EFRÉN MENDOZA CARRILLO,20.6,600,4.3,Massive Caller,28,LITERAL,
2026-08-12,Jalisco,14030,El Salto,PRECANDIDATO,Condicional: declarantes del partido,PAN,OTRO,30.2,600,4.3,Massive Caller,28,LITERAL,
2026-08-12,Jalisco,14030,El Salto,PRECANDIDATO,Condicional: declarantes del partido,PAN,AÚN NO DECIDE,22.1,600,4.3,Massive Caller,28,LITERAL,
2026-08-12,Jalisco,14030,El Salto,PRECANDIDATO,Condicional: declarantes del partido,PRI,NALLELY RAQUEL GONZÁLEZ ÁLVAREZ,36.8,600,4.3,Massive Caller,30,LITERAL,
2026-08-12,Jalisco,14030,El Salto,PRECANDIDATO,Condicional: declarantes del partido,PRI,JOEL GONZÁLEZ DÍAZ,26.3,600,4.3,Massive Caller,30,LITERAL,
2026-08-12,Jalisco,14030,El Salto,PRECANDIDATO,Condicional: declarantes del partido,PRI,OTRO,21.1,600,4.3,Massive Caller,30,LITERAL,
2026-08-12,Jalisco,14030,El Salto,PRECANDIDATO,Condicional: declarantes del partido,PRI,AÚN NO DECIDE,15.8,600,4.3,Massive Caller,30,LITERAL,
2026-08-12,Jalisco,14030,El Salto,PRECANDIDATO,Condicional: declarantes del partido,MORENA,"MARÍA ELENA ""NENA"" FARÍAS VILLAFÁN",37.6,600,4.3,Massive Caller,32,LITERAL,
2026-08-12,Jalisco,14030,El Salto,PRECANDIDATO,Condicional: declarantes del partido,MORENA,ADRIÁN VENEGAS BERMÚDEZ,13.4,600,4.3,Massive Caller,32,LITERAL,
2026-08-12,Jalisco,14030,El Salto,PRECANDIDATO,Condicional: declarantes del partido,MORENA,GABRIEL PÉREZ PÉREZ,6.5,600,4.3,Massive Caller,32,LITERAL,
2026-08-12,Jalisco,14030,El Salto,PRECANDIDATO,Condicional: declarantes del partido,MORENA,OTRO,24.7,600,4.3,Massive Caller,32,LITERAL,
2026-08-12,Jalisco,14030,El Salto,PRECANDIDATO,Condicional: declarantes del partido,MORENA,AÚN NO DECIDE,17.8,600,4.3,Massive Caller,32,LITERAL,
2026-08-12,Jalisco,14030,El Salto,PRECANDIDATO,Condicional: declarantes del partido,MC,ESTEFANÍA PADILLA MARTÍNEZ,17.1,600,4.3,Massive Caller,34,LITERAL,
2026-08-12,Jalisco,14030,El Salto,PRECANDIDATO,Condicional: declarantes del partido,MC,RICARDO ZAID SANTILLÁN,14.4,600,4.3,Massive Caller,34,LITERAL,
2026-08-12,Jalisco,14030,El Salto,PRECANDIDATO,Condicional: declarantes del partido,MC,JORGE ANTONIO VIDALES VARGAS,12.6,600,4.3,Massive Caller,34,LITERAL,
2026-08-12,Jalisco,14030,El Salto,PRECANDIDATO,Condicional: declarantes del partido,MC,OTRO,26.1,600,4.3,Massive Caller,34,LITERAL,
2026-08-12,Jalisco,14030,El Salto,PRECANDIDATO,Condicional: declarantes del partido,MC,AÚN NO DECIDE,29.8,600,4.3,Massive Caller,34,LITERAL,
2026-08-12,Jalisco,14030,El Salto,REELECCION,Total de entrevistados,MORENA,SÍ,43.1,600,4.3,Massive Caller,36,LITERAL,
2026-08-12,Jalisco,14030,El Salto,REELECCION,Total de entrevistados,MORENA,NO,56.9,600,4.3,Massive Caller,36,LITERAL,
2026-08-12,Jalisco,14101,Tonalá,INTENCION_PARTIDO,Total de entrevistados,,MORENA,41.8,600,4.3,Massive Caller,64,LITERAL,
2026-08-12,Jalisco,14101,Tonalá,INTENCION_PARTIDO,Total de entrevistados,,MC,13.4,600,4.3,Massive Caller,64,LITERAL,
2026-08-12,Jalisco,14101,Tonalá,INTENCION_PARTIDO,Total de entrevistados,,PRI,12.7,600,4.3,Massive Caller,64,LITERAL,
2026-08-12,Jalisco,14101,Tonalá,INTENCION_PARTIDO,Total de entrevistados,,PAN,11.4,600,4.3,Massive Caller,64,LITERAL,
2026-08-12,Jalisco,14101,Tonalá,INTENCION_PARTIDO,Total de entrevistados,,PT,3.6,600,4.3,Massive Caller,64,LITERAL,
2026-08-12,Jalisco,14101,Tonalá,INTENCION_PARTIDO,Total de entrevistados,,PVEM,2.3,600,4.3,Massive Caller,64,LITERAL,
2026-08-12,Jalisco,14101,Tonalá,INTENCION_PARTIDO,Total de entrevistados,,AÚN NO DECIDE,14.8,600,4.3,Massive Caller,64,LITERAL,
2026-08-12,Jalisco,14101,Tonalá,PRECANDIDATO,Condicional: declarantes del partido,PAN,ROCÍO ACOSTA,33.9,600,4.3,Massive Caller,66,LITERAL,
2026-08-12,Jalisco,14101,Tonalá,PRECANDIDATO,Condicional: declarantes del partido,PAN,OTRO,36.3,600,4.3,Massive Caller,66,LITERAL,
2026-08-12,Jalisco,14101,Tonalá,PRECANDIDATO,Condicional: declarantes del partido,PAN,AÚN NO DECIDE,29.8,600,4.3,Massive Caller,66,LITERAL,
2026-08-12,Jalisco,14101,Tonalá,PRECANDIDATO,Condicional: declarantes del partido,MORENA,LAURA PLASCENCIA PACHECO,20.2,600,4.3,Massive Caller,68,LITERAL,
2026-08-12,Jalisco,14101,Tonalá,PRECANDIDATO,Condicional: declarantes del partido,MORENA,LILIANA OLÉA FRÍAS,19.2,600,4.3,Massive Caller,68,LITERAL,
2026-08-12,Jalisco,14101,Tonalá,PRECANDIDATO,Condicional: declarantes del partido,MORENA,EDGAR OSWALDO BAÑALES OROZCO,15.4,600,4.3,Massive Caller,68,LITERAL,
2026-08-12,Jalisco,14101,Tonalá,PRECANDIDATO,Condicional: declarantes del partido,MORENA,MARTHA ESTELA ARIZMENDI FOMBONA,13.5,600,4.3,Massive Caller,68,LITERAL,
2026-08-12,Jalisco,14101,Tonalá,PRECANDIDATO,Condicional: declarantes del partido,MORENA,OTRO,20.6,600,4.3,Massive Caller,68,LITERAL,
2026-08-12,Jalisco,14101,Tonalá,PRECANDIDATO,Condicional: declarantes del partido,MORENA,AÚN NO DECIDE,11.1,600,4.3,Massive Caller,68,LITERAL,
2026-08-12,Jalisco,14101,Tonalá,PRECANDIDATO,Condicional: declarantes del partido,MC,JORGE VIZCARRA MAYORGA,31.3,600,4.3,Massive Caller,70,LITERAL,
2026-08-12,Jalisco,14101,Tonalá,PRECANDIDATO,Condicional: declarantes del partido,MC,"MARY ""CHUY"" REYNOSO TOSTADO",6.3,600,4.3,Massive Caller,70,LITERAL,
2026-08-12,Jalisco,14101,Tonalá,PRECANDIDATO,Condicional: declarantes del partido,MC,OTRO,38.3,600,4.3,Massive Caller,70,LITERAL,
2026-08-12,Jalisco,14101,Tonalá,PRECANDIDATO,Condicional: declarantes del partido,MC,AÚN NO DECIDE,24.1,600,4.3,Massive Caller,70,LITERAL,
2025-08-12,Jalisco,14067,Puerto Vallarta,INTENCION_PARTIDO,Total de entrevistados,,MORENA,37.2,600,4.3,Massive Caller,15,PONDERADO,Serie histórica sin etiqueta numérica en la fuente
2025-09-12,Jalisco,14067,Puerto Vallarta,INTENCION_PARTIDO,Total de entrevistados,,MORENA,35.9,600,4.3,Massive Caller,15,PONDERADO,Serie histórica sin etiqueta numérica en la fuente
2025-10-12,Jalisco,14067,Puerto Vallarta,INTENCION_PARTIDO,Total de entrevistados,,MORENA,38.8,600,4.3,Massive Caller,15,PONDERADO,Serie histórica sin etiqueta numérica en la fuente
2025-11-12,Jalisco,14067,Puerto Vallarta,INTENCION_PARTIDO,Total de entrevistados,,MORENA,38.3,600,4.3,Massive Caller,15,PONDERADO,Serie histórica sin etiqueta numérica en la fuente
2025-12-12,Jalisco,14067,Puerto Vallarta,INTENCION_PARTIDO,Total de entrevistados,,MORENA,36.2,600,4.3,Massive Caller,15,PONDERADO,Serie histórica sin etiqueta numérica en la fuente
2026-01-12,Jalisco,14067,Puerto Vallarta,INTENCION_PARTIDO,Total de entrevistados,,MORENA,38.2,600,4.3,Massive Caller,15,PONDERADO,Serie histórica sin etiqueta numérica en la fuente
2026-02-12,Jalisco,14067,Puerto Vallarta,INTENCION_PARTIDO,Total de entrevistados,,MORENA,34.3,600,4.3,Massive Caller,15,PONDERADO,Serie histórica sin etiqueta numérica en la fuente
2026-03-12,Jalisco,14067,Puerto Vallarta,INTENCION_PARTIDO,Total de entrevistados,,MORENA,31.8,600,4.3,Massive Caller,15,PONDERADO,Serie histórica sin etiqueta numérica en la fuente
2026-04-12,Jalisco,14067,Puerto Vallarta,INTENCION_PARTIDO,Total de entrevistados,,MORENA,29.4,600,4.3,Massive Caller,15,PONDERADO,Serie histórica sin etiqueta numérica en la fuente
2026-05-12,Jalisco,14067,Puerto Vallarta,INTENCION_PARTIDO,Total de entrevistados,,MORENA,31.2,600,4.3,Massive Caller,15,PONDERADO,Serie histórica sin etiqueta numérica en la fuente
2026-06-12,Jalisco,14067,Puerto Vallarta,INTENCION_PARTIDO,Total de entrevistados,,MORENA,28.3,600,4.3,Massive Caller,15,PONDERADO,Serie histórica sin etiqueta numérica en la fuente
2026-07-12,Jalisco,14067,Puerto Vallarta,INTENCION_PARTIDO,Total de entrevistados,,MORENA,31.7,600,4.3,Massive Caller,15,PONDERADO,Serie histórica sin etiqueta numérica en la fuente
2026-08-12,Jalisco,14067,Puerto Vallarta,INTENCION_PARTIDO,Total de entrevistados,,MORENA,34.7,600,4.3,Massive Caller,15,LITERAL,
2025-08-12,Jalisco,14067,Puerto Vallarta,INTENCION_PARTIDO,Total de entrevistados,,AÚN NO DECIDE,17.3,600,4.3,Massive Caller,15,PONDERADO,Serie histórica sin etiqueta numérica en la fuente
2025-09-12,Jalisco,14067,Puerto Vallarta,INTENCION_PARTIDO,Total de entrevistados,,AÚN NO DECIDE,19.3,600,4.3,Massive Caller,15,PONDERADO,Serie histórica sin etiqueta numérica en la fuente
2025-10-12,Jalisco,14067,Puerto Vallarta,INTENCION_PARTIDO,Total de entrevistados,,AÚN NO DECIDE,17.0,600,4.3,Massive Caller,15,PONDERADO,Serie histórica sin etiqueta numérica en la fuente
2025-11-12,Jalisco,14067,Puerto Vallarta,INTENCION_PARTIDO,Total de entrevistados,,AÚN NO DECIDE,18.9,600,4.3,Massive Caller,15,PONDERADO,Serie histórica sin etiqueta numérica en la fuente
2025-12-12,Jalisco,14067,Puerto Vallarta,INTENCION_PARTIDO,Total de entrevistados,,AÚN NO DECIDE,18.8,600,4.3,Massive Caller,15,PONDERADO,Serie histórica sin etiqueta numérica en la fuente
2026-01-12,Jalisco,14067,Puerto Vallarta,INTENCION_PARTIDO,Total de entrevistados,,AÚN NO DECIDE,17.7,600,4.3,Massive Caller,15,PONDERADO,Serie histórica sin etiqueta numérica en la fuente
2026-02-12,Jalisco,14067,Puerto Vallarta,INTENCION_PARTIDO,Total de entrevistados,,AÚN NO DECIDE,18.3,600,4.3,Massive Caller,15,PONDERADO,Serie histórica sin etiqueta numérica en la fuente
2026-03-12,Jalisco,14067,Puerto Vallarta,INTENCION_PARTIDO,Total de entrevistados,,AÚN NO DECIDE,17.4,600,4.3,Massive Caller,15,PONDERADO,Serie histórica sin etiqueta numérica en la fuente
2026-04-12,Jalisco,14067,Puerto Vallarta,INTENCION_PARTIDO,Total de entrevistados,,AÚN NO DECIDE,18.7,600,4.3,Massive Caller,15,PONDERADO,Serie histórica sin etiqueta numérica en la fuente
2026-05-12,Jalisco,14067,Puerto Vallarta,INTENCION_PARTIDO,Total de entrevistados,,AÚN NO DECIDE,17.9,600,4.3,Massive Caller,15,PONDERADO,Serie histórica sin etiqueta numérica en la fuente
2026-06-12,Jalisco,14067,Puerto Vallarta,INTENCION_PARTIDO,Total de entrevistados,,AÚN NO DECIDE,16.3,600,4.3,Massive Caller,15,PONDERADO,Serie histórica sin etiqueta numérica en la fuente
2026-07-12,Jalisco,14067,Puerto Vallarta,INTENCION_PARTIDO,Total de entrevistados,,AÚN NO DECIDE,17.8,600,4.3,Massive Caller,15,PONDERADO,Serie histórica sin etiqueta numérica en la fuente
2026-08-12,Jalisco,14067,Puerto Vallarta,INTENCION_PARTIDO,Total de entrevistados,,AÚN NO DECIDE,19.0,600,4.3,Massive Caller,15,LITERAL,
2025-08-12,Jalisco,14067,Puerto Vallarta,INTENCION_PARTIDO,Total de entrevistados,,MC,12.5,600,4.3,Massive Caller,15,PONDERADO,Serie histórica sin etiqueta numérica en la fuente
2025-09-12,Jalisco,14067,Puerto Vallarta,INTENCION_PARTIDO,Total de entrevistados,,MC,14.6,600,4.3,Massive Caller,15,PONDERADO,Serie histórica sin etiqueta numérica en la fuente
2025-10-12,Jalisco,14067,Puerto Vallarta,INTENCION_PARTIDO,Total de entrevistados,,MC,16.2,600,4.3,Massive Caller,15,PONDERADO,Serie histórica sin etiqueta numérica en la fuente
2025-11-12,Jalisco,14067,Puerto Vallarta,INTENCION_PARTIDO,Total de entrevistados,,MC,13.9,600,4.3,Massive Caller,15,PONDERADO,Serie histórica sin etiqueta numérica en la fuente
2025-12-12,Jalisco,14067,Puerto Vallarta,INTENCION_PARTIDO,Total de entrevistados,,MC,12.5,600,4.3,Massive Caller,15,PONDERADO,Serie histórica sin etiqueta numérica en la fuente
2026-01-12,Jalisco,14067,Puerto Vallarta,INTENCION_PARTIDO,Total de entrevistados,,MC,13.9,600,4.3,Massive Caller,15,PONDERADO,Serie histórica sin etiqueta numérica en la fuente
2026-02-12,Jalisco,14067,Puerto Vallarta,INTENCION_PARTIDO,Total de entrevistados,,MC,12.4,600,4.3,Massive Caller,15,PONDERADO,Serie histórica sin etiqueta numérica en la fuente
2026-03-12,Jalisco,14067,Puerto Vallarta,INTENCION_PARTIDO,Total de entrevistados,,MC,13.4,600,4.3,Massive Caller,15,PONDERADO,Serie histórica sin etiqueta numérica en la fuente
2026-04-12,Jalisco,14067,Puerto Vallarta,INTENCION_PARTIDO,Total de entrevistados,,MC,14.3,600,4.3,Massive Caller,15,PONDERADO,Serie histórica sin etiqueta numérica en la fuente
2026-05-12,Jalisco,14067,Puerto Vallarta,INTENCION_PARTIDO,Total de entrevistados,,MC,13.3,600,4.3,Massive Caller,15,PONDERADO,Serie histórica sin etiqueta numérica en la fuente
2026-06-12,Jalisco,14067,Puerto Vallarta,INTENCION_PARTIDO,Total de entrevistados,,MC,15.2,600,4.3,Massive Caller,15,PONDERADO,Serie histórica sin etiqueta numérica en la fuente
2026-07-12,Jalisco,14067,Puerto Vallarta,INTENCION_PARTIDO,Total de entrevistados,,MC,12.2,600,4.3,Massive Caller,15,PONDERADO,Serie histórica sin etiqueta numérica en la fuente
2026-08-12,Jalisco,14067,Puerto Vallarta,INTENCION_PARTIDO,Total de entrevistados,,MC,13.3,600,4.3,Massive Caller,15,LITERAL,
2025-08-12,Jalisco,14067,Puerto Vallarta,INTENCION_PARTIDO,Total de entrevistados,,PAN,9.3,600,4.3,Massive Caller,15,PONDERADO,Serie histórica sin etiqueta numérica en la fuente
2025-09-12,Jalisco,14067,Puerto Vallarta,INTENCION_PARTIDO,Total de entrevistados,,PAN,9.0,600,4.3,Massive Caller,15,PONDERADO,Serie histórica sin etiqueta numérica en la fuente
2025-10-12,Jalisco,14067,Puerto Vallarta,INTENCION_PARTIDO,Total de entrevistados,,PAN,10.9,600,4.3,Massive Caller,15,PONDERADO,Serie histórica sin etiqueta numérica en la fuente
2025-11-12,Jalisco,14067,Puerto Vallarta,INTENCION_PARTIDO,Total de entrevistados,,PAN,11.9,600,4.3,Massive Caller,15,PONDERADO,Serie histórica sin etiqueta numérica en la fuente
2025-12-12,Jalisco,14067,Puerto Vallarta,INTENCION_PARTIDO,Total de entrevistados,,PAN,10.1,600,4.3,Massive Caller,15,PONDERADO,Serie histórica sin etiqueta numérica en la fuente
2026-01-12,Jalisco,14067,Puerto Vallarta,INTENCION_PARTIDO,Total de entrevistados,,PAN,11.9,600,4.3,Massive Caller,15,PONDERADO,Serie histórica sin etiqueta numérica en la fuente
2026-02-12,Jalisco,14067,Puerto Vallarta,INTENCION_PARTIDO,Total de entrevistados,,PAN,14.4,600,4.3,Massive Caller,15,PONDERADO,Serie histórica sin etiqueta numérica en la fuente
2026-03-12,Jalisco,14067,Puerto Vallarta,INTENCION_PARTIDO,Total de entrevistados,,PAN,15.5,600,4.3,Massive Caller,15,PONDERADO,Serie histórica sin etiqueta numérica en la fuente
2026-04-12,Jalisco,14067,Puerto Vallarta,INTENCION_PARTIDO,Total de entrevistados,,PAN,17.9,600,4.3,Massive Caller,15,PONDERADO,Serie histórica sin etiqueta numérica en la fuente
2026-05-12,Jalisco,14067,Puerto Vallarta,INTENCION_PARTIDO,Total de entrevistados,,PAN,20.6,600,4.3,Massive Caller,15,PONDERADO,Serie histórica sin etiqueta numérica en la fuente
2026-06-12,Jalisco,14067,Puerto Vallarta,INTENCION_PARTIDO,Total de entrevistados,,PAN,18.6,600,4.3,Massive Caller,15,PONDERADO,Serie histórica sin etiqueta numérica en la fuente
2026-07-12,Jalisco,14067,Puerto Vallarta,INTENCION_PARTIDO,Total de entrevistados,,PAN,15.2,600,4.3,Massive Caller,15,PONDERADO,Serie histórica sin etiqueta numérica en la fuente
2026-08-12,Jalisco,14067,Puerto Vallarta,INTENCION_PARTIDO,Total de entrevistados,,PAN,12.4,600,4.3,Massive Caller,15,LITERAL,
2025-08-12,Jalisco,14067,Puerto Vallarta,INTENCION_PARTIDO,Total de entrevistados,,PRI,11.1,600,4.3,Massive Caller,15,PONDERADO,Serie histórica sin etiqueta numérica en la fuente
2025-09-12,Jalisco,14067,Puerto Vallarta,INTENCION_PARTIDO,Total de entrevistados,,PRI,8.4,600,4.3,Massive Caller,15,PONDERADO,Serie histórica sin etiqueta numérica en la fuente
2025-10-12,Jalisco,14067,Puerto Vallarta,INTENCION_PARTIDO,Total de entrevistados,,PRI,5.8,600,4.3,Massive Caller,15,PONDERADO,Serie histórica sin etiqueta numérica en la fuente
2025-11-12,Jalisco,14067,Puerto Vallarta,INTENCION_PARTIDO,Total de entrevistados,,PRI,7.4,600,4.3,Massive Caller,15,PONDERADO,Serie histórica sin etiqueta numérica en la fuente
2025-12-12,Jalisco,14067,Puerto Vallarta,INTENCION_PARTIDO,Total de entrevistados,,PRI,10.8,600,4.3,Massive Caller,15,PONDERADO,Serie histórica sin etiqueta numérica en la fuente
2026-01-12,Jalisco,14067,Puerto Vallarta,INTENCION_PARTIDO,Total de entrevistados,,PRI,9.7,600,4.3,Massive Caller,15,PONDERADO,Serie histórica sin etiqueta numérica en la fuente
2026-02-12,Jalisco,14067,Puerto Vallarta,INTENCION_PARTIDO,Total de entrevistados,,PRI,10.3,600,4.3,Massive Caller,15,PONDERADO,Serie histórica sin etiqueta numérica en la fuente
2026-03-12,Jalisco,14067,Puerto Vallarta,INTENCION_PARTIDO,Total de entrevistados,,PRI,11.3,600,4.3,Massive Caller,15,PONDERADO,Serie histórica sin etiqueta numérica en la fuente
2026-04-12,Jalisco,14067,Puerto Vallarta,INTENCION_PARTIDO,Total de entrevistados,,PRI,9.1,600,4.3,Massive Caller,15,PONDERADO,Serie histórica sin etiqueta numérica en la fuente
2026-05-12,Jalisco,14067,Puerto Vallarta,INTENCION_PARTIDO,Total de entrevistados,,PRI,8.6,600,4.3,Massive Caller,15,PONDERADO,Serie histórica sin etiqueta numérica en la fuente
2026-06-12,Jalisco,14067,Puerto Vallarta,INTENCION_PARTIDO,Total de entrevistados,,PRI,11.6,600,4.3,Massive Caller,15,PONDERADO,Serie histórica sin etiqueta numérica en la fuente
2026-07-12,Jalisco,14067,Puerto Vallarta,INTENCION_PARTIDO,Total de entrevistados,,PRI,10.6,600,4.3,Massive Caller,15,PONDERADO,Serie histórica sin etiqueta numérica en la fuente
2026-08-12,Jalisco,14067,Puerto Vallarta,INTENCION_PARTIDO,Total de entrevistados,,PRI,11.6,600,4.3,Massive Caller,15,LITERAL,
2025-08-12,Jalisco,14067,Puerto Vallarta,INTENCION_PARTIDO,Total de entrevistados,,PT,5.1,600,4.3,Massive Caller,15,PONDERADO,Serie histórica sin etiqueta numérica en la fuente
2025-09-12,Jalisco,14067,Puerto Vallarta,INTENCION_PARTIDO,Total de entrevistados,,PT,5.6,600,4.3,Massive Caller,15,PONDERADO,Serie histórica sin etiqueta numérica en la fuente
2025-10-12,Jalisco,14067,Puerto Vallarta,INTENCION_PARTIDO,Total de entrevistados,,PT,3.7,600,4.3,Massive Caller,15,PONDERADO,Serie histórica sin etiqueta numérica en la fuente
2025-11-12,Jalisco,14067,Puerto Vallarta,INTENCION_PARTIDO,Total de entrevistados,,PT,5.4,600,4.3,Massive Caller,15,PONDERADO,Serie histórica sin etiqueta numérica en la fuente
2025-12-12,Jalisco,14067,Puerto Vallarta,INTENCION_PARTIDO,Total de entrevistados,,PT,4.6,600,4.3,Massive Caller,15,PONDERADO,Serie histórica sin etiqueta numérica en la fuente
2026-01-12,Jalisco,14067,Puerto Vallarta,INTENCION_PARTIDO,Total de entrevistados,,PT,3.2,600,4.3,Massive Caller,15,PONDERADO,Serie histórica sin etiqueta numérica en la fuente
2026-02-12,Jalisco,14067,Puerto Vallarta,INTENCION_PARTIDO,Total de entrevistados,,PT,6.6,600,4.3,Massive Caller,15,PONDERADO,Serie histórica sin etiqueta numérica en la fuente
2026-03-12,Jalisco,14067,Puerto Vallarta,INTENCION_PARTIDO,Total de entrevistados,,PT,5.6,600,4.3,Massive Caller,15,PONDERADO,Serie histórica sin etiqueta numérica en la fuente
2026-04-12,Jalisco,14067,Puerto Vallarta,INTENCION_PARTIDO,Total de entrevistados,,PT,4.8,600,4.3,Massive Caller,15,PONDERADO,Serie histórica sin etiqueta numérica en la fuente
2026-05-12,Jalisco,14067,Puerto Vallarta,INTENCION_PARTIDO,Total de entrevistados,,PT,4.0,600,4.3,Massive Caller,15,PONDERADO,Serie histórica sin etiqueta numérica en la fuente
2026-06-12,Jalisco,14067,Puerto Vallarta,INTENCION_PARTIDO,Total de entrevistados,,PT,4.6,600,4.3,Massive Caller,15,PONDERADO,Serie histórica sin etiqueta numérica en la fuente
2026-07-12,Jalisco,14067,Puerto Vallarta,INTENCION_PARTIDO,Total de entrevistados,,PT,7.8,600,4.3,Massive Caller,15,PONDERADO,Serie histórica sin etiqueta numérica en la fuente
2026-08-12,Jalisco,14067,Puerto Vallarta,INTENCION_PARTIDO,Total de entrevistados,,PT,5.3,600,4.3,Massive Caller,15,LITERAL,
2025-08-12,Jalisco,14067,Puerto Vallarta,INTENCION_PARTIDO,Total de entrevistados,,PVEM,7.4,600,4.3,Massive Caller,15,PONDERADO,Serie histórica sin etiqueta numérica en la fuente
2025-09-12,Jalisco,14067,Puerto Vallarta,INTENCION_PARTIDO,Total de entrevistados,,PVEM,7.2,600,4.3,Massive Caller,15,PONDERADO,Serie histórica sin etiqueta numérica en la fuente
2025-10-12,Jalisco,14067,Puerto Vallarta,INTENCION_PARTIDO,Total de entrevistados,,PVEM,7.5,600,4.3,Massive Caller,15,PONDERADO,Serie histórica sin etiqueta numérica en la fuente
2025-11-12,Jalisco,14067,Puerto Vallarta,INTENCION_PARTIDO,Total de entrevistados,,PVEM,4.0,600,4.3,Massive Caller,15,PONDERADO,Serie histórica sin etiqueta numérica en la fuente
2025-12-12,Jalisco,14067,Puerto Vallarta,INTENCION_PARTIDO,Total de entrevistados,,PVEM,6.8,600,4.3,Massive Caller,15,PONDERADO,Serie histórica sin etiqueta numérica en la fuente
2026-01-12,Jalisco,14067,Puerto Vallarta,INTENCION_PARTIDO,Total de entrevistados,,PVEM,5.4,600,4.3,Massive Caller,15,PONDERADO,Serie histórica sin etiqueta numérica en la fuente
2026-02-12,Jalisco,14067,Puerto Vallarta,INTENCION_PARTIDO,Total de entrevistados,,PVEM,3.7,600,4.3,Massive Caller,15,PONDERADO,Serie histórica sin etiqueta numérica en la fuente
2026-03-12,Jalisco,14067,Puerto Vallarta,INTENCION_PARTIDO,Total de entrevistados,,PVEM,4.9,600,4.3,Massive Caller,15,PONDERADO,Serie histórica sin etiqueta numérica en la fuente
2026-04-12,Jalisco,14067,Puerto Vallarta,INTENCION_PARTIDO,Total de entrevistados,,PVEM,5.6,600,4.3,Massive Caller,15,PONDERADO,Serie histórica sin etiqueta numérica en la fuente
2026-05-12,Jalisco,14067,Puerto Vallarta,INTENCION_PARTIDO,Total de entrevistados,,PVEM,4.4,600,4.3,Massive Caller,15,PONDERADO,Marcador ocluido. Cerrado por residual: 100 - 95.6 = 4.4. Única serie faltante de la ola.
2026-06-12,Jalisco,14067,Puerto Vallarta,INTENCION_PARTIDO,Total de entrevistados,,PVEM,5.2,600,4.3,Massive Caller,15,PONDERADO,Serie histórica sin etiqueta numérica en la fuente
2026-07-12,Jalisco,14067,Puerto Vallarta,INTENCION_PARTIDO,Total de entrevistados,,PVEM,4.5,600,4.3,Massive Caller,15,PONDERADO,Serie histórica sin etiqueta numérica en la fuente
2026-08-12,Jalisco,14067,Puerto Vallarta,INTENCION_PARTIDO,Total de entrevistados,,PVEM,3.7,600,4.3,Massive Caller,15,LITERAL,
2026-03-12,Jalisco,14067,Puerto Vallarta,PRECANDIDATO,Condicional: declarantes del partido,PAN,JUAN IGNACIO CALDERÓN IBARRÍA,40.3,600,4.3,Massive Caller,17,PONDERADO,Serie histórica sin etiqueta numérica en la fuente
2026-04-12,Jalisco,14067,Puerto Vallarta,PRECANDIDATO,Condicional: declarantes del partido,PAN,JUAN IGNACIO CALDERÓN IBARRÍA,42.4,600,4.3,Massive Caller,17,PONDERADO,Serie histórica sin etiqueta numérica en la fuente
2026-05-12,Jalisco,14067,Puerto Vallarta,PRECANDIDATO,Condicional: declarantes del partido,PAN,JUAN IGNACIO CALDERÓN IBARRÍA,45.5,600,4.3,Massive Caller,17,PONDERADO,Serie histórica sin etiqueta numérica en la fuente
2026-06-12,Jalisco,14067,Puerto Vallarta,PRECANDIDATO,Condicional: declarantes del partido,PAN,JUAN IGNACIO CALDERÓN IBARRÍA,48.9,600,4.3,Massive Caller,17,PONDERADO,Serie histórica sin etiqueta numérica en la fuente
2026-07-12,Jalisco,14067,Puerto Vallarta,PRECANDIDATO,Condicional: declarantes del partido,PAN,JUAN IGNACIO CALDERÓN IBARRÍA,46.9,600,4.3,Massive Caller,17,PONDERADO,Serie histórica sin etiqueta numérica en la fuente
2026-08-12,Jalisco,14067,Puerto Vallarta,PRECANDIDATO,Condicional: declarantes del partido,PAN,JUAN IGNACIO CALDERÓN IBARRÍA,43.7,600,4.3,Massive Caller,17,LITERAL,
2026-03-12,Jalisco,14067,Puerto Vallarta,PRECANDIDATO,Condicional: declarantes del partido,PAN,AÚN NO DECIDE,17.7,600,4.3,Massive Caller,17,PONDERADO,Serie histórica sin etiqueta numérica en la fuente
2026-04-12,Jalisco,14067,Puerto Vallarta,PRECANDIDATO,Condicional: declarantes del partido,PAN,AÚN NO DECIDE,18.5,600,4.3,Massive Caller,17,PONDERADO,Serie histórica sin etiqueta numérica en la fuente
2026-05-12,Jalisco,14067,Puerto Vallarta,PRECANDIDATO,Condicional: declarantes del partido,PAN,AÚN NO DECIDE,19.9,600,4.3,Massive Caller,17,PONDERADO,Serie histórica sin etiqueta numérica en la fuente
2026-06-12,Jalisco,14067,Puerto Vallarta,PRECANDIDATO,Condicional: declarantes del partido,PAN,AÚN NO DECIDE,16.1,600,4.3,Massive Caller,17,PONDERADO,Serie histórica sin etiqueta numérica en la fuente
2026-07-12,Jalisco,14067,Puerto Vallarta,PRECANDIDATO,Condicional: declarantes del partido,PAN,AÚN NO DECIDE,18.7,600,4.3,Massive Caller,17,PONDERADO,Serie histórica sin etiqueta numérica en la fuente
2026-08-12,Jalisco,14067,Puerto Vallarta,PRECANDIDATO,Condicional: declarantes del partido,PAN,AÚN NO DECIDE,21.8,600,4.3,Massive Caller,17,LITERAL,
2026-03-12,Jalisco,14067,Puerto Vallarta,PRECANDIDATO,Condicional: declarantes del partido,PAN,OTRO,22.6,600,4.3,Massive Caller,17,PONDERADO,Serie histórica sin etiqueta numérica en la fuente
2026-04-12,Jalisco,14067,Puerto Vallarta,PRECANDIDATO,Condicional: declarantes del partido,PAN,OTRO,21.2,600,4.3,Massive Caller,17,PONDERADO,Serie histórica sin etiqueta numérica en la fuente
2026-05-12,Jalisco,14067,Puerto Vallarta,PRECANDIDATO,Condicional: declarantes del partido,PAN,OTRO,18.9,600,4.3,Massive Caller,17,PONDERADO,Serie histórica sin etiqueta numérica en la fuente
2026-06-12,Jalisco,14067,Puerto Vallarta,PRECANDIDATO,Condicional: declarantes del partido,PAN,OTRO,20.2,600,4.3,Massive Caller,17,PONDERADO,Serie histórica sin etiqueta numérica en la fuente
2026-07-12,Jalisco,14067,Puerto Vallarta,PRECANDIDATO,Condicional: declarantes del partido,PAN,OTRO,21.9,600,4.3,Massive Caller,17,PONDERADO,Serie histórica sin etiqueta numérica en la fuente
2026-08-12,Jalisco,14067,Puerto Vallarta,PRECANDIDATO,Condicional: declarantes del partido,PAN,OTRO,19.2,600,4.3,Massive Caller,17,LITERAL,
2026-03-12,Jalisco,14067,Puerto Vallarta,PRECANDIDATO,Condicional: declarantes del partido,PAN,ARNULFO ORTEGA CONTRERAS (DON CHONITO),19.4,600,4.3,Massive Caller,17,PONDERADO,Serie histórica sin etiqueta numérica en la fuente
2026-04-12,Jalisco,14067,Puerto Vallarta,PRECANDIDATO,Condicional: declarantes del partido,PAN,ARNULFO ORTEGA CONTRERAS (DON CHONITO),17.8,600,4.3,Massive Caller,17,PONDERADO,Serie histórica sin etiqueta numérica en la fuente
2026-05-12,Jalisco,14067,Puerto Vallarta,PRECANDIDATO,Condicional: declarantes del partido,PAN,ARNULFO ORTEGA CONTRERAS (DON CHONITO),15.8,600,4.3,Massive Caller,17,PONDERADO,Serie histórica sin etiqueta numérica en la fuente
2026-06-12,Jalisco,14067,Puerto Vallarta,PRECANDIDATO,Condicional: declarantes del partido,PAN,ARNULFO ORTEGA CONTRERAS (DON CHONITO),14.9,600,4.3,Massive Caller,17,PONDERADO,Serie histórica sin etiqueta numérica en la fuente
2026-07-12,Jalisco,14067,Puerto Vallarta,PRECANDIDATO,Condicional: declarantes del partido,PAN,ARNULFO ORTEGA CONTRERAS (DON CHONITO),12.5,600,4.3,Massive Caller,17,PONDERADO,Serie histórica sin etiqueta numérica en la fuente
2026-08-12,Jalisco,14067,Puerto Vallarta,PRECANDIDATO,Condicional: declarantes del partido,PAN,ARNULFO ORTEGA CONTRERAS (DON CHONITO),15.3,600,4.3,Massive Caller,17,LITERAL,
2026-02-12,Jalisco,14067,Puerto Vallarta,PRECANDIDATO,Condicional: declarantes del partido,MORENA,RA AGUILAR ESTRADA,20.8,600,4.3,Massive Caller,19,PONDERADO,Serie histórica sin etiqueta numérica en la fuente
2026-03-12,Jalisco,14067,Puerto Vallarta,PRECANDIDATO,Condicional: declarantes del partido,MORENA,RA AGUILAR ESTRADA,22.6,600,4.3,Massive Caller,19,PONDERADO,Serie histórica sin etiqueta numérica en la fuente
2026-04-12,Jalisco,14067,Puerto Vallarta,PRECANDIDATO,Condicional: declarantes del partido,MORENA,RA AGUILAR ESTRADA,23.7,600,4.3,Massive Caller,19,PONDERADO,Serie histórica sin etiqueta numérica en la fuente
2026-05-12,Jalisco,14067,Puerto Vallarta,PRECANDIDATO,Condicional: declarantes del partido,MORENA,RA AGUILAR ESTRADA,22.2,600,4.3,Massive Caller,19,PONDERADO,Serie histórica sin etiqueta numérica en la fuente
2026-06-12,Jalisco,14067,Puerto Vallarta,PRECANDIDATO,Condicional: declarantes del partido,MORENA,RA AGUILAR ESTRADA,23.8,600,4.3,Massive Caller,19,PONDERADO,Serie histórica sin etiqueta numérica en la fuente
2026-07-12,Jalisco,14067,Puerto Vallarta,PRECANDIDATO,Condicional: declarantes del partido,MORENA,RA AGUILAR ESTRADA,25.7,600,4.3,Massive Caller,19,PONDERADO,Serie histórica sin etiqueta numérica en la fuente
2026-08-12,Jalisco,14067,Puerto Vallarta,PRECANDIDATO,Condicional: declarantes del partido,MORENA,RA AGUILAR ESTRADA,27.5,600,4.3,Massive Caller,19,LITERAL,
2026-02-12,Jalisco,14067,Puerto Vallarta,PRECANDIDATO,Condicional: declarantes del partido,MORENA,OTRO,22.5,600,4.3,Massive Caller,19,PONDERADO,Serie histórica sin etiqueta numérica en la fuente
2026-03-12,Jalisco,14067,Puerto Vallarta,PRECANDIDATO,Condicional: declarantes del partido,MORENA,OTRO,19.6,600,4.3,Massive Caller,19,PONDERADO,Serie histórica sin etiqueta numérica en la fuente
2026-04-12,Jalisco,14067,Puerto Vallarta,PRECANDIDATO,Condicional: declarantes del partido,MORENA,OTRO,18.1,600,4.3,Massive Caller,19,PONDERADO,Serie histórica sin etiqueta numérica en la fuente
2026-05-12,Jalisco,14067,Puerto Vallarta,PRECANDIDATO,Condicional: declarantes del partido,MORENA,OTRO,21.5,600,4.3,Massive Caller,19,PONDERADO,Serie histórica sin etiqueta numérica en la fuente
2026-06-12,Jalisco,14067,Puerto Vallarta,PRECANDIDATO,Condicional: declarantes del partido,MORENA,OTRO,20.6,600,4.3,Massive Caller,19,PONDERADO,Serie histórica sin etiqueta numérica en la fuente
2026-07-12,Jalisco,14067,Puerto Vallarta,PRECANDIDATO,Condicional: declarantes del partido,MORENA,OTRO,23.6,600,4.3,Massive Caller,19,PONDERADO,Serie histórica sin etiqueta numérica en la fuente
2026-08-12,Jalisco,14067,Puerto Vallarta,PRECANDIDATO,Condicional: declarantes del partido,MORENA,OTRO,25.3,600,4.3,Massive Caller,19,LITERAL,
2026-02-12,Jalisco,14067,Puerto Vallarta,PRECANDIDATO,Condicional: declarantes del partido,MORENA,AÚN NO DECIDE,20.0,600,4.3,Massive Caller,19,PONDERADO,Serie histórica sin etiqueta numérica en la fuente
2026-03-12,Jalisco,14067,Puerto Vallarta,PRECANDIDATO,Condicional: declarantes del partido,MORENA,AÚN NO DECIDE,18.6,600,4.3,Massive Caller,19,PONDERADO,Serie histórica sin etiqueta numérica en la fuente
2026-04-12,Jalisco,14067,Puerto Vallarta,PRECANDIDATO,Condicional: declarantes del partido,MORENA,AÚN NO DECIDE,20.0,600,4.3,Massive Caller,19,PONDERADO,Serie histórica sin etiqueta numérica en la fuente
2026-05-12,Jalisco,14067,Puerto Vallarta,PRECANDIDATO,Condicional: declarantes del partido,MORENA,AÚN NO DECIDE,19.5,600,4.3,Massive Caller,19,PONDERADO,Serie histórica sin etiqueta numérica en la fuente
2026-06-12,Jalisco,14067,Puerto Vallarta,PRECANDIDATO,Condicional: declarantes del partido,MORENA,AÚN NO DECIDE,18.1,600,4.3,Massive Caller,19,PONDERADO,Serie histórica sin etiqueta numérica en la fuente
2026-07-12,Jalisco,14067,Puerto Vallarta,PRECANDIDATO,Condicional: declarantes del partido,MORENA,AÚN NO DECIDE,19.6,600,4.3,Massive Caller,19,PONDERADO,Serie histórica sin etiqueta numérica en la fuente
2026-08-12,Jalisco,14067,Puerto Vallarta,PRECANDIDATO,Condicional: declarantes del partido,MORENA,AÚN NO DECIDE,15.5,600,4.3,Massive Caller,19,LITERAL,
2026-02-12,Jalisco,14067,Puerto Vallarta,PRECANDIDATO,Condicional: declarantes del partido,MORENA,FLOR ELIZABETH MICHEL LÓPEZ,11.7,600,4.3,Massive Caller,19,PONDERADO,Serie histórica sin etiqueta numérica en la fuente
2026-03-12,Jalisco,14067,Puerto Vallarta,PRECANDIDATO,Condicional: declarantes del partido,MORENA,FLOR ELIZABETH MICHEL LÓPEZ,13.4,600,4.3,Massive Caller,19,PONDERADO,Serie histórica sin etiqueta numérica en la fuente
2026-04-12,Jalisco,14067,Puerto Vallarta,PRECANDIDATO,Condicional: declarantes del partido,MORENA,FLOR ELIZABETH MICHEL LÓPEZ,14.3,600,4.3,Massive Caller,19,PONDERADO,Serie histórica sin etiqueta numérica en la fuente
2026-05-12,Jalisco,14067,Puerto Vallarta,PRECANDIDATO,Condicional: declarantes del partido,MORENA,FLOR ELIZABETH MICHEL LÓPEZ,12.5,600,4.3,Massive Caller,19,PONDERADO,Serie histórica sin etiqueta numérica en la fuente
2026-06-12,Jalisco,14067,Puerto Vallarta,PRECANDIDATO,Condicional: declarantes del partido,MORENA,FLOR ELIZABETH MICHEL LÓPEZ,13.6,600,4.3,Massive Caller,19,PONDERADO,Serie histórica sin etiqueta numérica en la fuente
2026-07-12,Jalisco,14067,Puerto Vallarta,PRECANDIDATO,Condicional: declarantes del partido,MORENA,FLOR ELIZABETH MICHEL LÓPEZ,12.2,600,4.3,Massive Caller,19,PONDERADO,Serie histórica sin etiqueta numérica en la fuente
2026-08-12,Jalisco,14067,Puerto Vallarta,PRECANDIDATO,Condicional: declarantes del partido,MORENA,FLOR ELIZABETH MICHEL LÓPEZ,11.5,600,4.3,Massive Caller,19,LITERAL,
2026-02-12,Jalisco,14067,Puerto Vallarta,PRECANDIDATO,Condicional: declarantes del partido,MORENA,BRUNO BLANCAS MERCADO,15.7,600,4.3,Massive Caller,19,PONDERADO,Serie histórica sin etiqueta numérica en la fuente
2026-03-12,Jalisco,14067,Puerto Vallarta,PRECANDIDATO,Condicional: declarantes del partido,MORENA,BRUNO BLANCAS MERCADO,14.5,600,4.3,Massive Caller,19,PONDERADO,Serie histórica sin etiqueta numérica en la fuente
2026-04-12,Jalisco,14067,Puerto Vallarta,PRECANDIDATO,Condicional: declarantes del partido,MORENA,BRUNO BLANCAS MERCADO,15.2,600,4.3,Massive Caller,19,PONDERADO,Serie histórica sin etiqueta numérica en la fuente
2026-05-12,Jalisco,14067,Puerto Vallarta,PRECANDIDATO,Condicional: declarantes del partido,MORENA,BRUNO BLANCAS MERCADO,14.6,600,4.3,Massive Caller,19,PONDERADO,Serie histórica sin etiqueta numérica en la fuente
2026-06-12,Jalisco,14067,Puerto Vallarta,PRECANDIDATO,Condicional: declarantes del partido,MORENA,BRUNO BLANCAS MERCADO,15.9,600,4.3,Massive Caller,19,PONDERADO,Serie histórica sin etiqueta numérica en la fuente
2026-07-12,Jalisco,14067,Puerto Vallarta,PRECANDIDATO,Condicional: declarantes del partido,MORENA,BRUNO BLANCAS MERCADO,10.1,600,4.3,Massive Caller,19,PONDERADO,Serie histórica sin etiqueta numérica en la fuente
2026-08-12,Jalisco,14067,Puerto Vallarta,PRECANDIDATO,Condicional: declarantes del partido,MORENA,BRUNO BLANCAS MERCADO,10.9,600,4.3,Massive Caller,19,LITERAL,
2026-02-12,Jalisco,14067,Puerto Vallarta,PRECANDIDATO,Condicional: declarantes del partido,MORENA,SARA MOSQUEDA TORRES,9.2,600,4.3,Massive Caller,19,PONDERADO,Serie histórica sin etiqueta numérica en la fuente
2026-03-12,Jalisco,14067,Puerto Vallarta,PRECANDIDATO,Condicional: declarantes del partido,MORENA,SARA MOSQUEDA TORRES,11.3,600,4.3,Massive Caller,19,PONDERADO,Serie histórica sin etiqueta numérica en la fuente
2026-04-12,Jalisco,14067,Puerto Vallarta,PRECANDIDATO,Condicional: declarantes del partido,MORENA,SARA MOSQUEDA TORRES,8.6,600,4.3,Massive Caller,19,PONDERADO,Serie histórica sin etiqueta numérica en la fuente
2026-05-12,Jalisco,14067,Puerto Vallarta,PRECANDIDATO,Condicional: declarantes del partido,MORENA,SARA MOSQUEDA TORRES,9.6,600,4.3,Massive Caller,19,PONDERADO,Serie histórica sin etiqueta numérica en la fuente
2026-06-12,Jalisco,14067,Puerto Vallarta,PRECANDIDATO,Condicional: declarantes del partido,MORENA,SARA MOSQUEDA TORRES,7.9,600,4.3,Massive Caller,19,PONDERADO,Serie histórica sin etiqueta numérica en la fuente
2026-07-12,Jalisco,14067,Puerto Vallarta,PRECANDIDATO,Condicional: declarantes del partido,MORENA,SARA MOSQUEDA TORRES,8.8,600,4.3,Massive Caller,19,PONDERADO,Serie histórica sin etiqueta numérica en la fuente
2026-08-12,Jalisco,14067,Puerto Vallarta,PRECANDIDATO,Condicional: declarantes del partido,MORENA,SARA MOSQUEDA TORRES,9.2,600,4.3,Massive Caller,19,LITERAL,
2026-02-12,Jalisco,14067,Puerto Vallarta,PRECANDIDATO,Condicional: declarantes del partido,MC,OTRO,,600,4.3,Massive Caller,21,AUSENTE,Marcador ocluido; no resuelto automáticamente
2026-03-12,Jalisco,14067,Puerto Vallarta,PRECANDIDATO,Condicional: declarantes del partido,MC,OTRO,,600,4.3,Massive Caller,21,AUSENTE,Marcador ocluido; no resuelto automáticamente
2026-04-12,Jalisco,14067,Puerto Vallarta,PRECANDIDATO,Condicional: declarantes del partido,MC,OTRO,,600,4.3,Massive Caller,21,AUSENTE,Marcador ocluido; no resuelto automáticamente
2026-05-12,Jalisco,14067,Puerto Vallarta,PRECANDIDATO,Condicional: declarantes del partido,MC,OTRO,25.6,600,4.3,Massive Caller,21,PONDERADO,Serie histórica sin etiqueta numérica en la fuente
2026-06-12,Jalisco,14067,Puerto Vallarta,PRECANDIDATO,Condicional: declarantes del partido,MC,OTRO,28.8,600,4.3,Massive Caller,21,PONDERADO,Serie histórica sin etiqueta numérica en la fuente
2026-07-12,Jalisco,14067,Puerto Vallarta,PRECANDIDATO,Condicional: declarantes del partido,MC,OTRO,26.9,600,4.3,Massive Caller,21,PONDERADO,Serie histórica sin etiqueta numérica en la fuente
2026-08-12,Jalisco,14067,Puerto Vallarta,PRECANDIDATO,Condicional: declarantes del partido,MC,OTRO,28.4,600,4.3,Massive Caller,21,LITERAL,
2026-02-12,Jalisco,14067,Puerto Vallarta,PRECANDIDATO,Condicional: declarantes del partido,MC,DIEGO FRANCO JIMÉNEZ,34.2,600,4.3,Massive Caller,21,PONDERADO,Serie histórica sin etiqueta numérica en la fuente
2026-03-12,Jalisco,14067,Puerto Vallarta,PRECANDIDATO,Condicional: declarantes del partido,MC,DIEGO FRANCO JIMÉNEZ,35.6,600,4.3,Massive Caller,21,PONDERADO,Serie histórica sin etiqueta numérica en la fuente
2026-04-12,Jalisco,14067,Puerto Vallarta,PRECANDIDATO,Condicional: declarantes del partido,MC,DIEGO FRANCO JIMÉNEZ,37.1,600,4.3,Massive Caller,21,PONDERADO,Serie histórica sin etiqueta numérica en la fuente
2026-05-12,Jalisco,14067,Puerto Vallarta,PRECANDIDATO,Condicional: declarantes del partido,MC,DIEGO FRANCO JIMÉNEZ,34.4,600,4.3,Massive Caller,21,PONDERADO,Serie histórica sin etiqueta numérica en la fuente
2026-06-12,Jalisco,14067,Puerto Vallarta,PRECANDIDATO,Condicional: declarantes del partido,MC,DIEGO FRANCO JIMÉNEZ,31.2,600,4.3,Massive Caller,21,PONDERADO,Serie histórica sin etiqueta numérica en la fuente
2026-07-12,Jalisco,14067,Puerto Vallarta,PRECANDIDATO,Condicional: declarantes del partido,MC,DIEGO FRANCO JIMÉNEZ,28.2,600,4.3,Massive Caller,21,PONDERADO,Serie histórica sin etiqueta numérica en la fuente
2026-08-12,Jalisco,14067,Puerto Vallarta,PRECANDIDATO,Condicional: declarantes del partido,MC,DIEGO FRANCO JIMÉNEZ,27.2,600,4.3,Massive Caller,21,LITERAL,
2026-02-12,Jalisco,14067,Puerto Vallarta,PRECANDIDATO,Condicional: declarantes del partido,MC,RAMÓN GUERRERO MARTÍNEZ,,600,4.3,Massive Caller,21,AUSENTE,Marcador ocluido; no resuelto automáticamente
2026-03-12,Jalisco,14067,Puerto Vallarta,PRECANDIDATO,Condicional: declarantes del partido,MC,RAMÓN GUERRERO MARTÍNEZ,,600,4.3,Massive Caller,21,AUSENTE,Marcador ocluido; no resuelto automáticamente
2026-04-12,Jalisco,14067,Puerto Vallarta,PRECANDIDATO,Condicional: declarantes del partido,MC,RAMÓN GUERRERO MARTÍNEZ,,600,4.3,Massive Caller,21,AUSENTE,Marcador ocluido; no resuelto automáticamente
2026-05-12,Jalisco,14067,Puerto Vallarta,PRECANDIDATO,Condicional: declarantes del partido,MC,RAMÓN GUERRERO MARTÍNEZ,18.9,600,4.3,Massive Caller,21,PONDERADO,Serie histórica sin etiqueta numérica en la fuente
2026-06-12,Jalisco,14067,Puerto Vallarta,PRECANDIDATO,Condicional: declarantes del partido,MC,RAMÓN GUERRERO MARTÍNEZ,21.1,600,4.3,Massive Caller,21,PONDERADO,Serie histórica sin etiqueta numérica en la fuente
2026-07-12,Jalisco,14067,Puerto Vallarta,PRECANDIDATO,Condicional: declarantes del partido,MC,RAMÓN GUERRERO MARTÍNEZ,24.4,600,4.3,Massive Caller,21,PONDERADO,Serie histórica sin etiqueta numérica en la fuente
2026-08-12,Jalisco,14067,Puerto Vallarta,PRECANDIDATO,Condicional: declarantes del partido,MC,RAMÓN GUERRERO MARTÍNEZ,25.9,600,4.3,Massive Caller,21,LITERAL,
2026-02-12,Jalisco,14067,Puerto Vallarta,PRECANDIDATO,Condicional: declarantes del partido,MC,AÚN NO DECIDE,26.3,600,4.3,Massive Caller,21,PONDERADO,Serie histórica sin etiqueta numérica en la fuente
2026-03-12,Jalisco,14067,Puerto Vallarta,PRECANDIDATO,Condicional: declarantes del partido,MC,AÚN NO DECIDE,24.3,600,4.3,Massive Caller,21,PONDERADO,Serie histórica sin etiqueta numérica en la fuente
2026-04-12,Jalisco,14067,Puerto Vallarta,PRECANDIDATO,Condicional: declarantes del partido,MC,AÚN NO DECIDE,26.8,600,4.3,Massive Caller,21,PONDERADO,Serie histórica sin etiqueta numérica en la fuente
2026-05-12,Jalisco,14067,Puerto Vallarta,PRECANDIDATO,Condicional: declarantes del partido,MC,AÚN NO DECIDE,21.1,600,4.3,Massive Caller,21,PONDERADO,Serie histórica sin etiqueta numérica en la fuente
2026-06-12,Jalisco,14067,Puerto Vallarta,PRECANDIDATO,Condicional: declarantes del partido,MC,AÚN NO DECIDE,18.9,600,4.3,Massive Caller,21,PONDERADO,Serie histórica sin etiqueta numérica en la fuente
2026-07-12,Jalisco,14067,Puerto Vallarta,PRECANDIDATO,Condicional: declarantes del partido,MC,AÚN NO DECIDE,20.5,600,4.3,Massive Caller,21,PONDERADO,Serie histórica sin etiqueta numérica en la fuente
2026-08-12,Jalisco,14067,Puerto Vallarta,PRECANDIDATO,Condicional: declarantes del partido,MC,AÚN NO DECIDE,18.5,600,4.3,Massive Caller,21,LITERAL,
2026-02-12,Jalisco,14067,Puerto Vallarta,PRECANDIDATO,Condicional: declarantes del partido,PVEM,LUIS ERNESTO MUNGUÍA GONZÁLEZ,58.3,600,4.3,Massive Caller,23,PONDERADO,Serie histórica sin etiqueta numérica en la fuente
2026-03-12,Jalisco,14067,Puerto Vallarta,PRECANDIDATO,Condicional: declarantes del partido,PVEM,LUIS ERNESTO MUNGUÍA GONZÁLEZ,59.6,600,4.3,Massive Caller,23,PONDERADO,Serie histórica sin etiqueta numérica en la fuente
2026-04-12,Jalisco,14067,Puerto Vallarta,PRECANDIDATO,Condicional: declarantes del partido,PVEM,LUIS ERNESTO MUNGUÍA GONZÁLEZ,62.0,600,4.3,Massive Caller,23,PONDERADO,Serie histórica sin etiqueta numérica en la fuente
2026-05-12,Jalisco,14067,Puerto Vallarta,PRECANDIDATO,Condicional: declarantes del partido,PVEM,LUIS ERNESTO MUNGUÍA GONZÁLEZ,60.8,600,4.3,Massive Caller,23,PONDERADO,Serie histórica sin etiqueta numérica en la fuente
2026-06-12,Jalisco,14067,Puerto Vallarta,PRECANDIDATO,Condicional: declarantes del partido,PVEM,LUIS ERNESTO MUNGUÍA GONZÁLEZ,63.0,600,4.3,Massive Caller,23,PONDERADO,Serie histórica sin etiqueta numérica en la fuente
2026-07-12,Jalisco,14067,Puerto Vallarta,PRECANDIDATO,Condicional: declarantes del partido,PVEM,LUIS ERNESTO MUNGUÍA GONZÁLEZ,60.5,600,4.3,Massive Caller,23,PONDERADO,Serie histórica sin etiqueta numérica en la fuente
2026-08-12,Jalisco,14067,Puerto Vallarta,PRECANDIDATO,Condicional: declarantes del partido,PVEM,LUIS ERNESTO MUNGUÍA GONZÁLEZ,63.3,600,4.3,Massive Caller,23,LITERAL,
2026-02-12,Jalisco,14067,Puerto Vallarta,PRECANDIDATO,Condicional: declarantes del partido,PVEM,AÚN NO DECIDE,20.9,600,4.3,Massive Caller,23,PONDERADO,Serie histórica sin etiqueta numérica en la fuente
2026-03-12,Jalisco,14067,Puerto Vallarta,PRECANDIDATO,Condicional: declarantes del partido,PVEM,AÚN NO DECIDE,19.3,600,4.3,Massive Caller,23,PONDERADO,Serie histórica sin etiqueta numérica en la fuente
2026-04-12,Jalisco,14067,Puerto Vallarta,PRECANDIDATO,Condicional: declarantes del partido,PVEM,AÚN NO DECIDE,18.2,600,4.3,Massive Caller,23,PONDERADO,Serie histórica sin etiqueta numérica en la fuente
2026-05-12,Jalisco,14067,Puerto Vallarta,PRECANDIDATO,Condicional: declarantes del partido,PVEM,AÚN NO DECIDE,19.6,600,4.3,Massive Caller,23,PONDERADO,Serie histórica sin etiqueta numérica en la fuente
2026-06-12,Jalisco,14067,Puerto Vallarta,PRECANDIDATO,Condicional: declarantes del partido,PVEM,AÚN NO DECIDE,21.2,600,4.3,Massive Caller,23,PONDERADO,Serie histórica sin etiqueta numérica en la fuente
2026-07-12,Jalisco,14067,Puerto Vallarta,PRECANDIDATO,Condicional: declarantes del partido,PVEM,AÚN NO DECIDE,19.7,600,4.3,Massive Caller,23,PONDERADO,Serie histórica sin etiqueta numérica en la fuente
2026-08-12,Jalisco,14067,Puerto Vallarta,PRECANDIDATO,Condicional: declarantes del partido,PVEM,AÚN NO DECIDE,16.7,600,4.3,Massive Caller,23,LITERAL,
2026-02-12,Jalisco,14067,Puerto Vallarta,PRECANDIDATO,Condicional: declarantes del partido,PVEM,OTRO,12.5,600,4.3,Massive Caller,23,PONDERADO,Serie histórica sin etiqueta numérica en la fuente
2026-03-12,Jalisco,14067,Puerto Vallarta,PRECANDIDATO,Condicional: declarantes del partido,PVEM,OTRO,14.5,600,4.3,Massive Caller,23,PONDERADO,Serie histórica sin etiqueta numérica en la fuente
2026-04-12,Jalisco,14067,Puerto Vallarta,PRECANDIDATO,Condicional: declarantes del partido,PVEM,OTRO,15.2,600,4.3,Massive Caller,23,PONDERADO,Serie histórica sin etiqueta numérica en la fuente
2026-05-12,Jalisco,14067,Puerto Vallarta,PRECANDIDATO,Condicional: declarantes del partido,PVEM,OTRO,13.7,600,4.3,Massive Caller,23,PONDERADO,Serie histórica sin etiqueta numérica en la fuente
2026-06-12,Jalisco,14067,Puerto Vallarta,PRECANDIDATO,Condicional: declarantes del partido,PVEM,OTRO,11.7,600,4.3,Massive Caller,23,PONDERADO,Serie histórica sin etiqueta numérica en la fuente
2026-07-12,Jalisco,14067,Puerto Vallarta,PRECANDIDATO,Condicional: declarantes del partido,PVEM,OTRO,13.6,600,4.3,Massive Caller,23,PONDERADO,Serie histórica sin etiqueta numérica en la fuente
2026-08-12,Jalisco,14067,Puerto Vallarta,PRECANDIDATO,Condicional: declarantes del partido,PVEM,OTRO,15.7,600,4.3,Massive Caller,23,LITERAL,
2026-02-12,Jalisco,14067,Puerto Vallarta,PRECANDIDATO,Condicional: declarantes del partido,PVEM,MELISSA MADERO PLASCENCIA,8.2,600,4.3,Massive Caller,23,PONDERADO,Serie histórica sin etiqueta numérica en la fuente
2026-03-12,Jalisco,14067,Puerto Vallarta,PRECANDIDATO,Condicional: declarantes del partido,PVEM,MELISSA MADERO PLASCENCIA,6.4,600,4.3,Massive Caller,23,PONDERADO,Serie histórica sin etiqueta numérica en la fuente
2026-04-12,Jalisco,14067,Puerto Vallarta,PRECANDIDATO,Condicional: declarantes del partido,PVEM,MELISSA MADERO PLASCENCIA,4.4,600,4.3,Massive Caller,23,PONDERADO,Serie histórica sin etiqueta numérica en la fuente
2026-05-12,Jalisco,14067,Puerto Vallarta,PRECANDIDATO,Condicional: declarantes del partido,PVEM,MELISSA MADERO PLASCENCIA,5.8,600,4.3,Massive Caller,23,PONDERADO,Serie histórica sin etiqueta numérica en la fuente
2026-06-12,Jalisco,14067,Puerto Vallarta,PRECANDIDATO,Condicional: declarantes del partido,PVEM,MELISSA MADERO PLASCENCIA,3.8,600,4.3,Massive Caller,23,PONDERADO,Serie histórica sin etiqueta numérica en la fuente
2026-07-12,Jalisco,14067,Puerto Vallarta,PRECANDIDATO,Condicional: declarantes del partido,PVEM,MELISSA MADERO PLASCENCIA,6.1,600,4.3,Massive Caller,23,PONDERADO,Serie histórica sin etiqueta numérica en la fuente
2026-08-12,Jalisco,14067,Puerto Vallarta,PRECANDIDATO,Condicional: declarantes del partido,PVEM,MELISSA MADERO PLASCENCIA,4.4,600,4.3,Massive Caller,23,LITERAL,
2025-08-12,Jalisco,14067,Puerto Vallarta,REELECCION,Total de entrevistados,PVEM,NO,63.7,600,4.3,Massive Caller,25,PONDERADO,Serie histórica sin etiqueta numérica en la fuente
2025-09-12,Jalisco,14067,Puerto Vallarta,REELECCION,Total de entrevistados,PVEM,NO,66.1,600,4.3,Massive Caller,25,PONDERADO,Serie histórica sin etiqueta numérica en la fuente
2025-10-12,Jalisco,14067,Puerto Vallarta,REELECCION,Total de entrevistados,PVEM,NO,68.3,600,4.3,Massive Caller,25,PONDERADO,Serie histórica sin etiqueta numérica en la fuente
2025-11-12,Jalisco,14067,Puerto Vallarta,REELECCION,Total de entrevistados,PVEM,NO,69.8,600,4.3,Massive Caller,25,PONDERADO,Serie histórica sin etiqueta numérica en la fuente
2025-12-12,Jalisco,14067,Puerto Vallarta,REELECCION,Total de entrevistados,PVEM,NO,68.7,600,4.3,Massive Caller,25,PONDERADO,Serie histórica sin etiqueta numérica en la fuente
2026-01-12,Jalisco,14067,Puerto Vallarta,REELECCION,Total de entrevistados,PVEM,NO,71.4,600,4.3,Massive Caller,25,PONDERADO,Serie histórica sin etiqueta numérica en la fuente
2026-02-12,Jalisco,14067,Puerto Vallarta,REELECCION,Total de entrevistados,PVEM,NO,74.4,600,4.3,Massive Caller,25,PONDERADO,Serie histórica sin etiqueta numérica en la fuente
2026-03-12,Jalisco,14067,Puerto Vallarta,REELECCION,Total de entrevistados,PVEM,NO,77.8,600,4.3,Massive Caller,25,PONDERADO,Serie histórica sin etiqueta numérica en la fuente
2026-04-12,Jalisco,14067,Puerto Vallarta,REELECCION,Total de entrevistados,PVEM,NO,76.3,600,4.3,Massive Caller,25,PONDERADO,Serie histórica sin etiqueta numérica en la fuente
2026-05-12,Jalisco,14067,Puerto Vallarta,REELECCION,Total de entrevistados,PVEM,NO,79.3,600,4.3,Massive Caller,25,PONDERADO,Serie histórica sin etiqueta numérica en la fuente
2026-06-12,Jalisco,14067,Puerto Vallarta,REELECCION,Total de entrevistados,PVEM,NO,82.7,600,4.3,Massive Caller,25,PONDERADO,Serie histórica sin etiqueta numérica en la fuente
2026-07-12,Jalisco,14067,Puerto Vallarta,REELECCION,Total de entrevistados,PVEM,NO,85.4,600,4.3,Massive Caller,25,PONDERADO,Serie histórica sin etiqueta numérica en la fuente
2026-08-12,Jalisco,14067,Puerto Vallarta,REELECCION,Total de entrevistados,PVEM,NO,84.4,600,4.3,Massive Caller,25,LITERAL,
2025-08-12,Jalisco,14067,Puerto Vallarta,REELECCION,Total de entrevistados,PVEM,SÍ,36.4,600,4.3,Massive Caller,25,PONDERADO,Serie histórica sin etiqueta numérica en la fuente
2025-09-12,Jalisco,14067,Puerto Vallarta,REELECCION,Total de entrevistados,PVEM,SÍ,34.0,600,4.3,Massive Caller,25,PONDERADO,Serie histórica sin etiqueta numérica en la fuente
2025-10-12,Jalisco,14067,Puerto Vallarta,REELECCION,Total de entrevistados,PVEM,SÍ,31.7,600,4.3,Massive Caller,25,PONDERADO,Serie histórica sin etiqueta numérica en la fuente
2025-11-12,Jalisco,14067,Puerto Vallarta,REELECCION,Total de entrevistados,PVEM,SÍ,30.2,600,4.3,Massive Caller,25,PONDERADO,Serie histórica sin etiqueta numérica en la fuente
2025-12-12,Jalisco,14067,Puerto Vallarta,REELECCION,Total de entrevistados,PVEM,SÍ,31.3,600,4.3,Massive Caller,25,PONDERADO,Serie histórica sin etiqueta numérica en la fuente
2026-01-12,Jalisco,14067,Puerto Vallarta,REELECCION,Total de entrevistados,PVEM,SÍ,28.6,600,4.3,Massive Caller,25,PONDERADO,Serie histórica sin etiqueta numérica en la fuente
2026-02-12,Jalisco,14067,Puerto Vallarta,REELECCION,Total de entrevistados,PVEM,SÍ,25.6,600,4.3,Massive Caller,25,PONDERADO,Serie histórica sin etiqueta numérica en la fuente
2026-03-12,Jalisco,14067,Puerto Vallarta,REELECCION,Total de entrevistados,PVEM,SÍ,22.2,600,4.3,Massive Caller,25,PONDERADO,Serie histórica sin etiqueta numérica en la fuente
2026-04-12,Jalisco,14067,Puerto Vallarta,REELECCION,Total de entrevistados,PVEM,SÍ,23.8,600,4.3,Massive Caller,25,PONDERADO,Serie histórica sin etiqueta numérica en la fuente
2026-05-12,Jalisco,14067,Puerto Vallarta,REELECCION,Total de entrevistados,PVEM,SÍ,20.7,600,4.3,Massive Caller,25,PONDERADO,Serie histórica sin etiqueta numérica en la fuente
2026-06-12,Jalisco,14067,Puerto Vallarta,REELECCION,Total de entrevistados,PVEM,SÍ,17.3,600,4.3,Massive Caller,25,PONDERADO,Serie histórica sin etiqueta numérica en la fuente
2026-07-12,Jalisco,14067,Puerto Vallarta,REELECCION,Total de entrevistados,PVEM,SÍ,14.6,600,4.3,Massive Caller,25,PONDERADO,Serie histórica sin etiqueta numérica en la fuente
2026-08-12,Jalisco,14067,Puerto Vallarta,REELECCION,Total de entrevistados,PVEM,SÍ,15.6,600,4.3,Massive Caller,25,LITERAL,
2025-08-12,Jalisco,14030,El Salto,INTENCION_PARTIDO,Total de entrevistados,,MORENA,39.1,600,4.3,Massive Caller,27,PONDERADO,Serie histórica sin etiqueta numérica en la fuente
2025-09-12,Jalisco,14030,El Salto,INTENCION_PARTIDO,Total de entrevistados,,MORENA,42.0,600,4.3,Massive Caller,27,PONDERADO,Serie histórica sin etiqueta numérica en la fuente
2025-10-12,Jalisco,14030,El Salto,INTENCION_PARTIDO,Total de entrevistados,,MORENA,39.2,600,4.3,Massive Caller,27,PONDERADO,Serie histórica sin etiqueta numérica en la fuente
2025-11-12,Jalisco,14030,El Salto,INTENCION_PARTIDO,Total de entrevistados,,MORENA,36.3,600,4.3,Massive Caller,27,PONDERADO,Serie histórica sin etiqueta numérica en la fuente
2025-12-12,Jalisco,14030,El Salto,INTENCION_PARTIDO,Total de entrevistados,,MORENA,37.9,600,4.3,Massive Caller,27,PONDERADO,Serie histórica sin etiqueta numérica en la fuente
2026-01-12,Jalisco,14030,El Salto,INTENCION_PARTIDO,Total de entrevistados,,MORENA,38.9,600,4.3,Massive Caller,27,PONDERADO,Serie histórica sin etiqueta numérica en la fuente
2026-02-12,Jalisco,14030,El Salto,INTENCION_PARTIDO,Total de entrevistados,,MORENA,40.0,600,4.3,Massive Caller,27,PONDERADO,Serie histórica sin etiqueta numérica en la fuente
2026-03-12,Jalisco,14030,El Salto,INTENCION_PARTIDO,Total de entrevistados,,MORENA,41.1,600,4.3,Massive Caller,27,PONDERADO,Serie histórica sin etiqueta numérica en la fuente
2026-04-12,Jalisco,14030,El Salto,INTENCION_PARTIDO,Total de entrevistados,,MORENA,39.6,600,4.3,Massive Caller,27,PONDERADO,Serie histórica sin etiqueta numérica en la fuente
2026-05-12,Jalisco,14030,El Salto,INTENCION_PARTIDO,Total de entrevistados,,MORENA,36.5,600,4.3,Massive Caller,27,PONDERADO,Serie histórica sin etiqueta numérica en la fuente
2026-06-12,Jalisco,14030,El Salto,INTENCION_PARTIDO,Total de entrevistados,,MORENA,39.7,600,4.3,Massive Caller,27,PONDERADO,Serie histórica sin etiqueta numérica en la fuente
2026-07-12,Jalisco,14030,El Salto,INTENCION_PARTIDO,Total de entrevistados,,MORENA,42.1,600,4.3,Massive Caller,27,PONDERADO,Serie histórica sin etiqueta numérica en la fuente
2026-08-12,Jalisco,14030,El Salto,INTENCION_PARTIDO,Total de entrevistados,,MORENA,39.2,600,4.3,Massive Caller,27,LITERAL,
2025-08-12,Jalisco,14030,El Salto,INTENCION_PARTIDO,Total de entrevistados,,MC,16.6,600,4.3,Massive Caller,27,PONDERADO,Marcador ocluido. Cerrado por residual: 100 - 83.4 = 16.6. Única serie faltante de la ola.
2025-09-12,Jalisco,14030,El Salto,INTENCION_PARTIDO,Total de entrevistados,,MC,15.8,600,4.3,Massive Caller,27,PONDERADO,Serie histórica sin etiqueta numérica en la fuente
2025-10-12,Jalisco,14030,El Salto,INTENCION_PARTIDO,Total de entrevistados,,MC,18.6,600,4.3,Massive Caller,27,PONDERADO,Serie histórica sin etiqueta numérica en la fuente
2025-11-12,Jalisco,14030,El Salto,INTENCION_PARTIDO,Total de entrevistados,,MC,19.1,600,4.3,Massive Caller,27,PONDERADO,Marcador ocluido. Cerrado por residual: 100 - 80.9 = 19.1. Única serie faltante de la ola.
2025-12-12,Jalisco,14030,El Salto,INTENCION_PARTIDO,Total de entrevistados,,MC,18.0,600,4.3,Massive Caller,27,PONDERADO,Serie histórica sin etiqueta numérica en la fuente
2026-01-12,Jalisco,14030,El Salto,INTENCION_PARTIDO,Total de entrevistados,,MC,17.8,600,4.3,Massive Caller,27,PONDERADO,Serie histórica sin etiqueta numérica en la fuente
2026-02-12,Jalisco,14030,El Salto,INTENCION_PARTIDO,Total de entrevistados,,MC,18.4,600,4.3,Massive Caller,27,PONDERADO,Serie histórica sin etiqueta numérica en la fuente
2026-03-12,Jalisco,14030,El Salto,INTENCION_PARTIDO,Total de entrevistados,,MC,16.2,600,4.3,Massive Caller,27,PONDERADO,Marcador ocluido. Cerrado por residual: 100 - 83.8 = 16.2. Única serie faltante de la ola.
2026-04-12,Jalisco,14030,El Salto,INTENCION_PARTIDO,Total de entrevistados,,MC,17.3,600,4.3,Massive Caller,27,PONDERADO,Serie histórica sin etiqueta numérica en la fuente
2026-05-12,Jalisco,14030,El Salto,INTENCION_PARTIDO,Total de entrevistados,,MC,20.1,600,4.3,Massive Caller,27,PONDERADO,Serie histórica sin etiqueta numérica en la fuente
2026-06-12,Jalisco,14030,El Salto,INTENCION_PARTIDO,Total de entrevistados,,MC,17.4,600,4.3,Massive Caller,27,PONDERADO,Serie histórica sin etiqueta numérica en la fuente
2026-07-12,Jalisco,14030,El Salto,INTENCION_PARTIDO,Total de entrevistados,,MC,19.9,600,4.3,Massive Caller,27,PONDERADO,Serie histórica sin etiqueta numérica en la fuente
2026-08-12,Jalisco,14030,El Salto,INTENCION_PARTIDO,Total de entrevistados,,MC,16.9,600,4.3,Massive Caller,27,LITERAL,
2025-08-12,Jalisco,14030,El Salto,INTENCION_PARTIDO,Total de entrevistados,,AÚN NO DECIDE,16.9,600,4.3,Massive Caller,27,PONDERADO,Serie histórica sin etiqueta numérica en la fuente
2025-09-12,Jalisco,14030,El Salto,INTENCION_PARTIDO,Total de entrevistados,,AÚN NO DECIDE,18.1,600,4.3,Massive Caller,27,PONDERADO,Serie histórica sin etiqueta numérica en la fuente
2025-10-12,Jalisco,14030,El Salto,INTENCION_PARTIDO,Total de entrevistados,,AÚN NO DECIDE,17.6,600,4.3,Massive Caller,27,PONDERADO,Serie histórica sin etiqueta numérica en la fuente
2025-11-12,Jalisco,14030,El Salto,INTENCION_PARTIDO,Total de entrevistados,,AÚN NO DECIDE,18.6,600,4.3,Massive Caller,27,PONDERADO,Serie histórica sin etiqueta numérica en la fuente
2025-12-12,Jalisco,14030,El Salto,INTENCION_PARTIDO,Total de entrevistados,,AÚN NO DECIDE,15.5,600,4.3,Massive Caller,27,PONDERADO,Serie histórica sin etiqueta numérica en la fuente
2026-01-12,Jalisco,14030,El Salto,INTENCION_PARTIDO,Total de entrevistados,,AÚN NO DECIDE,15.3,600,4.3,Massive Caller,27,PONDERADO,Serie histórica sin etiqueta numérica en la fuente
2026-02-12,Jalisco,14030,El Salto,INTENCION_PARTIDO,Total de entrevistados,,AÚN NO DECIDE,13.8,600,4.3,Massive Caller,27,PONDERADO,Serie histórica sin etiqueta numérica en la fuente
2026-03-12,Jalisco,14030,El Salto,INTENCION_PARTIDO,Total de entrevistados,,AÚN NO DECIDE,16.2,600,4.3,Massive Caller,27,PONDERADO,Serie histórica sin etiqueta numérica en la fuente
2026-04-12,Jalisco,14030,El Salto,INTENCION_PARTIDO,Total de entrevistados,,AÚN NO DECIDE,16.7,600,4.3,Massive Caller,27,PONDERADO,Serie histórica sin etiqueta numérica en la fuente
2026-05-12,Jalisco,14030,El Salto,INTENCION_PARTIDO,Total de entrevistados,,AÚN NO DECIDE,13.1,600,4.3,Massive Caller,27,PONDERADO,Serie histórica sin etiqueta numérica en la fuente
2026-06-12,Jalisco,14030,El Salto,INTENCION_PARTIDO,Total de entrevistados,,AÚN NO DECIDE,16.7,600,4.3,Massive Caller,27,PONDERADO,Serie histórica sin etiqueta numérica en la fuente
2026-07-12,Jalisco,14030,El Salto,INTENCION_PARTIDO,Total de entrevistados,,AÚN NO DECIDE,13.1,600,4.3,Massive Caller,27,PONDERADO,Serie histórica sin etiqueta numérica en la fuente
2026-08-12,Jalisco,14030,El Salto,INTENCION_PARTIDO,Total de entrevistados,,AÚN NO DECIDE,16.3,600,4.3,Massive Caller,27,LITERAL,
2025-08-12,Jalisco,14030,El Salto,INTENCION_PARTIDO,Total de entrevistados,,PRI,11.5,600,4.3,Massive Caller,27,PONDERADO,Serie histórica sin etiqueta numérica en la fuente
2025-09-12,Jalisco,14030,El Salto,INTENCION_PARTIDO,Total de entrevistados,,PRI,10.4,600,4.3,Massive Caller,27,PONDERADO,Serie histórica sin etiqueta numérica en la fuente
2025-10-12,Jalisco,14030,El Salto,INTENCION_PARTIDO,Total de entrevistados,,PRI,10.2,600,4.3,Massive Caller,27,PONDERADO,Serie histórica sin etiqueta numérica en la fuente
2025-11-12,Jalisco,14030,El Salto,INTENCION_PARTIDO,Total de entrevistados,,PRI,11.6,600,4.3,Massive Caller,27,PONDERADO,Serie histórica sin etiqueta numérica en la fuente
2025-12-12,Jalisco,14030,El Salto,INTENCION_PARTIDO,Total de entrevistados,,PRI,11.0,600,4.3,Massive Caller,27,PONDERADO,Serie histórica sin etiqueta numérica en la fuente
2026-01-12,Jalisco,14030,El Salto,INTENCION_PARTIDO,Total de entrevistados,,PRI,11.9,600,4.3,Massive Caller,27,PONDERADO,Serie histórica sin etiqueta numérica en la fuente
2026-02-12,Jalisco,14030,El Salto,INTENCION_PARTIDO,Total de entrevistados,,PRI,10.4,600,4.3,Massive Caller,27,PONDERADO,Serie histórica sin etiqueta numérica en la fuente
2026-03-12,Jalisco,14030,El Salto,INTENCION_PARTIDO,Total de entrevistados,,PRI,9.4,600,4.3,Massive Caller,27,PONDERADO,Serie histórica sin etiqueta numérica en la fuente
2026-04-12,Jalisco,14030,El Salto,INTENCION_PARTIDO,Total de entrevistados,,PRI,10.3,600,4.3,Massive Caller,27,PONDERADO,Serie histórica sin etiqueta numérica en la fuente
2026-05-12,Jalisco,14030,El Salto,INTENCION_PARTIDO,Total de entrevistados,,PRI,13.5,600,4.3,Massive Caller,27,PONDERADO,Marcador oculto tras AÚN NO DECIDE en el cruce; lectura por ampliación (y=539)
2026-06-12,Jalisco,14030,El Salto,INTENCION_PARTIDO,Total de entrevistados,,PRI,10.4,600,4.3,Massive Caller,27,PONDERADO,Serie histórica sin etiqueta numérica en la fuente
2026-07-12,Jalisco,14030,El Salto,INTENCION_PARTIDO,Total de entrevistados,,PRI,8.6,600,4.3,Massive Caller,27,PONDERADO,Serie histórica sin etiqueta numérica en la fuente
2026-08-12,Jalisco,14030,El Salto,INTENCION_PARTIDO,Total de entrevistados,,PRI,10.2,600,4.3,Massive Caller,27,LITERAL,
2025-08-12,Jalisco,14030,El Salto,INTENCION_PARTIDO,Total de entrevistados,,PAN,10.5,600,4.3,Massive Caller,27,PONDERADO,Serie histórica sin etiqueta numérica en la fuente
2025-09-12,Jalisco,14030,El Salto,INTENCION_PARTIDO,Total de entrevistados,,PAN,8.2,600,4.3,Massive Caller,27,PONDERADO,Serie histórica sin etiqueta numérica en la fuente
2025-10-12,Jalisco,14030,El Salto,INTENCION_PARTIDO,Total de entrevistados,,PAN,7.9,600,4.3,Massive Caller,27,PONDERADO,Serie histórica sin etiqueta numérica en la fuente
2025-11-12,Jalisco,14030,El Salto,INTENCION_PARTIDO,Total de entrevistados,,PAN,6.6,600,4.3,Massive Caller,27,PONDERADO,Serie histórica sin etiqueta numérica en la fuente
2025-12-12,Jalisco,14030,El Salto,INTENCION_PARTIDO,Total de entrevistados,,PAN,9.5,600,4.3,Massive Caller,27,PONDERADO,Serie histórica sin etiqueta numérica en la fuente
2026-01-12,Jalisco,14030,El Salto,INTENCION_PARTIDO,Total de entrevistados,,PAN,8.4,600,4.3,Massive Caller,27,PONDERADO,Serie histórica sin etiqueta numérica en la fuente
2026-02-12,Jalisco,14030,El Salto,INTENCION_PARTIDO,Total de entrevistados,,PAN,11.5,600,4.3,Massive Caller,27,PONDERADO,Serie histórica sin etiqueta numérica en la fuente
2026-03-12,Jalisco,14030,El Salto,INTENCION_PARTIDO,Total de entrevistados,,PAN,12.4,600,4.3,Massive Caller,27,PONDERADO,Serie histórica sin etiqueta numérica en la fuente
2026-04-12,Jalisco,14030,El Salto,INTENCION_PARTIDO,Total de entrevistados,,PAN,11.0,600,4.3,Massive Caller,27,PONDERADO,Serie histórica sin etiqueta numérica en la fuente
2026-05-12,Jalisco,14030,El Salto,INTENCION_PARTIDO,Total de entrevistados,,PAN,11.6,600,4.3,Massive Caller,27,PONDERADO,Serie histórica sin etiqueta numérica en la fuente
2026-06-12,Jalisco,14030,El Salto,INTENCION_PARTIDO,Total de entrevistados,,PAN,9.3,600,4.3,Massive Caller,27,PONDERADO,Serie histórica sin etiqueta numérica en la fuente
2026-07-12,Jalisco,14030,El Salto,INTENCION_PARTIDO,Total de entrevistados,,PAN,11.3,600,4.3,Massive Caller,27,PONDERADO,Serie histórica sin etiqueta numérica en la fuente
2026-08-12,Jalisco,14030,El Salto,INTENCION_PARTIDO,Total de entrevistados,,PAN,8.3,600,4.3,Massive Caller,27,LITERAL,
2025-08-12,Jalisco,14030,El Salto,INTENCION_PARTIDO,Total de entrevistados,,PT,2.5,600,4.3,Massive Caller,27,PONDERADO,Serie histórica sin etiqueta numérica en la fuente
2025-09-12,Jalisco,14030,El Salto,INTENCION_PARTIDO,Total de entrevistados,,PT,3.5,600,4.3,Massive Caller,27,PONDERADO,Serie histórica sin etiqueta numérica en la fuente
2025-10-12,Jalisco,14030,El Salto,INTENCION_PARTIDO,Total de entrevistados,,PT,3.7,600,4.3,Massive Caller,27,PONDERADO,Serie histórica sin etiqueta numérica en la fuente
2025-11-12,Jalisco,14030,El Salto,INTENCION_PARTIDO,Total de entrevistados,,PT,5.8,600,4.3,Massive Caller,27,PONDERADO,Serie histórica sin etiqueta numérica en la fuente
2025-12-12,Jalisco,14030,El Salto,INTENCION_PARTIDO,Total de entrevistados,,PT,4.5,600,4.3,Massive Caller,27,PONDERADO,Serie histórica sin etiqueta numérica en la fuente
2026-01-12,Jalisco,14030,El Salto,INTENCION_PARTIDO,Total de entrevistados,,PT,4.4,600,4.3,Massive Caller,27,PONDERADO,Serie histórica sin etiqueta numérica en la fuente
2026-02-12,Jalisco,14030,El Salto,INTENCION_PARTIDO,Total de entrevistados,,PT,3.6,600,4.3,Massive Caller,27,PONDERADO,Serie histórica sin etiqueta numérica en la fuente
2026-03-12,Jalisco,14030,El Salto,INTENCION_PARTIDO,Total de entrevistados,,PT,3.4,600,4.3,Massive Caller,27,PONDERADO,Serie histórica sin etiqueta numérica en la fuente
2026-04-12,Jalisco,14030,El Salto,INTENCION_PARTIDO,Total de entrevistados,,PT,3.5,600,4.3,Massive Caller,27,PONDERADO,Serie histórica sin etiqueta numérica en la fuente
2026-05-12,Jalisco,14030,El Salto,INTENCION_PARTIDO,Total de entrevistados,,PT,2.7,600,4.3,Massive Caller,27,PONDERADO,Serie histórica sin etiqueta numérica en la fuente
2026-06-12,Jalisco,14030,El Salto,INTENCION_PARTIDO,Total de entrevistados,,PT,4.8,600,4.3,Massive Caller,27,PONDERADO,Serie histórica sin etiqueta numérica en la fuente
2026-07-12,Jalisco,14030,El Salto,INTENCION_PARTIDO,Total de entrevistados,,PT,3.3,600,4.3,Massive Caller,27,PONDERADO,Serie histórica sin etiqueta numérica en la fuente
2026-08-12,Jalisco,14030,El Salto,INTENCION_PARTIDO,Total de entrevistados,,PT,5.3,600,4.3,Massive Caller,27,LITERAL,
2025-08-12,Jalisco,14030,El Salto,INTENCION_PARTIDO,Total de entrevistados,,PVEM,2.9,600,4.3,Massive Caller,27,PONDERADO,Marcador superpuesto exactamente con PT; lectura por ampliación (y=620)
2025-09-12,Jalisco,14030,El Salto,INTENCION_PARTIDO,Total de entrevistados,,PVEM,1.7,600,4.3,Massive Caller,27,PONDERADO,Serie histórica sin etiqueta numérica en la fuente
2025-10-12,Jalisco,14030,El Salto,INTENCION_PARTIDO,Total de entrevistados,,PVEM,2.7,600,4.3,Massive Caller,27,PONDERADO,Serie histórica sin etiqueta numérica en la fuente
2025-11-12,Jalisco,14030,El Salto,INTENCION_PARTIDO,Total de entrevistados,,PVEM,2.0,600,4.3,Massive Caller,27,PONDERADO,Serie histórica sin etiqueta numérica en la fuente
2025-12-12,Jalisco,14030,El Salto,INTENCION_PARTIDO,Total de entrevistados,,PVEM,3.4,600,4.3,Massive Caller,27,PONDERADO,Serie histórica sin etiqueta numérica en la fuente
2026-01-12,Jalisco,14030,El Salto,INTENCION_PARTIDO,Total de entrevistados,,PVEM,3.3,600,4.3,Massive Caller,27,PONDERADO,Serie histórica sin etiqueta numérica en la fuente
2026-02-12,Jalisco,14030,El Salto,INTENCION_PARTIDO,Total de entrevistados,,PVEM,2.1,600,4.3,Massive Caller,27,PONDERADO,Serie histórica sin etiqueta numérica en la fuente
2026-03-12,Jalisco,14030,El Salto,INTENCION_PARTIDO,Total de entrevistados,,PVEM,1.3,600,4.3,Massive Caller,27,PONDERADO,Serie histórica sin etiqueta numérica en la fuente
2026-04-12,Jalisco,14030,El Salto,INTENCION_PARTIDO,Total de entrevistados,,PVEM,1.5,600,4.3,Massive Caller,27,PONDERADO,Serie histórica sin etiqueta numérica en la fuente
2026-05-12,Jalisco,14030,El Salto,INTENCION_PARTIDO,Total de entrevistados,,PVEM,2.6,600,4.3,Massive Caller,27,PONDERADO,Marcador superpuesto con PT; lectura por ampliación (y=622)
2026-06-12,Jalisco,14030,El Salto,INTENCION_PARTIDO,Total de entrevistados,,PVEM,1.5,600,4.3,Massive Caller,27,PONDERADO,Serie histórica sin etiqueta numérica en la fuente
2026-07-12,Jalisco,14030,El Salto,INTENCION_PARTIDO,Total de entrevistados,,PVEM,1.7,600,4.3,Massive Caller,27,PONDERADO,Serie histórica sin etiqueta numérica en la fuente
2026-08-12,Jalisco,14030,El Salto,INTENCION_PARTIDO,Total de entrevistados,,PVEM,3.7,600,4.3,Massive Caller,27,LITERAL,
2026-03-12,Jalisco,14030,El Salto,PRECANDIDATO,Condicional: declarantes del partido,PAN,OTRO,22.6,600,4.3,Massive Caller,29,PONDERADO,Serie histórica sin etiqueta numérica en la fuente
2026-04-12,Jalisco,14030,El Salto,PRECANDIDATO,Condicional: declarantes del partido,PAN,OTRO,21.2,600,4.3,Massive Caller,29,PONDERADO,Serie histórica sin etiqueta numérica en la fuente
2026-05-12,Jalisco,14030,El Salto,PRECANDIDATO,Condicional: declarantes del partido,PAN,OTRO,22.9,600,4.3,Massive Caller,29,PONDERADO,Serie histórica sin etiqueta numérica en la fuente
2026-06-12,Jalisco,14030,El Salto,PRECANDIDATO,Condicional: declarantes del partido,PAN,OTRO,25.9,600,4.3,Massive Caller,29,PONDERADO,Serie histórica sin etiqueta numérica en la fuente
2026-07-12,Jalisco,14030,El Salto,PRECANDIDATO,Condicional: declarantes del partido,PAN,OTRO,28.1,600,4.3,Massive Caller,29,PONDERADO,Serie histórica sin etiqueta numérica en la fuente
2026-08-12,Jalisco,14030,El Salto,PRECANDIDATO,Condicional: declarantes del partido,PAN,OTRO,30.2,600,4.3,Massive Caller,29,LITERAL,
2026-03-12,Jalisco,14030,El Salto,PRECANDIDATO,Condicional: declarantes del partido,PAN,ADRIÁN FLORES VÉLEZ,30.6,600,4.3,Massive Caller,29,PONDERADO,Serie histórica sin etiqueta numérica en la fuente
2026-04-12,Jalisco,14030,El Salto,PRECANDIDATO,Condicional: declarantes del partido,PAN,ADRIÁN FLORES VÉLEZ,33.3,600,4.3,Massive Caller,29,PONDERADO,Serie histórica sin etiqueta numérica en la fuente
2026-05-12,Jalisco,14030,El Salto,PRECANDIDATO,Condicional: declarantes del partido,PAN,ADRIÁN FLORES VÉLEZ,35.5,600,4.3,Massive Caller,29,PONDERADO,Serie histórica sin etiqueta numérica en la fuente
2026-06-12,Jalisco,14030,El Salto,PRECANDIDATO,Condicional: declarantes del partido,PAN,ADRIÁN FLORES VÉLEZ,32.1,600,4.3,Massive Caller,29,PONDERADO,Serie histórica sin etiqueta numérica en la fuente
2026-07-12,Jalisco,14030,El Salto,PRECANDIDATO,Condicional: declarantes del partido,PAN,ADRIÁN FLORES VÉLEZ,29.2,600,4.3,Massive Caller,29,PONDERADO,Serie histórica sin etiqueta numérica en la fuente
2026-08-12,Jalisco,14030,El Salto,PRECANDIDATO,Condicional: declarantes del partido,PAN,ADRIÁN FLORES VÉLEZ,27.1,600,4.3,Massive Caller,29,LITERAL,
2026-03-12,Jalisco,14030,El Salto,PRECANDIDATO,Condicional: declarantes del partido,PAN,AÚN NO DECIDE,29.1,600,4.3,Massive Caller,29,PONDERADO,Serie histórica sin etiqueta numérica en la fuente
2026-04-12,Jalisco,14030,El Salto,PRECANDIDATO,Condicional: declarantes del partido,PAN,AÚN NO DECIDE,25.8,600,4.3,Massive Caller,29,PONDERADO,Serie histórica sin etiqueta numérica en la fuente
2026-05-12,Jalisco,14030,El Salto,PRECANDIDATO,Condicional: declarantes del partido,PAN,AÚN NO DECIDE,24.5,600,4.3,Massive Caller,29,PONDERADO,Serie histórica sin etiqueta numérica en la fuente
2026-06-12,Jalisco,14030,El Salto,PRECANDIDATO,Condicional: declarantes del partido,PAN,AÚN NO DECIDE,22.2,600,4.3,Massive Caller,29,PONDERADO,Serie histórica sin etiqueta numérica en la fuente
2026-07-12,Jalisco,14030,El Salto,PRECANDIDATO,Condicional: declarantes del partido,PAN,AÚN NO DECIDE,25.0,600,4.3,Massive Caller,29,PONDERADO,Serie histórica sin etiqueta numérica en la fuente
2026-08-12,Jalisco,14030,El Salto,PRECANDIDATO,Condicional: declarantes del partido,PAN,AÚN NO DECIDE,22.1,600,4.3,Massive Caller,29,LITERAL,
2026-03-12,Jalisco,14030,El Salto,PRECANDIDATO,Condicional: declarantes del partido,PAN,EFRÉN MENDOZA CARRILLO,17.7,600,4.3,Massive Caller,29,PONDERADO,Serie histórica sin etiqueta numérica en la fuente
2026-04-12,Jalisco,14030,El Salto,PRECANDIDATO,Condicional: declarantes del partido,PAN,EFRÉN MENDOZA CARRILLO,19.7,600,4.3,Massive Caller,29,PONDERADO,Serie histórica sin etiqueta numérica en la fuente
2026-05-12,Jalisco,14030,El Salto,PRECANDIDATO,Condicional: declarantes del partido,PAN,EFRÉN MENDOZA CARRILLO,17.1,600,4.3,Massive Caller,29,PONDERADO,Serie histórica sin etiqueta numérica en la fuente
2026-06-12,Jalisco,14030,El Salto,PRECANDIDATO,Condicional: declarantes del partido,PAN,EFRÉN MENDOZA CARRILLO,19.8,600,4.3,Massive Caller,29,PONDERADO,Serie histórica sin etiqueta numérica en la fuente
2026-07-12,Jalisco,14030,El Salto,PRECANDIDATO,Condicional: declarantes del partido,PAN,EFRÉN MENDOZA CARRILLO,17.7,600,4.3,Massive Caller,29,PONDERADO,Serie histórica sin etiqueta numérica en la fuente
2026-08-12,Jalisco,14030,El Salto,PRECANDIDATO,Condicional: declarantes del partido,PAN,EFRÉN MENDOZA CARRILLO,20.6,600,4.3,Massive Caller,29,LITERAL,
2026-05-12,Jalisco,14030,El Salto,PRECANDIDATO,Condicional: declarantes del partido,PRI,NALLELY RAQUEL GONZÁLEZ ÁLVAREZ,32.4,600,4.3,Massive Caller,31,PONDERADO,Serie histórica sin etiqueta numérica en la fuente
2026-06-12,Jalisco,14030,El Salto,PRECANDIDATO,Condicional: declarantes del partido,PRI,NALLELY RAQUEL GONZÁLEZ ÁLVAREZ,33.8,600,4.3,Massive Caller,31,PONDERADO,Serie histórica sin etiqueta numérica en la fuente
2026-07-12,Jalisco,14030,El Salto,PRECANDIDATO,Condicional: declarantes del partido,PRI,NALLELY RAQUEL GONZÁLEZ ÁLVAREZ,35.3,600,4.3,Massive Caller,31,PONDERADO,Serie histórica sin etiqueta numérica en la fuente
2026-08-12,Jalisco,14030,El Salto,PRECANDIDATO,Condicional: declarantes del partido,PRI,NALLELY RAQUEL GONZÁLEZ ÁLVAREZ,36.8,600,4.3,Massive Caller,31,LITERAL,
2026-05-12,Jalisco,14030,El Salto,PRECANDIDATO,Condicional: declarantes del partido,PRI,JOEL GONZÁLEZ DÍAZ,17.6,600,4.3,Massive Caller,31,PONDERADO,Serie histórica sin etiqueta numérica en la fuente
2026-06-12,Jalisco,14030,El Salto,PRECANDIDATO,Condicional: declarantes del partido,PRI,JOEL GONZÁLEZ DÍAZ,20.6,600,4.3,Massive Caller,31,PONDERADO,Serie histórica sin etiqueta numérica en la fuente
2026-07-12,Jalisco,14030,El Salto,PRECANDIDATO,Condicional: declarantes del partido,PRI,JOEL GONZÁLEZ DÍAZ,23.5,600,4.3,Massive Caller,31,PONDERADO,Serie histórica sin etiqueta numérica en la fuente
2026-08-12,Jalisco,14030,El Salto,PRECANDIDATO,Condicional: declarantes del partido,PRI,JOEL GONZÁLEZ DÍAZ,26.3,600,4.3,Massive Caller,31,LITERAL,
2026-05-12,Jalisco,14030,El Salto,PRECANDIDATO,Condicional: declarantes del partido,PRI,OTRO,29.4,600,4.3,Massive Caller,31,PONDERADO,Serie histórica sin etiqueta numérica en la fuente
2026-06-12,Jalisco,14030,El Salto,PRECANDIDATO,Condicional: declarantes del partido,PRI,OTRO,26.5,600,4.3,Massive Caller,31,PONDERADO,Serie histórica sin etiqueta numérica en la fuente
2026-07-12,Jalisco,14030,El Salto,PRECANDIDATO,Condicional: declarantes del partido,PRI,OTRO,24.5,600,4.3,Massive Caller,31,PONDERADO,Serie histórica sin etiqueta numérica en la fuente
2026-08-12,Jalisco,14030,El Salto,PRECANDIDATO,Condicional: declarantes del partido,PRI,OTRO,21.1,600,4.3,Massive Caller,31,LITERAL,
2026-05-12,Jalisco,14030,El Salto,PRECANDIDATO,Condicional: declarantes del partido,PRI,AÚN NO DECIDE,20.6,600,4.3,Massive Caller,31,PONDERADO,Serie histórica sin etiqueta numérica en la fuente
2026-06-12,Jalisco,14030,El Salto,PRECANDIDATO,Condicional: declarantes del partido,PRI,AÚN NO DECIDE,19.1,600,4.3,Massive Caller,31,PONDERADO,Serie histórica sin etiqueta numérica en la fuente
2026-07-12,Jalisco,14030,El Salto,PRECANDIDATO,Condicional: declarantes del partido,PRI,AÚN NO DECIDE,16.7,600,4.3,Massive Caller,31,PONDERADO,Serie histórica sin etiqueta numérica en la fuente
2026-08-12,Jalisco,14030,El Salto,PRECANDIDATO,Condicional: declarantes del partido,PRI,AÚN NO DECIDE,15.8,600,4.3,Massive Caller,31,LITERAL,
2026-04-12,Jalisco,14030,El Salto,PRECANDIDATO,Condicional: declarantes del partido,MORENA,"MARÍA ELENA ""NENA"" FARÍAS VILLAFÁN",,600,4.3,Massive Caller,33,AUSENTE,Marcador ocluido; no resuelto automáticamente
2026-05-12,Jalisco,14030,El Salto,PRECANDIDATO,Condicional: declarantes del partido,MORENA,"MARÍA ELENA ""NENA"" FARÍAS VILLAFÁN",29.0,600,4.3,Massive Caller,33,PONDERADO,Serie histórica sin etiqueta numérica en la fuente
2026-06-12,Jalisco,14030,El Salto,PRECANDIDATO,Condicional: declarantes del partido,MORENA,"MARÍA ELENA ""NENA"" FARÍAS VILLAFÁN",31.8,600,4.3,Massive Caller,33,PONDERADO,Serie histórica sin etiqueta numérica en la fuente
2026-07-12,Jalisco,14030,El Salto,PRECANDIDATO,Condicional: declarantes del partido,MORENA,"MARÍA ELENA ""NENA"" FARÍAS VILLAFÁN",34.7,600,4.3,Massive Caller,33,PONDERADO,Serie histórica sin etiqueta numérica en la fuente
2026-08-12,Jalisco,14030,El Salto,PRECANDIDATO,Condicional: declarantes del partido,MORENA,"MARÍA ELENA ""NENA"" FARÍAS VILLAFÁN",37.6,600,4.3,Massive Caller,33,LITERAL,
2026-04-12,Jalisco,14030,El Salto,PRECANDIDATO,Condicional: declarantes del partido,MORENA,OTRO,,600,4.3,Massive Caller,33,AUSENTE,Marcador ocluido; no resuelto automáticamente
2026-05-12,Jalisco,14030,El Salto,PRECANDIDATO,Condicional: declarantes del partido,MORENA,OTRO,26.9,600,4.3,Massive Caller,33,PONDERADO,Serie histórica sin etiqueta numérica en la fuente
2026-06-12,Jalisco,14030,El Salto,PRECANDIDATO,Condicional: declarantes del partido,MORENA,OTRO,26.0,600,4.3,Massive Caller,33,PONDERADO,Serie histórica sin etiqueta numérica en la fuente
2026-07-12,Jalisco,14030,El Salto,PRECANDIDATO,Condicional: declarantes del partido,MORENA,OTRO,26.6,600,4.3,Massive Caller,33,PONDERADO,Serie histórica sin etiqueta numérica en la fuente
2026-08-12,Jalisco,14030,El Salto,PRECANDIDATO,Condicional: declarantes del partido,MORENA,OTRO,24.7,600,4.3,Massive Caller,33,LITERAL,
2026-04-12,Jalisco,14030,El Salto,PRECANDIDATO,Condicional: declarantes del partido,MORENA,AÚN NO DECIDE,16.4,600,4.3,Massive Caller,33,PONDERADO,Serie histórica sin etiqueta numérica en la fuente
2026-05-12,Jalisco,14030,El Salto,PRECANDIDATO,Condicional: declarantes del partido,MORENA,AÚN NO DECIDE,18.9,600,4.3,Massive Caller,33,PONDERADO,Serie histórica sin etiqueta numérica en la fuente
2026-06-12,Jalisco,14030,El Salto,PRECANDIDATO,Condicional: declarantes del partido,MORENA,AÚN NO DECIDE,17.6,600,4.3,Massive Caller,33,PONDERADO,Serie histórica sin etiqueta numérica en la fuente
2026-07-12,Jalisco,14030,El Salto,PRECANDIDATO,Condicional: declarantes del partido,MORENA,AÚN NO DECIDE,19.4,600,4.3,Massive Caller,33,PONDERADO,Serie histórica sin etiqueta numérica en la fuente
2026-08-12,Jalisco,14030,El Salto,PRECANDIDATO,Condicional: declarantes del partido,MORENA,AÚN NO DECIDE,17.9,600,4.3,Massive Caller,33,LITERAL,
2026-04-12,Jalisco,14030,El Salto,PRECANDIDATO,Condicional: declarantes del partido,MORENA,ADRIÁN VENEGAS BERMÚDEZ,,600,4.3,Massive Caller,33,AUSENTE,Marcador ocluido; no resuelto automáticamente
2026-05-12,Jalisco,14030,El Salto,PRECANDIDATO,Condicional: declarantes del partido,MORENA,ADRIÁN VENEGAS BERMÚDEZ,,600,4.3,Massive Caller,33,AUSENTE,Marcador ocluido; no resuelto automáticamente
2026-06-12,Jalisco,14030,El Salto,PRECANDIDATO,Condicional: declarantes del partido,MORENA,ADRIÁN VENEGAS BERMÚDEZ,11.8,600,4.3,Massive Caller,33,PONDERADO,Serie histórica sin etiqueta numérica en la fuente
2026-07-12,Jalisco,14030,El Salto,PRECANDIDATO,Condicional: declarantes del partido,MORENA,ADRIÁN VENEGAS BERMÚDEZ,10.2,600,4.3,Massive Caller,33,PONDERADO,Serie histórica sin etiqueta numérica en la fuente
2026-08-12,Jalisco,14030,El Salto,PRECANDIDATO,Condicional: declarantes del partido,MORENA,ADRIÁN VENEGAS BERMÚDEZ,13.3,600,4.3,Massive Caller,33,LITERAL,
2026-04-12,Jalisco,14030,El Salto,PRECANDIDATO,Condicional: declarantes del partido,MORENA,GABRIEL PÉREZ PÉREZ,,600,4.3,Massive Caller,33,AUSENTE,Marcador ocluido; no resuelto automáticamente
2026-05-12,Jalisco,14030,El Salto,PRECANDIDATO,Condicional: declarantes del partido,MORENA,GABRIEL PÉREZ PÉREZ,,600,4.3,Massive Caller,33,AUSENTE,Marcador ocluido; no resuelto automáticamente
2026-06-12,Jalisco,14030,El Salto,PRECANDIDATO,Condicional: declarantes del partido,MORENA,GABRIEL PÉREZ PÉREZ,12.9,600,4.3,Massive Caller,33,PONDERADO,Serie histórica sin etiqueta numérica en la fuente
2026-07-12,Jalisco,14030,El Salto,PRECANDIDATO,Condicional: declarantes del partido,MORENA,GABRIEL PÉREZ PÉREZ,9.2,600,4.3,Massive Caller,33,PONDERADO,Serie histórica sin etiqueta numérica en la fuente
2026-08-12,Jalisco,14030,El Salto,PRECANDIDATO,Condicional: declarantes del partido,MORENA,GABRIEL PÉREZ PÉREZ,6.5,600,4.3,Massive Caller,33,LITERAL,
2026-05-12,Jalisco,14030,El Salto,PRECANDIDATO,Condicional: declarantes del partido,MC,AÚN NO DECIDE,24.5,600,4.3,Massive Caller,35,PONDERADO,Serie histórica sin etiqueta numérica en la fuente
2026-06-12,Jalisco,14030,El Salto,PRECANDIDATO,Condicional: declarantes del partido,MC,AÚN NO DECIDE,26.3,600,4.3,Massive Caller,35,PONDERADO,Serie histórica sin etiqueta numérica en la fuente
2026-07-12,Jalisco,14030,El Salto,PRECANDIDATO,Condicional: declarantes del partido,MC,AÚN NO DECIDE,28.7,600,4.3,Massive Caller,35,PONDERADO,Serie histórica sin etiqueta numérica en la fuente
2026-08-12,Jalisco,14030,El Salto,PRECANDIDATO,Condicional: declarantes del partido,MC,AÚN NO DECIDE,29.8,600,4.3,Massive Caller,35,LITERAL,
2026-05-12,Jalisco,14030,El Salto,PRECANDIDATO,Condicional: declarantes del partido,MC,OTRO,21.7,600,4.3,Massive Caller,35,PONDERADO,Serie histórica sin etiqueta numérica en la fuente
2026-06-12,Jalisco,14030,El Salto,PRECANDIDATO,Condicional: declarantes del partido,MC,OTRO,23.2,600,4.3,Massive Caller,35,PONDERADO,Serie histórica sin etiqueta numérica en la fuente
2026-07-12,Jalisco,14030,El Salto,PRECANDIDATO,Condicional: declarantes del partido,MC,OTRO,24.8,600,4.3,Massive Caller,35,PONDERADO,Serie histórica sin etiqueta numérica en la fuente
2026-08-12,Jalisco,14030,El Salto,PRECANDIDATO,Condicional: declarantes del partido,MC,OTRO,26.1,600,4.3,Massive Caller,35,LITERAL,
2026-05-12,Jalisco,14030,El Salto,PRECANDIDATO,Condicional: declarantes del partido,MC,ESTEFANÍA PADILLA MARTÍNEZ,25.5,600,4.3,Massive Caller,35,PONDERADO,Serie histórica sin etiqueta numérica en la fuente
2026-06-12,Jalisco,14030,El Salto,PRECANDIDATO,Condicional: declarantes del partido,MC,ESTEFANÍA PADILLA MARTÍNEZ,22.2,600,4.3,Massive Caller,35,PONDERADO,Serie histórica sin etiqueta numérica en la fuente
2026-07-12,Jalisco,14030,El Salto,PRECANDIDATO,Condicional: declarantes del partido,MC,ESTEFANÍA PADILLA MARTÍNEZ,20.8,600,4.3,Massive Caller,35,PONDERADO,Serie histórica sin etiqueta numérica en la fuente
2026-08-12,Jalisco,14030,El Salto,PRECANDIDATO,Condicional: declarantes del partido,MC,ESTEFANÍA PADILLA MARTÍNEZ,17.1,600,4.3,Massive Caller,35,LITERAL,
2026-05-12,Jalisco,14030,El Salto,PRECANDIDATO,Condicional: declarantes del partido,MC,RICARDO ZAID SANTILLÁN,20.8,600,4.3,Massive Caller,35,PONDERADO,Serie histórica sin etiqueta numérica en la fuente
2026-06-12,Jalisco,14030,El Salto,PRECANDIDATO,Condicional: declarantes del partido,MC,RICARDO ZAID SANTILLÁN,18.2,600,4.3,Massive Caller,35,PONDERADO,Serie histórica sin etiqueta numérica en la fuente
2026-07-12,Jalisco,14030,El Salto,PRECANDIDATO,Condicional: declarantes del partido,MC,RICARDO ZAID SANTILLÁN,16.8,600,4.3,Massive Caller,35,PONDERADO,Serie histórica sin etiqueta numérica en la fuente
2026-08-12,Jalisco,14030,El Salto,PRECANDIDATO,Condicional: declarantes del partido,MC,RICARDO ZAID SANTILLÁN,14.4,600,4.3,Massive Caller,35,LITERAL,
2026-05-12,Jalisco,14030,El Salto,PRECANDIDATO,Condicional: declarantes del partido,MC,JORGE ANTONIO VIDALES VARGAS,7.5,600,4.3,Massive Caller,35,PONDERADO,Serie histórica sin etiqueta numérica en la fuente
2026-06-12,Jalisco,14030,El Salto,PRECANDIDATO,Condicional: declarantes del partido,MC,JORGE ANTONIO VIDALES VARGAS,10.1,600,4.3,Massive Caller,35,PONDERADO,Serie histórica sin etiqueta numérica en la fuente
2026-07-12,Jalisco,14030,El Salto,PRECANDIDATO,Condicional: declarantes del partido,MC,JORGE ANTONIO VIDALES VARGAS,8.9,600,4.3,Massive Caller,35,PONDERADO,Serie histórica sin etiqueta numérica en la fuente
2026-08-12,Jalisco,14030,El Salto,PRECANDIDATO,Condicional: declarantes del partido,MC,JORGE ANTONIO VIDALES VARGAS,12.6,600,4.3,Massive Caller,35,LITERAL,
2025-11-12,Jalisco,14030,El Salto,REELECCION,Total de entrevistados,MORENA,NO,55.5,600,4.3,Massive Caller,37,PONDERADO,Serie histórica sin etiqueta numérica en la fuente
2025-12-12,Jalisco,14030,El Salto,REELECCION,Total de entrevistados,MORENA,NO,53.5,600,4.3,Massive Caller,37,PONDERADO,Serie histórica sin etiqueta numérica en la fuente
2026-01-12,Jalisco,14030,El Salto,REELECCION,Total de entrevistados,MORENA,NO,56.2,600,4.3,Massive Caller,37,PONDERADO,Serie histórica sin etiqueta numérica en la fuente
2026-02-12,Jalisco,14030,El Salto,REELECCION,Total de entrevistados,MORENA,NO,53.5,600,4.3,Massive Caller,37,PONDERADO,Serie histórica sin etiqueta numérica en la fuente
2026-03-12,Jalisco,14030,El Salto,REELECCION,Total de entrevistados,MORENA,NO,56.3,600,4.3,Massive Caller,37,PONDERADO,Serie histórica sin etiqueta numérica en la fuente
2026-04-12,Jalisco,14030,El Salto,REELECCION,Total de entrevistados,MORENA,NO,59.3,600,4.3,Massive Caller,37,PONDERADO,Serie histórica sin etiqueta numérica en la fuente
2026-05-12,Jalisco,14030,El Salto,REELECCION,Total de entrevistados,MORENA,NO,61.6,600,4.3,Massive Caller,37,PONDERADO,Serie histórica sin etiqueta numérica en la fuente
2026-06-12,Jalisco,14030,El Salto,REELECCION,Total de entrevistados,MORENA,NO,58.4,600,4.3,Massive Caller,37,PONDERADO,Serie histórica sin etiqueta numérica en la fuente
2026-07-12,Jalisco,14030,El Salto,REELECCION,Total de entrevistados,MORENA,NO,59.5,600,4.3,Massive Caller,37,PONDERADO,Serie histórica sin etiqueta numérica en la fuente
2026-08-12,Jalisco,14030,El Salto,REELECCION,Total de entrevistados,MORENA,NO,56.9,600,4.3,Massive Caller,37,LITERAL,
2025-11-12,Jalisco,14030,El Salto,REELECCION,Total de entrevistados,MORENA,SÍ,44.4,600,4.3,Massive Caller,37,PONDERADO,Serie histórica sin etiqueta numérica en la fuente
2025-12-12,Jalisco,14030,El Salto,REELECCION,Total de entrevistados,MORENA,SÍ,46.5,600,4.3,Massive Caller,37,PONDERADO,Serie histórica sin etiqueta numérica en la fuente
2026-01-12,Jalisco,14030,El Salto,REELECCION,Total de entrevistados,MORENA,SÍ,43.7,600,4.3,Massive Caller,37,PONDERADO,Serie histórica sin etiqueta numérica en la fuente
2026-02-12,Jalisco,14030,El Salto,REELECCION,Total de entrevistados,MORENA,SÍ,46.5,600,4.3,Massive Caller,37,PONDERADO,Serie histórica sin etiqueta numérica en la fuente
2026-03-12,Jalisco,14030,El Salto,REELECCION,Total de entrevistados,MORENA,SÍ,43.7,600,4.3,Massive Caller,37,PONDERADO,Serie histórica sin etiqueta numérica en la fuente
2026-04-12,Jalisco,14030,El Salto,REELECCION,Total de entrevistados,MORENA,SÍ,40.7,600,4.3,Massive Caller,37,PONDERADO,Serie histórica sin etiqueta numérica en la fuente
2026-05-12,Jalisco,14030,El Salto,REELECCION,Total de entrevistados,MORENA,SÍ,38.4,600,4.3,Massive Caller,37,PONDERADO,Serie histórica sin etiqueta numérica en la fuente
2026-06-12,Jalisco,14030,El Salto,REELECCION,Total de entrevistados,MORENA,SÍ,41.6,600,4.3,Massive Caller,37,PONDERADO,Serie histórica sin etiqueta numérica en la fuente
2026-07-12,Jalisco,14030,El Salto,REELECCION,Total de entrevistados,MORENA,SÍ,40.5,600,4.3,Massive Caller,37,PONDERADO,Serie histórica sin etiqueta numérica en la fuente
2026-08-12,Jalisco,14030,El Salto,REELECCION,Total de entrevistados,MORENA,SÍ,43.1,600,4.3,Massive Caller,37,LITERAL,
2025-08-12,Jalisco,14101,Tonalá,INTENCION_PARTIDO,Total de entrevistados,,MORENA,41.3,600,4.3,Massive Caller,65,PONDERADO,Serie histórica sin etiqueta numérica en la fuente
2025-09-12,Jalisco,14101,Tonalá,INTENCION_PARTIDO,Total de entrevistados,,MORENA,41.1,600,4.3,Massive Caller,65,PONDERADO,Serie histórica sin etiqueta numérica en la fuente
2025-10-12,Jalisco,14101,Tonalá,INTENCION_PARTIDO,Total de entrevistados,,MORENA,41.9,600,4.3,Massive Caller,65,PONDERADO,Serie histórica sin etiqueta numérica en la fuente
2025-11-12,Jalisco,14101,Tonalá,INTENCION_PARTIDO,Total de entrevistados,,MORENA,39.0,600,4.3,Massive Caller,65,PONDERADO,Serie histórica sin etiqueta numérica en la fuente
2025-12-12,Jalisco,14101,Tonalá,INTENCION_PARTIDO,Total de entrevistados,,MORENA,41.4,600,4.3,Massive Caller,65,PONDERADO,Serie histórica sin etiqueta numérica en la fuente
2026-01-12,Jalisco,14101,Tonalá,INTENCION_PARTIDO,Total de entrevistados,,MORENA,39.6,600,4.3,Massive Caller,65,PONDERADO,Serie histórica sin etiqueta numérica en la fuente
2026-02-12,Jalisco,14101,Tonalá,INTENCION_PARTIDO,Total de entrevistados,,MORENA,37.3,600,4.3,Massive Caller,65,PONDERADO,Serie histórica sin etiqueta numérica en la fuente
2026-03-12,Jalisco,14101,Tonalá,INTENCION_PARTIDO,Total de entrevistados,,MORENA,36.3,600,4.3,Massive Caller,65,PONDERADO,Serie histórica sin etiqueta numérica en la fuente
2026-04-12,Jalisco,14101,Tonalá,INTENCION_PARTIDO,Total de entrevistados,,MORENA,35.4,600,4.3,Massive Caller,65,PONDERADO,Serie histórica sin etiqueta numérica en la fuente
2026-05-12,Jalisco,14101,Tonalá,INTENCION_PARTIDO,Total de entrevistados,,MORENA,38.5,600,4.3,Massive Caller,65,PONDERADO,Serie histórica sin etiqueta numérica en la fuente
2026-06-12,Jalisco,14101,Tonalá,INTENCION_PARTIDO,Total de entrevistados,,MORENA,37.2,600,4.3,Massive Caller,65,PONDERADO,Serie histórica sin etiqueta numérica en la fuente
2026-07-12,Jalisco,14101,Tonalá,INTENCION_PARTIDO,Total de entrevistados,,MORENA,39.6,600,4.3,Massive Caller,65,PONDERADO,Serie histórica sin etiqueta numérica en la fuente
2026-08-12,Jalisco,14101,Tonalá,INTENCION_PARTIDO,Total de entrevistados,,MORENA,41.8,600,4.3,Massive Caller,65,LITERAL,
2025-08-12,Jalisco,14101,Tonalá,INTENCION_PARTIDO,Total de entrevistados,,AÚN NO DECIDE,15.8,600,4.3,Massive Caller,65,PONDERADO,Serie histórica sin etiqueta numérica en la fuente
2025-09-12,Jalisco,14101,Tonalá,INTENCION_PARTIDO,Total de entrevistados,,AÚN NO DECIDE,18.1,600,4.3,Massive Caller,65,PONDERADO,Serie histórica sin etiqueta numérica en la fuente
2025-10-12,Jalisco,14101,Tonalá,INTENCION_PARTIDO,Total de entrevistados,,AÚN NO DECIDE,18.4,600,4.3,Massive Caller,65,PONDERADO,Serie histórica sin etiqueta numérica en la fuente
2025-11-12,Jalisco,14101,Tonalá,INTENCION_PARTIDO,Total de entrevistados,,AÚN NO DECIDE,16.1,600,4.3,Massive Caller,65,PONDERADO,Serie histórica sin etiqueta numérica en la fuente
2025-12-12,Jalisco,14101,Tonalá,INTENCION_PARTIDO,Total de entrevistados,,AÚN NO DECIDE,13.4,600,4.3,Massive Caller,65,PONDERADO,Serie histórica sin etiqueta numérica en la fuente
2026-01-12,Jalisco,14101,Tonalá,INTENCION_PARTIDO,Total de entrevistados,,AÚN NO DECIDE,14.4,600,4.3,Massive Caller,65,PONDERADO,Serie histórica sin etiqueta numérica en la fuente
2026-02-12,Jalisco,14101,Tonalá,INTENCION_PARTIDO,Total de entrevistados,,AÚN NO DECIDE,16.9,600,4.3,Massive Caller,65,PONDERADO,Serie histórica sin etiqueta numérica en la fuente
2026-03-12,Jalisco,14101,Tonalá,INTENCION_PARTIDO,Total de entrevistados,,AÚN NO DECIDE,18.1,600,4.3,Massive Caller,65,PONDERADO,Serie histórica sin etiqueta numérica en la fuente
2026-04-12,Jalisco,14101,Tonalá,INTENCION_PARTIDO,Total de entrevistados,,AÚN NO DECIDE,19.3,600,4.3,Massive Caller,65,PONDERADO,Serie histórica sin etiqueta numérica en la fuente
2026-05-12,Jalisco,14101,Tonalá,INTENCION_PARTIDO,Total de entrevistados,,AÚN NO DECIDE,16.3,600,4.3,Massive Caller,65,PONDERADO,Serie histórica sin etiqueta numérica en la fuente
2026-06-12,Jalisco,14101,Tonalá,INTENCION_PARTIDO,Total de entrevistados,,AÚN NO DECIDE,14.4,600,4.3,Massive Caller,65,PONDERADO,Serie histórica sin etiqueta numérica en la fuente
2026-07-12,Jalisco,14101,Tonalá,INTENCION_PARTIDO,Total de entrevistados,,AÚN NO DECIDE,15.2,600,4.3,Massive Caller,65,PONDERADO,Serie histórica sin etiqueta numérica en la fuente
2026-08-12,Jalisco,14101,Tonalá,INTENCION_PARTIDO,Total de entrevistados,,AÚN NO DECIDE,14.9,600,4.3,Massive Caller,65,LITERAL,
2025-08-12,Jalisco,14101,Tonalá,INTENCION_PARTIDO,Total de entrevistados,,MC,9.5,600,4.3,Massive Caller,65,PONDERADO,Serie histórica sin etiqueta numérica en la fuente
2025-09-12,Jalisco,14101,Tonalá,INTENCION_PARTIDO,Total de entrevistados,,MC,9.3,600,4.3,Massive Caller,65,PONDERADO,Serie histórica sin etiqueta numérica en la fuente
2025-10-12,Jalisco,14101,Tonalá,INTENCION_PARTIDO,Total de entrevistados,,MC,10.3,600,4.3,Massive Caller,65,PONDERADO,Serie histórica sin etiqueta numérica en la fuente
2025-11-12,Jalisco,14101,Tonalá,INTENCION_PARTIDO,Total de entrevistados,,MC,13.2,600,4.3,Massive Caller,65,PONDERADO,Serie histórica sin etiqueta numérica en la fuente
2025-12-12,Jalisco,14101,Tonalá,INTENCION_PARTIDO,Total de entrevistados,,MC,12.2,600,4.3,Massive Caller,65,PONDERADO,Serie histórica sin etiqueta numérica en la fuente
2026-01-12,Jalisco,14101,Tonalá,INTENCION_PARTIDO,Total de entrevistados,,MC,13.5,600,4.3,Massive Caller,65,PONDERADO,Serie histórica sin etiqueta numérica en la fuente
2026-02-12,Jalisco,14101,Tonalá,INTENCION_PARTIDO,Total de entrevistados,,MC,14.3,600,4.3,Massive Caller,65,PONDERADO,Serie histórica sin etiqueta numérica en la fuente
2026-03-12,Jalisco,14101,Tonalá,INTENCION_PARTIDO,Total de entrevistados,,MC,15.7,600,4.3,Massive Caller,65,PONDERADO,Serie histórica sin etiqueta numérica en la fuente
2026-04-12,Jalisco,14101,Tonalá,INTENCION_PARTIDO,Total de entrevistados,,MC,13.6,600,4.3,Massive Caller,65,PONDERADO,Serie histórica sin etiqueta numérica en la fuente
2026-05-12,Jalisco,14101,Tonalá,INTENCION_PARTIDO,Total de entrevistados,,MC,11.6,600,4.3,Massive Caller,65,PONDERADO,Serie histórica sin etiqueta numérica en la fuente
2026-06-12,Jalisco,14101,Tonalá,INTENCION_PARTIDO,Total de entrevistados,,MC,14.6,600,4.3,Massive Caller,65,PONDERADO,Marcador ocluido. Cerrado por residual: 100 - 85.4 = 14.6. Única serie faltante de la ola.
2026-07-12,Jalisco,14101,Tonalá,INTENCION_PARTIDO,Total de entrevistados,,MC,11.9,600,4.3,Massive Caller,65,PONDERADO,Serie histórica sin etiqueta numérica en la fuente
2026-08-12,Jalisco,14101,Tonalá,INTENCION_PARTIDO,Total de entrevistados,,MC,13.2,600,4.3,Massive Caller,65,LITERAL,
2025-08-12,Jalisco,14101,Tonalá,INTENCION_PARTIDO,Total de entrevistados,,PRI,15.3,600,4.3,Massive Caller,65,PONDERADO,Marcador ocluido. Cerrado por residual: 100 - 84.7 = 15.3. Única serie faltante de la ola.
2025-09-12,Jalisco,14101,Tonalá,INTENCION_PARTIDO,Total de entrevistados,,PRI,12.9,600,4.3,Massive Caller,65,PONDERADO,Serie histórica sin etiqueta numérica en la fuente
2025-10-12,Jalisco,14101,Tonalá,INTENCION_PARTIDO,Total de entrevistados,,PRI,11.6,600,4.3,Massive Caller,65,PONDERADO,Serie histórica sin etiqueta numérica en la fuente
2025-11-12,Jalisco,14101,Tonalá,INTENCION_PARTIDO,Total de entrevistados,,PRI,13.2,600,4.3,Massive Caller,65,PONDERADO,Marcador ocluido. Cerrado por residual: 100 - 86.8 = 13.2. Única serie faltante de la ola.
2025-12-12,Jalisco,14101,Tonalá,INTENCION_PARTIDO,Total de entrevistados,,PRI,14.8,600,4.3,Massive Caller,65,PONDERADO,Serie histórica sin etiqueta numérica en la fuente
2026-01-12,Jalisco,14101,Tonalá,INTENCION_PARTIDO,Total de entrevistados,,PRI,13.1,600,4.3,Massive Caller,65,PONDERADO,Serie histórica sin etiqueta numérica en la fuente
2026-02-12,Jalisco,14101,Tonalá,INTENCION_PARTIDO,Total de entrevistados,,PRI,11.7,600,4.3,Massive Caller,65,PONDERADO,Serie histórica sin etiqueta numérica en la fuente
2026-03-12,Jalisco,14101,Tonalá,INTENCION_PARTIDO,Total de entrevistados,,PRI,10.3,600,4.3,Massive Caller,65,PONDERADO,Serie histórica sin etiqueta numérica en la fuente
2026-04-12,Jalisco,14101,Tonalá,INTENCION_PARTIDO,Total de entrevistados,,PRI,12.1,600,4.3,Massive Caller,65,PONDERADO,Serie histórica sin etiqueta numérica en la fuente
2026-05-12,Jalisco,14101,Tonalá,INTENCION_PARTIDO,Total de entrevistados,,PRI,15.1,600,4.3,Massive Caller,65,PONDERADO,Serie histórica sin etiqueta numérica en la fuente
2026-06-12,Jalisco,14101,Tonalá,INTENCION_PARTIDO,Total de entrevistados,,PRI,13.6,600,4.3,Massive Caller,65,PONDERADO,Serie histórica sin etiqueta numérica en la fuente
2026-07-12,Jalisco,14101,Tonalá,INTENCION_PARTIDO,Total de entrevistados,,PRI,14.2,600,4.3,Massive Caller,65,PONDERADO,Serie histórica sin etiqueta numérica en la fuente
2026-08-12,Jalisco,14101,Tonalá,INTENCION_PARTIDO,Total de entrevistados,,PRI,12.7,600,4.3,Massive Caller,65,LITERAL,
2025-08-12,Jalisco,14101,Tonalá,INTENCION_PARTIDO,Total de entrevistados,,PAN,11.8,600,4.3,Massive Caller,65,PONDERADO,Serie histórica sin etiqueta numérica en la fuente
2025-09-12,Jalisco,14101,Tonalá,INTENCION_PARTIDO,Total de entrevistados,,PAN,9.9,600,4.3,Massive Caller,65,PONDERADO,Serie histórica sin etiqueta numérica en la fuente
2025-10-12,Jalisco,14101,Tonalá,INTENCION_PARTIDO,Total de entrevistados,,PAN,11.1,600,4.3,Massive Caller,65,PONDERADO,Marcador ocluido. Cerrado por residual: 100 - 88.9 = 11.1. Única serie faltante de la ola.
2025-11-12,Jalisco,14101,Tonalá,INTENCION_PARTIDO,Total de entrevistados,,PAN,10.6,600,4.3,Massive Caller,65,PONDERADO,Serie histórica sin etiqueta numérica en la fuente
2025-12-12,Jalisco,14101,Tonalá,INTENCION_PARTIDO,Total de entrevistados,,PAN,11.1,600,4.3,Massive Caller,65,PONDERADO,Serie histórica sin etiqueta numérica en la fuente
2026-01-12,Jalisco,14101,Tonalá,INTENCION_PARTIDO,Total de entrevistados,,PAN,12.2,600,4.3,Massive Caller,65,PONDERADO,Serie histórica sin etiqueta numérica en la fuente
2026-02-12,Jalisco,14101,Tonalá,INTENCION_PARTIDO,Total de entrevistados,,PAN,13.3,600,4.3,Massive Caller,65,PONDERADO,Serie histórica sin etiqueta numérica en la fuente
2026-03-12,Jalisco,14101,Tonalá,INTENCION_PARTIDO,Total de entrevistados,,PAN,14.4,600,4.3,Massive Caller,65,PONDERADO,Serie histórica sin etiqueta numérica en la fuente
2026-04-12,Jalisco,14101,Tonalá,INTENCION_PARTIDO,Total de entrevistados,,PAN,13.0,600,4.3,Massive Caller,65,PONDERADO,Serie histórica sin etiqueta numérica en la fuente
2026-05-12,Jalisco,14101,Tonalá,INTENCION_PARTIDO,Total de entrevistados,,PAN,14.3,600,4.3,Massive Caller,65,PONDERADO,Serie histórica sin etiqueta numérica en la fuente
2026-06-12,Jalisco,14101,Tonalá,INTENCION_PARTIDO,Total de entrevistados,,PAN,15.6,600,4.3,Massive Caller,65,PONDERADO,Serie histórica sin etiqueta numérica en la fuente
2026-07-12,Jalisco,14101,Tonalá,INTENCION_PARTIDO,Total de entrevistados,,PAN,14.8,600,4.3,Massive Caller,65,PONDERADO,Serie histórica sin etiqueta numérica en la fuente
2026-08-12,Jalisco,14101,Tonalá,INTENCION_PARTIDO,Total de entrevistados,,PAN,11.5,600,4.3,Massive Caller,65,LITERAL,
2025-08-12,Jalisco,14101,Tonalá,INTENCION_PARTIDO,Total de entrevistados,,PT,4.7,600,4.3,Massive Caller,65,PONDERADO,Serie histórica sin etiqueta numérica en la fuente
2025-09-12,Jalisco,14101,Tonalá,INTENCION_PARTIDO,Total de entrevistados,,PT,6.9,600,4.3,Massive Caller,65,PONDERADO,Serie histórica sin etiqueta numérica en la fuente
2025-10-12,Jalisco,14101,Tonalá,INTENCION_PARTIDO,Total de entrevistados,,PT,4.4,600,4.3,Massive Caller,65,PONDERADO,Serie histórica sin etiqueta numérica en la fuente
2025-11-12,Jalisco,14101,Tonalá,INTENCION_PARTIDO,Total de entrevistados,,PT,6.2,600,4.3,Massive Caller,65,PONDERADO,Serie histórica sin etiqueta numérica en la fuente
2025-12-12,Jalisco,14101,Tonalá,INTENCION_PARTIDO,Total de entrevistados,,PT,3.3,600,4.3,Massive Caller,65,PONDERADO,Serie histórica sin etiqueta numérica en la fuente
2026-01-12,Jalisco,14101,Tonalá,INTENCION_PARTIDO,Total de entrevistados,,PT,4.2,600,4.3,Massive Caller,65,PONDERADO,Serie histórica sin etiqueta numérica en la fuente
2026-02-12,Jalisco,14101,Tonalá,INTENCION_PARTIDO,Total de entrevistados,,PT,4.3,600,4.3,Massive Caller,65,PONDERADO,Serie histórica sin etiqueta numérica en la fuente
2026-03-12,Jalisco,14101,Tonalá,INTENCION_PARTIDO,Total de entrevistados,,PT,3.7,600,4.3,Massive Caller,65,PONDERADO,Serie histórica sin etiqueta numérica en la fuente
2026-04-12,Jalisco,14101,Tonalá,INTENCION_PARTIDO,Total de entrevistados,,PT,4.2,600,4.3,Massive Caller,65,PONDERADO,Serie histórica sin etiqueta numérica en la fuente
2026-05-12,Jalisco,14101,Tonalá,INTENCION_PARTIDO,Total de entrevistados,,PT,3.2,600,4.3,Massive Caller,65,PONDERADO,Serie histórica sin etiqueta numérica en la fuente
2026-06-12,Jalisco,14101,Tonalá,INTENCION_PARTIDO,Total de entrevistados,,PT,2.9,600,4.3,Massive Caller,65,PONDERADO,Serie histórica sin etiqueta numérica en la fuente
2026-07-12,Jalisco,14101,Tonalá,INTENCION_PARTIDO,Total de entrevistados,,PT,3.3,600,4.3,Massive Caller,65,PONDERADO,Serie histórica sin etiqueta numérica en la fuente
2026-08-12,Jalisco,14101,Tonalá,INTENCION_PARTIDO,Total de entrevistados,,PT,3.6,600,4.3,Massive Caller,65,LITERAL,
2025-08-12,Jalisco,14101,Tonalá,INTENCION_PARTIDO,Total de entrevistados,,PVEM,1.6,600,4.3,Massive Caller,65,PONDERADO,Serie histórica sin etiqueta numérica en la fuente
2025-09-12,Jalisco,14101,Tonalá,INTENCION_PARTIDO,Total de entrevistados,,PVEM,2.0,600,4.3,Massive Caller,65,PONDERADO,Serie histórica sin etiqueta numérica en la fuente
2025-10-12,Jalisco,14101,Tonalá,INTENCION_PARTIDO,Total de entrevistados,,PVEM,2.3,600,4.3,Massive Caller,65,PONDERADO,Serie histórica sin etiqueta numérica en la fuente
2025-11-12,Jalisco,14101,Tonalá,INTENCION_PARTIDO,Total de entrevistados,,PVEM,1.7,600,4.3,Massive Caller,65,PONDERADO,Serie histórica sin etiqueta numérica en la fuente
2025-12-12,Jalisco,14101,Tonalá,INTENCION_PARTIDO,Total de entrevistados,,PVEM,4.1,600,4.3,Massive Caller,65,PONDERADO,Serie histórica sin etiqueta numérica en la fuente
2026-01-12,Jalisco,14101,Tonalá,INTENCION_PARTIDO,Total de entrevistados,,PVEM,3.0,600,4.3,Massive Caller,65,PONDERADO,Serie histórica sin etiqueta numérica en la fuente
2026-02-12,Jalisco,14101,Tonalá,INTENCION_PARTIDO,Total de entrevistados,,PVEM,2.3,600,4.3,Massive Caller,65,PONDERADO,Serie histórica sin etiqueta numérica en la fuente
2026-03-12,Jalisco,14101,Tonalá,INTENCION_PARTIDO,Total de entrevistados,,PVEM,1.7,600,4.3,Massive Caller,65,PONDERADO,Serie histórica sin etiqueta numérica en la fuente
2026-04-12,Jalisco,14101,Tonalá,INTENCION_PARTIDO,Total de entrevistados,,PVEM,2.3,600,4.3,Massive Caller,65,PONDERADO,Serie histórica sin etiqueta numérica en la fuente
2026-05-12,Jalisco,14101,Tonalá,INTENCION_PARTIDO,Total de entrevistados,,PVEM,1.1,600,4.3,Massive Caller,65,PONDERADO,Serie histórica sin etiqueta numérica en la fuente
2026-06-12,Jalisco,14101,Tonalá,INTENCION_PARTIDO,Total de entrevistados,,PVEM,1.7,600,4.3,Massive Caller,65,PONDERADO,Serie histórica sin etiqueta numérica en la fuente
2026-07-12,Jalisco,14101,Tonalá,INTENCION_PARTIDO,Total de entrevistados,,PVEM,1.4,600,4.3,Massive Caller,65,PONDERADO,Serie histórica sin etiqueta numérica en la fuente
2026-08-12,Jalisco,14101,Tonalá,INTENCION_PARTIDO,Total de entrevistados,,PVEM,2.3,600,4.3,Massive Caller,65,LITERAL,
2026-02-12,Jalisco,14101,Tonalá,PRECANDIDATO,Condicional: declarantes del partido,PAN,OTRO,39.7,600,4.3,Massive Caller,67,PONDERADO,Serie histórica sin etiqueta numérica en la fuente
2026-03-12,Jalisco,14101,Tonalá,PRECANDIDATO,Condicional: declarantes del partido,PAN,OTRO,40.2,600,4.3,Massive Caller,67,PONDERADO,Serie histórica sin etiqueta numérica en la fuente
2026-04-12,Jalisco,14101,Tonalá,PRECANDIDATO,Condicional: declarantes del partido,PAN,OTRO,39.1,600,4.3,Massive Caller,67,PONDERADO,Serie histórica sin etiqueta numérica en la fuente
2026-05-12,Jalisco,14101,Tonalá,PRECANDIDATO,Condicional: declarantes del partido,PAN,OTRO,37.8,600,4.3,Massive Caller,67,PONDERADO,Serie histórica sin etiqueta numérica en la fuente
2026-06-12,Jalisco,14101,Tonalá,PRECANDIDATO,Condicional: declarantes del partido,PAN,OTRO,40.3,600,4.3,Massive Caller,67,PONDERADO,Serie histórica sin etiqueta numérica en la fuente
2026-07-12,Jalisco,14101,Tonalá,PRECANDIDATO,Condicional: declarantes del partido,PAN,OTRO,38.6,600,4.3,Massive Caller,67,PONDERADO,Serie histórica sin etiqueta numérica en la fuente
2026-08-12,Jalisco,14101,Tonalá,PRECANDIDATO,Condicional: declarantes del partido,PAN,OTRO,36.3,600,4.3,Massive Caller,67,LITERAL,
2026-02-12,Jalisco,14101,Tonalá,PRECANDIDATO,Condicional: declarantes del partido,PAN,ROCÍO ACOSTA,27.6,600,4.3,Massive Caller,67,PONDERADO,Serie histórica sin etiqueta numérica en la fuente
2026-03-12,Jalisco,14101,Tonalá,PRECANDIDATO,Condicional: declarantes del partido,PAN,ROCÍO ACOSTA,28.7,600,4.3,Massive Caller,67,PONDERADO,Serie histórica sin etiqueta numérica en la fuente
2026-04-12,Jalisco,14101,Tonalá,PRECANDIDATO,Condicional: declarantes del partido,PAN,ROCÍO ACOSTA,31.1,600,4.3,Massive Caller,67,PONDERADO,Serie histórica sin etiqueta numérica en la fuente
2026-05-12,Jalisco,14101,Tonalá,PRECANDIDATO,Condicional: declarantes del partido,PAN,ROCÍO ACOSTA,29.6,600,4.3,Massive Caller,67,PONDERADO,Serie histórica sin etiqueta numérica en la fuente
2026-06-12,Jalisco,14101,Tonalá,PRECANDIDATO,Condicional: declarantes del partido,PAN,ROCÍO ACOSTA,28.6,600,4.3,Massive Caller,67,PONDERADO,Serie histórica sin etiqueta numérica en la fuente
2026-07-12,Jalisco,14101,Tonalá,PRECANDIDATO,Condicional: declarantes del partido,PAN,ROCÍO ACOSTA,31.1,600,4.3,Massive Caller,67,PONDERADO,Serie histórica sin etiqueta numérica en la fuente
2026-08-12,Jalisco,14101,Tonalá,PRECANDIDATO,Condicional: declarantes del partido,PAN,ROCÍO ACOSTA,33.9,600,4.3,Massive Caller,67,LITERAL,
2026-02-12,Jalisco,14101,Tonalá,PRECANDIDATO,Condicional: declarantes del partido,PAN,AÚN NO DECIDE,32.7,600,4.3,Massive Caller,67,PONDERADO,Serie histórica sin etiqueta numérica en la fuente
2026-03-12,Jalisco,14101,Tonalá,PRECANDIDATO,Condicional: declarantes del partido,PAN,AÚN NO DECIDE,31.1,600,4.3,Massive Caller,67,PONDERADO,Serie histórica sin etiqueta numérica en la fuente
2026-04-12,Jalisco,14101,Tonalá,PRECANDIDATO,Condicional: declarantes del partido,PAN,AÚN NO DECIDE,29.8,600,4.3,Massive Caller,67,PONDERADO,Serie histórica sin etiqueta numérica en la fuente
2026-05-12,Jalisco,14101,Tonalá,PRECANDIDATO,Condicional: declarantes del partido,PAN,AÚN NO DECIDE,32.6,600,4.3,Massive Caller,67,PONDERADO,Serie histórica sin etiqueta numérica en la fuente
2026-06-12,Jalisco,14101,Tonalá,PRECANDIDATO,Condicional: declarantes del partido,PAN,AÚN NO DECIDE,31.1,600,4.3,Massive Caller,67,PONDERADO,Serie histórica sin etiqueta numérica en la fuente
2026-07-12,Jalisco,14101,Tonalá,PRECANDIDATO,Condicional: declarantes del partido,PAN,AÚN NO DECIDE,30.3,600,4.3,Massive Caller,67,PONDERADO,Serie histórica sin etiqueta numérica en la fuente
2026-08-12,Jalisco,14101,Tonalá,PRECANDIDATO,Condicional: declarantes del partido,PAN,AÚN NO DECIDE,29.8,600,4.3,Massive Caller,67,LITERAL,
2026-02-12,Jalisco,14101,Tonalá,PRECANDIDATO,Condicional: declarantes del partido,MORENA,OTRO,31.6,600,4.3,Massive Caller,69,PONDERADO,Serie histórica sin etiqueta numérica en la fuente
2026-03-12,Jalisco,14101,Tonalá,PRECANDIDATO,Condicional: declarantes del partido,MORENA,OTRO,29.6,600,4.3,Massive Caller,69,PONDERADO,Serie histórica sin etiqueta numérica en la fuente
2026-04-12,Jalisco,14101,Tonalá,PRECANDIDATO,Condicional: declarantes del partido,MORENA,OTRO,30.4,600,4.3,Massive Caller,69,PONDERADO,Serie histórica sin etiqueta numérica en la fuente
2026-05-12,Jalisco,14101,Tonalá,PRECANDIDATO,Condicional: declarantes del partido,MORENA,OTRO,26.1,600,4.3,Massive Caller,69,PONDERADO,Serie histórica sin etiqueta numérica en la fuente
2026-06-12,Jalisco,14101,Tonalá,PRECANDIDATO,Condicional: declarantes del partido,MORENA,OTRO,17.3,600,4.3,Massive Caller,69,PONDERADO,Serie histórica sin etiqueta numérica en la fuente
2026-07-12,Jalisco,14101,Tonalá,PRECANDIDATO,Condicional: declarantes del partido,MORENA,OTRO,23.3,600,4.3,Massive Caller,69,PONDERADO,Serie histórica sin etiqueta numérica en la fuente
2026-08-12,Jalisco,14101,Tonalá,PRECANDIDATO,Condicional: declarantes del partido,MORENA,OTRO,20.6,600,4.3,Massive Caller,69,LITERAL,
2026-02-12,Jalisco,14101,Tonalá,PRECANDIDATO,Condicional: declarantes del partido,MORENA,LAURA PLASCENCIA PACHECO,18.5,600,4.3,Massive Caller,69,PONDERADO,Serie superpuesta con otra del mismo color en esta ola
2026-03-12,Jalisco,14101,Tonalá,PRECANDIDATO,Condicional: declarantes del partido,MORENA,LAURA PLASCENCIA PACHECO,21.1,600,4.3,Massive Caller,69,PONDERADO,Serie histórica sin etiqueta numérica en la fuente
2026-04-12,Jalisco,14101,Tonalá,PRECANDIDATO,Condicional: declarantes del partido,MORENA,LAURA PLASCENCIA PACHECO,19.2,600,4.3,Massive Caller,69,PONDERADO,Serie superpuesta con otra del mismo color en esta ola
2026-05-12,Jalisco,14101,Tonalá,PRECANDIDATO,Condicional: declarantes del partido,MORENA,LAURA PLASCENCIA PACHECO,24.5,600,4.3,Massive Caller,69,PONDERADO,Serie histórica sin etiqueta numérica en la fuente
2026-06-12,Jalisco,14101,Tonalá,PRECANDIDATO,Condicional: declarantes del partido,MORENA,LAURA PLASCENCIA PACHECO,26.4,600,4.3,Massive Caller,69,PONDERADO,Serie histórica sin etiqueta numérica en la fuente
2026-07-12,Jalisco,14101,Tonalá,PRECANDIDATO,Condicional: declarantes del partido,MORENA,LAURA PLASCENCIA PACHECO,19.3,600,4.3,Massive Caller,69,PONDERADO,Serie superpuesta con otra del mismo color en esta ola
2026-08-12,Jalisco,14101,Tonalá,PRECANDIDATO,Condicional: declarantes del partido,MORENA,LAURA PLASCENCIA PACHECO,20.1,600,4.3,Massive Caller,69,LITERAL,
2026-02-12,Jalisco,14101,Tonalá,PRECANDIDATO,Condicional: declarantes del partido,MORENA,LILIANA OLÉA FRÍAS,18.5,600,4.3,Massive Caller,69,PONDERADO,Serie superpuesta con otra del mismo color en esta ola
2026-03-12,Jalisco,14101,Tonalá,PRECANDIDATO,Condicional: declarantes del partido,MORENA,LILIANA OLÉA FRÍAS,21.1,600,4.3,Massive Caller,69,PONDERADO,Serie superpuesta con otra del mismo color en esta ola
2026-04-12,Jalisco,14101,Tonalá,PRECANDIDATO,Condicional: declarantes del partido,MORENA,LILIANA OLÉA FRÍAS,19.2,600,4.3,Massive Caller,69,PONDERADO,Serie histórica sin etiqueta numérica en la fuente
2026-05-12,Jalisco,14101,Tonalá,PRECANDIDATO,Condicional: declarantes del partido,MORENA,LILIANA OLÉA FRÍAS,16.5,600,4.3,Massive Caller,69,PONDERADO,Serie histórica sin etiqueta numérica en la fuente
2026-06-12,Jalisco,14101,Tonalá,PRECANDIDATO,Condicional: declarantes del partido,MORENA,LILIANA OLÉA FRÍAS,15.7,600,4.3,Massive Caller,69,PONDERADO,Serie superpuesta con otra del mismo color en esta ola
2026-07-12,Jalisco,14101,Tonalá,PRECANDIDATO,Condicional: declarantes del partido,MORENA,LILIANA OLÉA FRÍAS,19.3,600,4.3,Massive Caller,69,PONDERADO,Serie histórica sin etiqueta numérica en la fuente
2026-08-12,Jalisco,14101,Tonalá,PRECANDIDATO,Condicional: declarantes del partido,MORENA,LILIANA OLÉA FRÍAS,19.2,600,4.3,Massive Caller,69,LITERAL,
2026-02-12,Jalisco,14101,Tonalá,PRECANDIDATO,Condicional: declarantes del partido,MORENA,EDGAR OSWALDO BAÑALES OROZCO,18.5,600,4.3,Massive Caller,69,PONDERADO,Serie histórica sin etiqueta numérica en la fuente
2026-03-12,Jalisco,14101,Tonalá,PRECANDIDATO,Condicional: declarantes del partido,MORENA,EDGAR OSWALDO BAÑALES OROZCO,16.8,600,4.3,Massive Caller,69,PONDERADO,Serie histórica sin etiqueta numérica en la fuente
2026-04-12,Jalisco,14101,Tonalá,PRECANDIDATO,Condicional: declarantes del partido,MORENA,EDGAR OSWALDO BAÑALES OROZCO,15.2,600,4.3,Massive Caller,69,PONDERADO,Serie histórica sin etiqueta numérica en la fuente
2026-05-12,Jalisco,14101,Tonalá,PRECANDIDATO,Condicional: declarantes del partido,MORENA,EDGAR OSWALDO BAÑALES OROZCO,16.5,600,4.3,Massive Caller,69,PONDERADO,Serie superpuesta con otra del mismo color en esta ola
2026-06-12,Jalisco,14101,Tonalá,PRECANDIDATO,Condicional: declarantes del partido,MORENA,EDGAR OSWALDO BAÑALES OROZCO,15.7,600,4.3,Massive Caller,69,PONDERADO,Serie histórica sin etiqueta numérica en la fuente
2026-07-12,Jalisco,14101,Tonalá,PRECANDIDATO,Condicional: declarantes del partido,MORENA,EDGAR OSWALDO BAÑALES OROZCO,16.3,600,4.3,Massive Caller,69,PONDERADO,Serie histórica sin etiqueta numérica en la fuente
2026-08-12,Jalisco,14101,Tonalá,PRECANDIDATO,Condicional: declarantes del partido,MORENA,EDGAR OSWALDO BAÑALES OROZCO,15.4,600,4.3,Massive Caller,69,LITERAL,
2026-02-12,Jalisco,14101,Tonalá,PRECANDIDATO,Condicional: declarantes del partido,MORENA,MARTHA ESTELA ARIZMENDI FOMBONA,15.2,600,4.3,Massive Caller,69,PONDERADO,Serie histórica sin etiqueta numérica en la fuente
2026-03-12,Jalisco,14101,Tonalá,PRECANDIDATO,Condicional: declarantes del partido,MORENA,MARTHA ESTELA ARIZMENDI FOMBONA,16.8,600,4.3,Massive Caller,69,PONDERADO,Serie superpuesta con otra del mismo color en esta ola
2026-04-12,Jalisco,14101,Tonalá,PRECANDIDATO,Condicional: declarantes del partido,MORENA,MARTHA ESTELA ARIZMENDI FOMBONA,15.2,600,4.3,Massive Caller,69,PONDERADO,Serie superpuesta con otra del mismo color en esta ola
2026-05-12,Jalisco,14101,Tonalá,PRECANDIDATO,Condicional: declarantes del partido,MORENA,MARTHA ESTELA ARIZMENDI FOMBONA,12.2,600,4.3,Massive Caller,69,PONDERADO,Serie histórica sin etiqueta numérica en la fuente
2026-06-12,Jalisco,14101,Tonalá,PRECANDIDATO,Condicional: declarantes del partido,MORENA,MARTHA ESTELA ARIZMENDI FOMBONA,13.9,600,4.3,Massive Caller,69,PONDERADO,Serie histórica sin etiqueta numérica en la fuente
2026-07-12,Jalisco,14101,Tonalá,PRECANDIDATO,Condicional: declarantes del partido,MORENA,MARTHA ESTELA ARIZMENDI FOMBONA,12.4,600,4.3,Massive Caller,69,PONDERADO,Serie histórica sin etiqueta numérica en la fuente
2026-08-12,Jalisco,14101,Tonalá,PRECANDIDATO,Condicional: declarantes del partido,MORENA,MARTHA ESTELA ARIZMENDI FOMBONA,13.5,600,4.3,Massive Caller,69,LITERAL,
2026-02-12,Jalisco,14101,Tonalá,PRECANDIDATO,Condicional: declarantes del partido,MORENA,AÚN NO DECIDE,,600,4.3,Massive Caller,69,AUSENTE,Marcador ocluido; no resuelto automáticamente
2026-03-12,Jalisco,14101,Tonalá,PRECANDIDATO,Condicional: declarantes del partido,MORENA,AÚN NO DECIDE,,600,4.3,Massive Caller,69,AUSENTE,Marcador ocluido; no resuelto automáticamente
2026-04-12,Jalisco,14101,Tonalá,PRECANDIDATO,Condicional: declarantes del partido,MORENA,AÚN NO DECIDE,,600,4.3,Massive Caller,69,AUSENTE,Marcador ocluido; no resuelto automáticamente
2026-05-12,Jalisco,14101,Tonalá,PRECANDIDATO,Condicional: declarantes del partido,MORENA,AÚN NO DECIDE,20.8,600,4.3,Massive Caller,69,PONDERADO,Serie histórica sin etiqueta numérica en la fuente
2026-06-12,Jalisco,14101,Tonalá,PRECANDIDATO,Condicional: declarantes del partido,MORENA,AÚN NO DECIDE,13.4,600,4.3,Massive Caller,69,PONDERADO,Serie histórica sin etiqueta numérica en la fuente
2026-07-12,Jalisco,14101,Tonalá,PRECANDIDATO,Condicional: declarantes del partido,MORENA,AÚN NO DECIDE,14.3,600,4.3,Massive Caller,69,PONDERADO,Serie histórica sin etiqueta numérica en la fuente
2026-08-12,Jalisco,14101,Tonalá,PRECANDIDATO,Condicional: declarantes del partido,MORENA,AÚN NO DECIDE,11.1,600,4.3,Massive Caller,69,LITERAL,
2026-02-12,Jalisco,14101,Tonalá,PRECANDIDATO,Condicional: declarantes del partido,MC,OTRO,42.9,600,4.3,Massive Caller,71,PONDERADO,Serie histórica sin etiqueta numérica en la fuente
2026-03-12,Jalisco,14101,Tonalá,PRECANDIDATO,Condicional: declarantes del partido,MC,OTRO,45.3,600,4.3,Massive Caller,71,PONDERADO,Serie histórica sin etiqueta numérica en la fuente
2026-04-12,Jalisco,14101,Tonalá,PRECANDIDATO,Condicional: declarantes del partido,MC,OTRO,43.8,600,4.3,Massive Caller,71,PONDERADO,Serie histórica sin etiqueta numérica en la fuente
2026-05-12,Jalisco,14101,Tonalá,PRECANDIDATO,Condicional: declarantes del partido,MC,OTRO,42.4,600,4.3,Massive Caller,71,PONDERADO,Serie histórica sin etiqueta numérica en la fuente
2026-06-12,Jalisco,14101,Tonalá,PRECANDIDATO,Condicional: declarantes del partido,MC,OTRO,39.3,600,4.3,Massive Caller,71,PONDERADO,Serie histórica sin etiqueta numérica en la fuente
2026-07-12,Jalisco,14101,Tonalá,PRECANDIDATO,Condicional: declarantes del partido,MC,OTRO,37.5,600,4.3,Massive Caller,71,PONDERADO,Serie histórica sin etiqueta numérica en la fuente
2026-08-12,Jalisco,14101,Tonalá,PRECANDIDATO,Condicional: declarantes del partido,MC,OTRO,38.3,600,4.3,Massive Caller,71,LITERAL,
2026-02-12,Jalisco,14101,Tonalá,PRECANDIDATO,Condicional: declarantes del partido,MC,JORGE VIZCARRA MAYORGA,22.6,600,4.3,Massive Caller,71,PONDERADO,Serie histórica sin etiqueta numérica en la fuente
2026-03-12,Jalisco,14101,Tonalá,PRECANDIDATO,Condicional: declarantes del partido,MC,JORGE VIZCARRA MAYORGA,19.8,600,4.3,Massive Caller,71,PONDERADO,Serie histórica sin etiqueta numérica en la fuente
2026-04-12,Jalisco,14101,Tonalá,PRECANDIDATO,Condicional: declarantes del partido,MC,JORGE VIZCARRA MAYORGA,21.1,600,4.3,Massive Caller,71,PONDERADO,Serie histórica sin etiqueta numérica en la fuente
2026-05-12,Jalisco,14101,Tonalá,PRECANDIDATO,Condicional: declarantes del partido,MC,JORGE VIZCARRA MAYORGA,22.6,600,4.3,Massive Caller,71,PONDERADO,Serie histórica sin etiqueta numérica en la fuente
2026-06-12,Jalisco,14101,Tonalá,PRECANDIDATO,Condicional: declarantes del partido,MC,JORGE VIZCARRA MAYORGA,25.8,600,4.3,Massive Caller,71,PONDERADO,Serie histórica sin etiqueta numérica en la fuente
2026-07-12,Jalisco,14101,Tonalá,PRECANDIDATO,Condicional: declarantes del partido,MC,JORGE VIZCARRA MAYORGA,28.1,600,4.3,Massive Caller,71,PONDERADO,Serie histórica sin etiqueta numérica en la fuente
2026-08-12,Jalisco,14101,Tonalá,PRECANDIDATO,Condicional: declarantes del partido,MC,JORGE VIZCARRA MAYORGA,31.3,600,4.3,Massive Caller,71,LITERAL,
2026-02-12,Jalisco,14101,Tonalá,PRECANDIDATO,Condicional: declarantes del partido,MC,AÚN NO DECIDE,27.4,600,4.3,Massive Caller,71,PONDERADO,Serie histórica sin etiqueta numérica en la fuente
2026-03-12,Jalisco,14101,Tonalá,PRECANDIDATO,Condicional: declarantes del partido,MC,AÚN NO DECIDE,29.1,600,4.3,Massive Caller,71,PONDERADO,Serie histórica sin etiqueta numérica en la fuente
2026-04-12,Jalisco,14101,Tonalá,PRECANDIDATO,Condicional: declarantes del partido,MC,AÚN NO DECIDE,28.4,600,4.3,Massive Caller,71,PONDERADO,Serie histórica sin etiqueta numérica en la fuente
2026-05-12,Jalisco,14101,Tonalá,PRECANDIDATO,Condicional: declarantes del partido,MC,AÚN NO DECIDE,30.4,600,4.3,Massive Caller,71,PONDERADO,Serie histórica sin etiqueta numérica en la fuente
2026-06-12,Jalisco,14101,Tonalá,PRECANDIDATO,Condicional: declarantes del partido,MC,AÚN NO DECIDE,28.8,600,4.3,Massive Caller,71,PONDERADO,Serie histórica sin etiqueta numérica en la fuente
2026-07-12,Jalisco,14101,Tonalá,PRECANDIDATO,Condicional: declarantes del partido,MC,AÚN NO DECIDE,27.1,600,4.3,Massive Caller,71,PONDERADO,Serie histórica sin etiqueta numérica en la fuente
2026-08-12,Jalisco,14101,Tonalá,PRECANDIDATO,Condicional: declarantes del partido,MC,AÚN NO DECIDE,24.2,600,4.3,Massive Caller,71,LITERAL,
2026-02-12,Jalisco,14101,Tonalá,PRECANDIDATO,Condicional: declarantes del partido,MC,"MARY ""CHUY"" REYNOSO TOSTADO",7.1,600,4.3,Massive Caller,71,PONDERADO,Serie histórica sin etiqueta numérica en la fuente
2026-03-12,Jalisco,14101,Tonalá,PRECANDIDATO,Condicional: declarantes del partido,MC,"MARY ""CHUY"" REYNOSO TOSTADO",5.8,600,4.3,Massive Caller,71,PONDERADO,Serie histórica sin etiqueta numérica en la fuente
2026-04-12,Jalisco,14101,Tonalá,PRECANDIDATO,Condicional: declarantes del partido,MC,"MARY ""CHUY"" REYNOSO TOSTADO",6.7,600,4.3,Massive Caller,71,PONDERADO,Serie histórica sin etiqueta numérica en la fuente
2026-05-12,Jalisco,14101,Tonalá,PRECANDIDATO,Condicional: declarantes del partido,MC,"MARY ""CHUY"" REYNOSO TOSTADO",4.5,600,4.3,Massive Caller,71,PONDERADO,Serie histórica sin etiqueta numérica en la fuente
2026-06-12,Jalisco,14101,Tonalá,PRECANDIDATO,Condicional: declarantes del partido,MC,"MARY ""CHUY"" REYNOSO TOSTADO",6.1,600,4.3,Massive Caller,71,PONDERADO,Serie histórica sin etiqueta numérica en la fuente
2026-07-12,Jalisco,14101,Tonalá,PRECANDIDATO,Condicional: declarantes del partido,MC,"MARY ""CHUY"" REYNOSO TOSTADO",7.2,600,4.3,Massive Caller,71,PONDERADO,Serie histórica sin etiqueta numérica en la fuente
2026-08-12,Jalisco,14101,Tonalá,PRECANDIDATO,Condicional: declarantes del partido,MC,"MARY ""CHUY"" REYNOSO TOSTADO",6.3,600,4.3,Massive Caller,71,LITERAL,
